3,50,224.2,11,12,106,56.5,T
1,18,298.2,16,2,138,81.3,N
8,91,583.9,8,1,109,92.7,D
4,232,233.9,29,4,272,64.1,N
1,56,115.8,17,4,287,61.7,T
3,173,33.7,9,9,108,81.8,T
6,84,363.3,24,4,138,94.3,T
8,27,142.1,3,12,165,88.6,D
4,79,448.5,16,2,278,82.5,D
8,140,440.5,22,5,178,85.3,N
9,235,304.2,22,6,265,65.7,N
9,49,345.7,28,7,221,95.4,D
1,80,597.9,23,11,138,38.1,T
2,151,47.4,12,10,66,81.0,T
3,12,506.0,2,1,148,23.4,T
4,224,150.8,7,4,340,69.9,D
4,135,188.6,14,1,311,20.2,N
7,222,220.0,2,7,101,55.3,D
5,229,213.4,25,9,356,49.7,N
8,79,355.7,26,12,117,48.0,N
5,185,424.1,18,10,145,20.2,D
1,148,380.0,13,11,251,60.0,T
9,50,329.9,26,7,241,25.5,D
8,61,542.0,24,7,289,23.7,D
3,148,346.3,5,8,152,92.2,T
5,45,537.8,8,4,243,84.1,N
3,97,472.5,10,6,355,94.3,N
2,137,345.2,18,12,74,36.7,N
8,118,181.8,23,3,240,38.6,D
3,27,58.3,6,12,248,79.3,T
3,250,557.6,9,7,342,76.1,T
5,229,226.0,9,1,349,59.5,N
1,240,443.7,1,8,281,24.8,N
4,243,12.2,20,6,110,39.4,N
9,123,221.1,26,4,317,32.7,D
1,187,458.7,31,3,241,92.6,N
6,62,290.2,19,6,198,69.0,T
6,180,393.9,8,7,261,85.2,D
2,162,326.1,14,7,188,96.5,D
9,219,483.6,4,6,359,92.1,N
9,125,32.9,18,12,262,67.5,N
8,26,61.5,20,10,228,42.9,D
2,146,175.0,27,7,87,72.8,T
3,198,571.7,17,7,186,33.2,T
5,178,320.6,21,12,200,51.8,T
9,77,126.0,14,2,321,50.4,T
8,28,303.7,20,4,137,50.6,N
5,142,314.3,11,12,91,36.5,T
1,55,426.4,7,4,343,59.5,N
4,147,142.7,14,4,324,60.4,N
7,119,598.3,1,8,171,60.4,T
4,174,577.4,24,8,236,76.8,T
2,18,420.2,27,4,127,39.8,T
5,221,384.5,19,10,122,76.3,D
8,171,229.1,13,3,335,40.1,N
6,114,193.8,6,2,332,55.9,T
7,31,414.9,31,10,235,32.1,D
1,188,560.3,24,2,178,98.4,N
6,230,360.8,20,10,208,97.0,N
4,22,551.2,16,4,133,70.0,D
5,237,242.1,26,11,86,61.5,N
4,83,563.7,28,8,159,69.6,D
8,245,336.7,7,6,286,82.8,N
8,49,499.8,2,9,128,98.9,T
1,198,261.9,24,4,76,76.5,T
8,33,170.9,2,8,95,88.1,D
1,230,215.6,7,4,300,24.8,N
4,182,356.6,9,2,114,89.6,N
8,169,274.9,1,3,228,83.9,T
6,160,505.7,3,10,90,43.6,N
2,150,386.7,26,7,142,82.2,T
9,129,349.5,18,1,291,78.1,T
4,230,83.7,25,10,158,62.2,N
4,249,203.6,28,9,263,21.8,N
4,145,314.3,20,11,114,36.6,D
3,232,187.6,6,3,171,91.7,D
4,222,229.1,15,12,126,37.5,D
2,61,29.3,22,8,109,89.8,T
4,69,278.5,22,2,328,78.5,N
6,13,594.0,28,4,90,41.2,N
6,178,223.5,16,6,318,91.3,N
7,104,566.4,19,3,323,63.2,N
4,233,592.1,15,10,131,39.2,T
2,175,163.3,3,11,144,54.5,N
7,119,419.9,31,12,307,81.1,D
1,174,507.3,12,4,122,51.8,N
5,73,27.0,27,1,342,87.2,D
2,71,223.8,5,8,268,65.8,T
4,96,201.0,14,10,101,35.8,N
7,250,209.1,23,7,355,52.8,D
5,224,408.0,31,7,157,85.4,T
6,179,252.0,4,7,307,35.2,D
4,119,451.1,22,10,118,42.3,T
1,234,586.6,10,12,255,37.4,D
5,70,32.4,14,6,72,77.1,T
8,88,302.4,7,10,216,41.5,N
4,222,220.0,28,3,281,80.0,N
8,147,262.5,28,5,161,97.7,N
4,124,360.5,16,6,175,29.7,T
1,168,597.6,28,12,255,95.5,N
1,61,462.1,2,9,213,37.5,N
1,14,514.7,25,4,237,63.5,D
8,55,205.1,24,2,305,47.2,D
5,130,133.7,8,5,227,49.5,N
6,26,221.6,7,7,351,87.0,D
8,40,268.8,6,9,116,54.0,N
8,19,34.3,7,7,208,20.6,D
7,215,285.6,4,3,220,60.0,N
8,91,463.0,6,9,108,58.1,T
6,136,375.3,14,2,322,88.9,T
6,168,412.6,11,10,231,49.9,D
9,13,526.2,30,1,337,53.7,N
2,72,256.7,22,1,187,85.1,T
3,35,201.6,8,2,70,41.7,T
3,236,55.5,15,3,255,59.0,N
8,81,202.9,29,4,180,90.6,N
1,146,271.5,16,6,352,52.3,N
4,149,333.4,5,3,313,39.9,N
5,64,131.8,30,9,297,78.7,D
7,130,507.7,9,5,319,84.6,T
6,147,49.6,13,4,328,54.0,D
5,85,479.1,26,11,158,88.0,D
9,78,581.2,27,5,136,51.5,N
2,203,26.5,2,3,220,34.2,T
6,169,547.2,12,5,79,85.5,D
1,163,419.7,8,4,226,75.1,T
7,184,375.7,5,2,89,57.8,D
1,24,227.8,19,9,143,82.3,N
7,224,428.9,23,7,124,87.7,D
2,164,158.1,8,7,244,75.2,N
4,95,88.4,29,3,144,92.4,N
6,221,481.3,22,11,267,86.0,D
4,91,235.4,5,6,311,25.5,D
2,104,410.4,28,9,357,47.2,T
2,140,558.6,21,9,189,91.6,D
6,124,510.2,17,12,253,97.0,D
6,235,411.5,19,2,296,66.7,N
6,138,572.6,25,4,353,43.5,T
9,110,75.9,15,9,335,48.9,N
6,202,282.4,24,10,212,42.5,T
7,116,35.0,20,2,125,51.7,T
9,166,198.8,10,5,287,51.3,D
9,109,383.4,26,9,161,85.4,T
7,202,281.3,24,8,65,21.7,T
9,232,562.4,15,4,188,44.5,T
7,96,28.3,9,10,322,41.7,D
5,106,243.2,26,6,307,52.1,D
9,71,384.0,17,10,60,44.7,N
6,60,195.9,22,6,135,28.1,T
3,74,48.1,14,6,342,46.4,T
6,63,222.5,3,9,144,52.9,T
8,119,520.0,7,11,281,40.0,N
3,137,451.4,14,12,67,26.2,N
5,48,271.4,18,9,285,73.4,T
8,105,320.2,17,1,152,42.2,N
3,13,55.1,5,12,227,31.9,T
5,225,449.7,1,7,329,73.0,T
5,155,67.9,7,3,317,70.6,T
5,242,443.6,24,4,65,57.4,T
4,237,471.7,15,4,341,81.2,D
6,15,80.8,30,10,173,62.0,D
6,132,289.1,22,1,270,91.7,D
5,144,140.6,6,5,297,68.7,N
1,120,476.0,23,2,67,32.3,T
3,242,357.0,1,2,289,44.1,D
4,37,179.2,20,6,167,61.5,N
4,70,239.1,8,2,228,31.5,D
3,237,580.0,25,4,142,68.6,N
1,130,497.5,13,12,70,23.1,N
3,78,93.6,29,10,222,47.9,T
5,51,58.7,21,9,260,83.4,T
6,49,423.0,3,1,132,60.0,N
3,87,155.2,4,8,282,26.5,D
7,16,406.4,11,1,331,91.2,N
3,239,214.8,24,8,109,44.2,D
5,180,176.3,11,6,322,64.1,T
6,92,586.0,16,6,63,78.9,N
7,198,442.8,21,8,175,28.0,N
9,79,508.0,21,11,239,25.4,T
1,147,416.3,18,7,73,71.7,D
8,231,33.0,8,9,91,87.4,T
6,62,469.2,25,2,220,72.0,T
1,16,566.4,20,7,340,77.4,N
1,24,363.2,20,11,340,96.3,D
8,212,338.1,13,7,258,63.5,N
7,111,229.1,15,8,221,35.1,N
3,217,65.8,18,1,266,24.6,D
1,74,244.5,16,2,231,57.1,T
5,121,530.9,7,7,134,68.3,T
8,10,94.4,5,9,353,71.7,D
2,51,563.2,18,3,69,34.2,T
5,174,563.1,26,2,135,78.4,T
1,170,119.4,14,6,283,96.3,T
6,206,504.0,18,11,97,29.6,D
3,82,180.7,1,12,260,77.7,D
3,62,495.4,1,7,148,37.8,D
8,125,330.4,19,8,105,22.7,D
7,85,348.3,4,8,187,85.7,D
5,180,163.7,21,4,170,74.0,T
5,18,175.9,7,1,327,29.9,N
5,114,28.2,7,7,104,98.9,N
9,183,232.8,25,2,302,58.9,D
6,54,488.2,25,9,164,30.9,D
8,247,220.4,11,6,208,54.8,N
8,189,224.5,10,7,307,73.6,D
8,178,465.3,19,7,118,95.0,T
7,62,526.2,13,8,190,99.8,N
7,100,206.5,13,2,63,45.2,D
8,227,37.1,18,8,112,32.5,D
5,27,394.3,10,11,183,95.8,N
5,185,443.5,17,2,96,53.7,N
9,141,353.0,23,1,84,84.3,D
6,147,134.0,19,4,205,85.9,T
9,226,512.8,18,2,180,65.1,T
4,119,354.5,7,2,142,90.3,D
6,101,144.9,17,12,214,48.4,N
2,120,230.5,5,5,283,28.3,D
8,89,112.2,7,3,156,74.0,T
3,142,77.8,13,3,136,50.7,T
8,141,162.6,15,12,232,44.4,D
1,15,215.3,30,7,336,96.8,T
4,238,18.1,24,5,222,36.6,N
4,93,529.1,30,10,131,45.9,N
6,40,143.6,13,4,347,97.8,T
1,193,157.5,20,10,103,39.1,N
4,189,505.1,27,3,309,90.0,N
8,81,348.3,19,7,301,25.4,T
4,217,574.3,12,1,186,82.7,D
3,31,337.7,24,2,258,27.5,N
2,177,337.0,22,1,61,94.2,D
3,137,162.2,6,6,325,46.2,T
5,178,21.5,15,7,275,50.3,D
8,221,555.2,19,6,96,35.2,N
3,230,115.0,1,2,204,47.0,N
6,169,40.1,11,12,332,59.9,D
9,184,327.1,7,6,310,44.9,D
2,175,512.3,8,11,178,48.7,D
2,200,132.3,17,10,114,45.8,D
7,81,274.5,28,4,69,45.0,D
7,49,79.9,14,12,341,22.8,N
8,132,315.4,22,5,158,68.6,T
4,227,521.7,20,12,202,66.3,T
3,228,371.3,8,2,147,97.3,N
3,210,461.2,4,10,212,79.9,N
8,15,99.1,11,5,264,69.0,T
3,201,423.2,22,11,102,97.2,N
8,23,328.9,3,1,255,48.1,T
3,20,437.1,10,5,321,75.7,N
2,134,418.4,29,11,114,75.9,T
5,228,211.1,16,8,176,49.9,T
6,73,148.5,8,8,198,52.9,N
9,98,529.1,16,1,323,95.2,D
4,170,91.0,1,9,124,49.1,T
7,163,308.4,20,3,304,75.3,D
3,179,331.8,14,7,204,33.7,D
6,154,392.9,13,4,242,86.0,D
5,16,289.7,24,7,99,20.3,N
1,104,340.3,11,7,67,21.3,N
9,105,419.3,9,2,230,97.1,T
1,122,87.4,14,3,268,92.9,D
4,168,485.6,29,3,290,49.4,D
7,123,508.8,11,9,65,57.6,T
2,221,336.5,7,6,212,42.2,T
1,208,287.2,27,6,244,99.4,T
8,114,369.1,17,9,273,20.9,T
1,148,571.3,20,10,238,40.5,N
5,104,46.6,30,4,322,95.4,D
9,99,325.0,17,10,285,41.6,D
7,169,541.5,17,10,105,36.8,T
7,84,328.6,5,9,229,28.6,N
4,17,191.6,12,1,359,27.5,N
1,29,67.9,19,10,178,39.8,D
4,29,82.9,2,11,195,97.7,N
7,145,594.2,8,10,328,67.9,D
5,87,205.8,7,11,254,42.3,N
2,49,120.0,8,4,158,64.3,D
3,94,214.7,24,1,159,93.3,D
7,76,430.3,9,8,332,65.4,T
2,114,249.0,7,9,125,27.8,N
9,67,473.8,5,7,104,28.0,N
8,103,534.4,12,1,288,23.8,N
3,64,60.0,11,4,230,89.3,T
4,100,161.1,10,5,280,83.2,T
7,36,269.8,31,1,208,67.5,T
3,244,260.1,27,11,349,60.3,T
6,136,12.4,10,9,313,86.6,T
8,214,41.7,9,2,225,20.4,T
1,49,543.2,19,4,322,36.2,N
7,246,348.9,6,1,89,27.8,D
3,168,262.0,7,10,145,94.0,T
7,115,422.2,5,4,235,78.2,D
6,119,363.0,11,8,196,50.6,N
4,220,439.7,18,11,150,63.4,D
8,243,555.3,14,3,125,70.3,D
8,244,65.8,20,4,104,53.9,D
2,60,283.1,8,10,66,56.4,T
2,54,481.9,14,7,279,87.7,N
5,230,337.1,28,10,116,33.6,T
6,206,558.7,29,4,279,89.9,N
4,42,429.6,31,3,345,74.3,D
9,154,236.8,23,7,220,97.5,D
8,55,253.4,19,12,130,90.3,D
3,158,469.8,7,4,183,79.2,N
4,108,296.5,6,1,194,35.7,T
5,39,113.6,26,11,188,62.0,D
3,14,439.7,24,5,321,29.2,N
7,89,319.5,8,5,109,45.1,D
8,130,487.6,22,1,127,39.3,T
9,27,296.0,5,3,138,59.2,T
3,111,213.4,18,5,64,66.4,N
2,101,594.6,17,8,353,95.0,N
3,227,106.0,2,5,245,30.6,N
7,237,10.3,8,10,321,23.3,T
4,208,93.2,23,4,216,61.3,T
9,35,209.9,7,2,199,73.2,D
8,94,157.9,17,7,340,95.0,N
4,145,311.1,14,12,287,25.0,D
1,208,586.1,27,2,192,36.3,N
3,198,128.4,21,11,192,79.6,D
2,128,170.8,3,7,252,42.2,D
9,138,55.8,27,11,175,87.9,D
7,195,195.3,10,11,168,28.3,D
3,124,428.9,5,8,355,89.3,D
6,178,523.6,13,10,142,92.6,D
9,146,554.0,30,3,68,35.1,T
6,181,354.4,11,3,232,94.7,D
3,194,57.2,24,8,310,66.9,N
8,28,585.3,7,10,232,73.4,D
6,226,289.8,17,11,319,31.2,N
1,56,545.7,8,11,174,67.2,D
2,33,490.4,20,8,301,35.3,T
9,32,87.6,11,8,287,67.5,T
7,192,211.0,9,4,307,47.1,N
4,181,538.4,8,4,197,84.2,N
4,12,388.7,7,10,341,32.1,N
9,232,462.7,6,2,330,70.6,D
6,148,286.9,15,12,110,47.7,D
6,161,368.4,20,7,185,47.8,T
6,77,65.1,31,3,201,46.0,T
9,97,105.3,1,2,323,93.2,T
8,181,373.9,16,2,235,25.7,T
2,38,46.2,14,7,90,67.6,T
7,245,415.4,24,2,80,87.0,N
8,100,461.1,9,2,228,85.2,D
3,179,493.9,10,7,119,48.6,N
7,188,56.8,9,9,349,60.2,N
1,185,15.3,28,9,127,52.0,N
3,181,130.8,2,6,178,49.6,D
7,149,325.6,19,4,211,40.9,T
9,233,167.0,26,8,344,86.2,N
9,32,265.7,30,10,144,97.9,T
6,201,592.8,20,8,136,97.1,T
3,166,507.2,13,3,238,60.9,T
2,194,496.1,21,9,161,34.2,D
6,182,374.6,13,6,323,34.2,D
9,136,224.2,18,6,289,48.8,D
4,106,445.8,11,12,155,88.0,N
3,243,143.7,20,5,85,20.1,D
7,103,158.9,4,7,256,52.3,D
4,19,300.1,14,8,246,47.7,T
5,220,473.3,27,3,236,86.3,T
5,186,72.2,6,4,255,59.0,T
7,156,385.3,18,9,126,91.0,N
3,95,597.1,7,3,339,69.8,D
9,117,43.5,14,9,74,71.0,D
7,65,512.3,26,1,318,86.4,N
9,109,231.1,2,1,267,87.4,D
1,198,505.0,5,4,355,69.6,T
1,214,199.2,17,2,153,82.8,D
9,108,284.0,28,9,355,26.2,D
7,129,121.1,26,4,70,63.7,D
8,128,165.2,5,12,252,31.8,N
3,224,471.9,17,3,253,91.8,N
6,175,518.3,18,9,83,74.4,T
1,58,597.9,21,3,339,74.2,N
3,41,389.5,6,12,196,36.0,T
3,228,31.7,25,12,228,91.6,N
8,195,577.7,13,11,283,48.3,N
1,10,169.6,12,5,336,31.3,T
8,110,401.7,8,9,87,44.8,T
8,133,414.4,1,3,336,27.1,N
4,58,170.6,5,11,266,42.1,N
7,107,449.5,11,10,142,26.4,T
6,135,546.9,20,5,252,43.8,T
5,63,109.5,6,12,210,53.9,N
3,110,362.1,21,5,134,27.4,N
2,29,436.5,16,3,233,92.2,D
9,51,145.8,25,3,289,69.2,N
4,10,218.4,29,5,338,63.5,T
6,198,528.1,2,4,128,39.8,N
1,222,149.8,19,5,252,74.6,D
8,41,523.9,10,11,216,86.7,N
3,138,396.9,15,6,80,36.3,N
5,142,302.6,26,11,89,93.2,N
8,196,542.2,18,11,148,94.4,N
6,190,240.4,19,8,183,30.1,T
4,229,82.2,14,5,270,87.3,N
8,206,398.7,12,8,132,50.1,T
8,59,141.6,11,6,286,78.8,T
9,37,138.6,18,3,126,42.0,N
1,62,144.3,30,5,239,85.3,D
8,76,423.3,31,3,174,53.9,N
1,208,60.2,4,12,132,75.5,D
3,150,154.5,31,8,159,50.6,N
2,38,446.4,5,8,63,85.7,N
5,196,71.1,28,10,353,67.0,N
5,86,373.6,15,9,220,68.0,D
6,194,511.3,2,4,220,38.5,N
9,200,32.4,4,2,328,64.7,T
6,206,407.1,23,3,148,36.3,T
4,146,400.3,29,11,229,54.7,N
3,165,340.0,29,9,229,25.4,T
1,234,422.0,9,4,146,66.6,D
9,244,489.5,1,3,152,86.5,D
5,46,172.0,28,4,96,20.5,D
6,186,333.1,6,3,93,36.3,T
9,246,133.4,25,1,153,77.2,N
3,165,370.7,22,4,236,74.3,N
2,137,589.0,18,9,193,73.4,T
8,216,360.0,28,12,80,39.0,T
5,29,596.2,19,9,177,98.3,D
4,54,83.0,2,3,220,25.2,T
1,45,439.9,23,12,277,38.8,T
4,128,272.2,12,3,215,56.2,D
6,102,480.2,23,12,91,41.2,N
8,172,52.2,23,12,310,63.1,N
8,200,17.7,15,8,324,73.4,D
3,38,529.3,8,3,75,48.9,T
8,142,69.8,17,9,354,69.5,D
1,70,196.6,30,10,337,71.5,T
5,234,124.6,21,4,348,58.8,N
2,138,287.9,23,7,159,92.3,D
5,40,502.1,4,2,105,35.7,N
2,77,309.5,24,2,267,59.7,N
9,50,497.3,5,12,112,40.6,D
9,27,265.3,14,8,321,84.3,N
6,117,284.3,5,12,207,71.2,T
1,168,255.6,7,5,295,61.9,T
2,189,25.6,29,7,271,97.1,N
8,134,444.3,20,7,154,56.4,N
8,172,329.6,28,1,286,65.7,D
3,57,101.5,13,3,281,60.8,N
4,159,331.7,7,5,154,54.3,D
5,138,286.9,20,12,312,89.6,N
9,173,376.8,21,8,255,42.8,N
7,207,301.9,11,1,85,24.0,T
3,56,130.9,24,8,288,78.1,N
6,18,429.0,10,7,193,75.0,N
4,10,506.2,12,7,293,66.2,D
3,103,58.3,18,10,80,35.1,N
9,169,284.8,1,4,308,83.2,N
3,169,599.3,23,7,160,84.0,T
3,147,532.6,5,6,344,93.9,T
2,203,396.8,23,11,216,29.0,N
3,162,50.1,17,6,316,70.6,T
6,232,412.7,19,4,69,96.1,T
9,193,236.1,17,3,187,50.7,N
1,154,502.4,30,11,71,59.5,N
8,243,391.7,15,7,256,24.3,N
9,70,463.0,13,8,359,30.9,T
5,34,462.9,7,4,223,75.8,D
7,173,425.1,29,5,209,50.5,D
3,153,55.2,15,5,333,88.6,T
9,138,84.8,18,4,310,62.1,N
4,195,234.8,30,7,296,48.4,N
9,105,402.3,11,9,350,43.0,D
5,79,229.1,20,2,119,57.5,N
3,201,298.7,23,6,113,57.0,D
3,239,456.5,30,9,242,26.3,T
2,119,373.3,20,11,186,21.6,N
8,96,69.2,20,7,330,99.0,N
4,70,59.9,5,8,139,47.1,T
9,102,450.2,7,4,207,29.8,T
9,23,228.0,20,10,301,23.1,D
5,136,587.8,12,4,172,50.0,D
9,84,568.1,8,2,329,51.9,T
8,84,321.8,3,10,145,77.5,N
7,239,293.0,8,1,240,65.9,D
2,244,242.8,29,8,185,84.6,N
5,38,85.1,20,6,186,20.9,T
6,156,134.3,15,8,338,30.4,N
4,222,548.1,22,8,148,39.2,T
3,181,29.7,17,8,172,72.7,D
5,61,236.4,21,12,120,66.4,N
4,31,162.3,8,4,113,55.2,N
4,130,126.5,10,5,66,100.0,N
8,146,194.9,18,7,281,55.9,N
2,137,284.9,1,1,122,54.1,T
9,17,161.6,11,2,167,80.5,T
7,216,274.3,19,6,350,31.7,T
1,79,467.0,16,12,295,64.7,T
6,149,118.5,5,7,276,78.1,D
5,177,60.9,2,9,179,53.8,T
4,217,291.6,26,4,177,34.7,T
3,90,90.5,29,7,179,74.0,T
7,247,211.7,9,11,250,41.9,T
1,165,490.1,21,7,177,25.3,T
6,78,13.9,17,1,108,48.0,N
1,185,306.5,20,1,232,28.2,D
4,201,93.1,1,6,159,72.3,N
4,92,259.6,12,6,250,63.9,D
7,233,89.1,21,3,63,47.6,T
2,153,580.7,18,6,336,34.7,T
9,139,167.1,17,11,312,39.8,T
9,241,493.3,1,4,90,89.0,N
2,176,162.8,6,7,210,91.9,N
7,143,461.8,1,3,328,63.0,N
9,188,568.4,9,4,156,61.9,T
5,72,542.1,8,5,320,53.5,N
4,124,200.1,19,1,155,26.4,T
7,32,445.7,14,3,329,86.6,T
2,21,78.5,31,7,162,61.2,D
9,133,305.2,20,2,215,69.3,T
7,162,120.8,29,5,137,82.7,N
8,73,167.1,16,10,108,81.2,N
4,121,563.0,22,5,204,72.0,T
4,190,184.9,4,11,98,97.1,T
2,63,345.9,29,9,233,89.0,D
3,222,195.4,21,2,62,95.8,T
2,77,316.3,30,12,203,33.5,D
1,81,581.6,20,8,277,68.9,N
5,60,583.5,18,12,78,60.5,N
3,178,275.9,17,12,257,82.8,N
9,161,589.5,16,8,241,23.8,T
7,45,559.3,27,8,142,69.1,N
3,248,576.1,19,9,131,94.8,T
6,181,511.0,28,9,337,95.3,T
2,66,559.1,4,7,275,93.9,D
5,104,213.9,23,12,232,74.5,N
4,141,391.3,18,12,183,86.8,T
8,217,578.0,28,6,71,59.0,T
5,138,145.8,7,3,259,77.3,T
9,210,538.2,15,6,338,95.9,N
1,72,414.6,4,6,82,38.9,D
6,26,218.8,1,4,97,46.2,D
7,244,110.1,4,12,130,70.9,D
1,79,298.3,4,12,88,32.6,T
8,46,192.7,27,5,273,32.9,T
7,144,584.4,17,3,192,24.0,N
9,29,307.0,24,9,192,93.9,D
7,66,498.7,30,6,260,58.0,N
7,119,367.9,9,4,346,22.4,D
4,150,74.0,21,4,337,69.0,N
2,138,13.5,27,1,206,87.9,N
2,213,486.4,5,1,115,42.8,T
4,12,232.2,22,2,226,32.5,D
5,182,157.3,15,6,206,85.9,D
8,232,286.6,28,6,338,68.4,D
3,130,390.4,23,8,126,41.0,D
3,34,181.3,30,11,191,74.0,D
8,233,309.0,3,9,294,34.4,N
8,132,553.3,18,9,323,23.3,D
7,131,426.0,12,6,186,73.0,N
1,104,573.9,8,4,174,80.0,N
7,190,153.3,16,10,304,51.6,N
4,198,57.3,20,2,285,67.3,N
6,37,29.3,15,8,183,36.1,T
8,213,20.2,8,8,211,96.0,T
6,228,90.5,20,6,309,76.8,N
7,122,522.0,8,2,136,76.0,N
6,196,419.6,28,6,91,73.8,T
7,16,482.9,27,11,133,40.4,T
8,53,264.4,13,10,171,75.4,D
8,214,473.9,12,3,280,41.5,D
5,56,63.2,7,6,219,49.8,T
6,41,181.2,3,4,172,77.4,N
6,106,368.6,20,12,188,22.9,N
9,36,492.0,19,11,334,79.0,D
3,72,71.3,19,5,341,66.3,N
6,34,303.5,19,2,175,54.3,N
5,240,482.1,27,3,131,62.0,D
9,135,56.8,2,10,199,44.3,T
1,249,500.6,8,12,187,99.4,D
3,220,318.2,13,3,198,41.6,N
4,108,281.9,1,1,229,47.3,D
2,187,125.1,28,2,156,54.1,N
3,198,234.4,11,4,311,57.8,D
7,70,486.7,15,2,333,77.9,T
9,206,101.2,26,2,277,63.6,D
6,29,205.6,23,10,193,32.1,D
1,13,87.2,16,7,196,66.8,N
3,219,301.0,18,4,80,26.1,D
7,158,414.0,29,5,289,67.2,N
6,199,387.9,29,8,108,32.5,D
8,53,220.0,15,4,77,63.7,T
5,38,488.0,28,3,253,97.3,T
2,134,30.3,8,9,340,86.5,D
6,28,202.2,7,6,123,65.9,D
4,50,405.5,24,8,330,93.0,N
7,101,335.7,16,1,335,87.1,T
1,68,28.7,17,11,62,45.6,T
2,206,314.3,9,6,352,81.0,D
4,222,503.4,15,6,107,24.5,T
4,82,528.4,27,9,357,20.6,N
4,60,521.9,25,2,111,49.5,D
8,113,410.0,16,3,239,85.3,D
7,50,155.1,15,8,82,42.1,D
2,67,329.4,23,2,123,79.8,D
5,50,116.4,16,10,93,20.4,N
6,243,149.4,24,5,216,99.8,T
8,194,350.3,1,12,164,87.3,T
2,219,286.3,6,4,281,62.0,D
3,183,79.8,22,2,203,81.1,T
8,57,190.5,6,5,72,91.2,N
7,166,455.7,27,10,160,27.4,N
6,195,139.3,28,9,344,80.1,T
4,136,492.0,19,10,64,68.4,N
8,70,271.9,26,7,336,21.1,N
7,232,291.0,12,9,216,61.1,D
3,88,535.2,18,5,320,26.3,T
5,65,412.2,1,4,104,52.4,T
8,217,574.3,8,7,101,86.0,T
3,18,359.5,28,12,83,74.4,N
7,181,444.1,21,1,74,33.5,D
2,45,264.3,8,4,185,69.6,T
2,37,360.3,10,5,303,23.2,N
6,30,46.9,18,4,291,61.9,D
5,208,284.6,8,7,106,86.0,N
2,143,43.4,22,12,234,76.2,D
6,78,157.9,9,9,300,98.3,D
7,194,42.2,17,3,154,72.1,T
1,10,254.9,23,3,204,30.8,T
2,43,115.3,29,11,100,32.8,D
9,112,304.4,14,7,174,59.9,N
2,201,372.5,15,3,187,61.3,T
8,106,437.3,8,1,357,68.5,N
2,75,359.9,2,4,323,90.3,T
1,128,375.9,26,9,85,42.7,D
1,147,116.8,10,9,206,27.5,D
4,243,13.7,25,4,341,71.0,D
1,54,351.8,20,6,174,32.7,N
8,171,39.5,26,10,199,49.0,N
4,18,534.6,18,10,83,30.4,N
6,217,197.8,17,11,357,97.1,D
4,180,598.2,30,12,190,71.2,D
7,69,438.3,10,8,318,25.0,N
8,41,544.9,17,6,146,65.8,N
7,241,220.0,16,7,340,39.0,D
2,169,48.5,5,3,61,27.0,N
5,221,343.5,19,6,108,24.8,T
3,157,132.6,26,6,301,43.4,N
9,168,507.5,27,9,310,72.1,N
7,113,255.7,25,9,243,24.1,T
1,127,345.1,16,5,202,83.4,T
8,139,509.5,30,5,222,88.9,T
2,125,101.4,17,7,271,27.2,N
4,174,534.3,5,3,210,35.1,N
3,215,458.7,11,6,100,79.5,D
7,103,94.1,23,2,245,99.4,D
5,43,458.4,30,10,206,82.8,N
2,133,159.7,29,4,156,66.6,D
9,92,134.0,14,12,66,92.6,T
4,228,397.3,7,9,299,30.4,N
7,244,309.0,18,9,322,55.1,D
6,207,355.8,28,1,84,92.6,N
1,224,44.0,31,5,199,46.1,N
2,222,311.5,1,9,73,33.6,T
7,135,336.8,30,4,324,53.8,D
4,11,405.9,26,8,222,51.0,D
6,106,122.9,7,3,70,35.4,D
1,56,239.6,3,10,247,67.7,T
9,44,246.4,12,2,208,66.5,N
4,36,92.4,29,11,183,82.6,N
8,68,157.0,27,4,249,39.6,N
2,201,227.7,16,2,314,42.2,D
9,78,517.2,5,8,207,23.4,N
3,125,383.8,16,8,178,65.1,N
5,33,597.2,20,11,276,86.4,N
2,125,274.6,7,3,126,23.6,N
4,23,336.9,4,2,108,75.0,N
2,205,163.2,19,3,343,86.0,D
4,155,469.7,20,9,324,34.6,T
6,78,18.6,14,11,258,69.2,N
9,194,271.6,19,3,101,99.6,N
8,235,202.8,23,2,272,69.9,T
6,133,169.7,10,2,323,25.8,N
6,247,234.2,13,5,232,34.7,N
6,203,282.2,28,3,135,61.3,N
3,160,233.2,21,12,89,57.5,D
1,125,552.9,15,12,222,89.4,T
1,165,470.6,8,4,349,45.6,D
4,220,19.9,2,1,248,29.9,D
2,45,419.9,13,12,210,64.6,D
1,44,500.6,5,8,317,76.2,D
9,72,489.5,10,5,345,43.0,N
8,247,11.8,29,11,288,99.9,D
9,103,351.5,25,3,199,59.5,D
1,131,475.4,14,2,212,25.7,N
1,231,259.9,27,11,183,54.6,N
1,216,92.1,12,11,299,96.9,D
3,40,442.4,28,2,320,33.6,N
1,112,486.9,27,7,75,40.0,D
7,219,335.8,9,4,295,72.7,D
4,225,194.0,26,2,328,21.8,D
3,215,269.4,23,5,202,41.4,N
2,77,206.5,15,11,68,56.1,T
3,41,203.0,23,3,278,43.8,D
1,241,284.5,7,3,269,75.3,T
2,96,526.5,13,2,191,83.3,N
8,183,392.0,28,5,249,75.5,T
6,57,142.4,26,6,277,35.4,D
9,121,591.0,16,2,84,70.0,T
3,21,39.0,28,1,102,26.9,T
6,118,563.7,1,12,192,70.1,T
3,180,252.2,9,6,250,94.2,N
7,10,129.2,19,7,220,30.8,N
1,234,12.4,17,5,347,95.8,N
3,211,190.2,3,6,314,44.3,N
1,177,323.1,20,8,336,56.5,D
2,94,422.9,5,4,79,26.9,N
9,124,412.2,15,3,238,61.1,N
2,83,295.8,13,7,69,84.9,N
3,194,198.2,21,10,268,91.8,D
1,238,548.4,28,1,291,52.3,N
4,148,51.8,14,2,324,96.9,N
3,140,330.8,12,2,355,82.7,D
9,190,232.3,4,2,280,76.1,T
8,99,124.1,27,4,319,95.6,D
6,150,161.8,30,8,77,33.4,T
9,54,172.9,3,3,64,48.4,D
1,210,218.2,25,2,140,26.3,D
7,222,352.1,24,9,114,88.3,T
8,234,10.4,12,8,202,98.0,D
8,91,578.6,23,11,197,96.0,N
9,70,548.0,29,9,151,87.6,T
9,15,566.9,28,6,133,74.9,N
6,104,281.4,17,2,323,70.7,D
9,219,131.5,22,8,216,65.7,T
3,137,454.6,5,11,181,21.3,T
4,164,14.1,5,6,95,51.4,N
9,222,27.6,11,5,70,88.5,D
2,74,292.2,20,8,162,86.9,D
1,235,266.8,21,6,248,50.1,D
2,151,464.9,14,10,75,32.3,N
6,30,509.1,15,6,188,71.6,T
9,62,531.0,21,7,326,46.2,T
6,204,321.7,3,8,307,51.2,T
7,160,290.6,4,11,71,42.0,N
8,185,285.8,10,1,256,88.2,D
6,91,550.1,16,1,238,91.3,D
1,45,522.9,10,2,211,32.4,T
7,178,361.1,11,3,162,41.2,N
9,22,142.9,6,2,230,37.4,T
9,104,374.6,28,12,236,81.5,N
5,226,312.3,21,1,300,46.7,D
2,249,312.7,27,10,261,43.7,T
5,41,376.5,8,2,174,35.2,D
8,11,516.7,6,8,90,80.6,D
8,173,331.0,31,1,132,76.3,N
5,228,39.4,14,11,289,82.7,N
1,18,273.5,19,6,270,41.7,N
6,17,428.7,14,7,318,79.1,T
1,160,492.9,24,4,298,98.4,N
4,87,546.0,15,9,197,31.1,N
2,89,342.8,23,12,346,80.2,T
8,81,247.3,13,4,142,29.5,D
8,70,371.2,28,8,295,53.2,N
7,159,528.3,15,6,303,28.2,N
4,199,370.3,2,9,307,91.6,D
5,20,511.7,7,3,319,63.5,N
4,116,109.7,9,7,252,40.5,D
6,169,352.2,18,5,76,66.2,T
7,133,360.8,7,10,306,76.2,D
4,164,135.3,11,1,355,87.6,N
1,21,263.7,22,3,113,86.1,T
7,168,209.5,20,2,324,28.6,D
3,125,427.9,24,7,60,66.9,D
9,191,43.7,3,2,65,29.7,N
7,162,180.3,13,3,268,45.4,N
6,187,481.6,2,6,280,77.6,T
2,189,480.9,15,10,334,84.5,T
2,236,548.1,27,8,302,67.3,T
2,180,38.9,13,4,76,77.3,N
9,51,182.9,9,6,342,21.6,N
7,69,260.9,19,8,252,50.1,D
6,100,95.7,17,11,72,34.0,T
9,238,544.7,27,3,60,29.8,D
8,191,237.6,1,2,162,66.9,N
3,151,287.5,13,2,112,52.2,T
6,150,192.3,28,5,314,87.7,T
4,134,36.7,7,6,94,55.6,T
2,214,248.4,30,1,143,99.1,N
9,45,61.6,22,1,285,69.2,D
1,241,370.0,30,6,193,73.7,T
7,112,426.4,10,9,130,72.2,T
2,76,564.7,16,10,223,54.3,T
5,176,146.8,6,9,251,63.7,N
8,177,441.7,20,9,71,27.1,T
3,59,39.1,30,9,205,83.6,T
9,162,412.8,10,4,137,86.2,N
6,20,342.1,13,6,356,92.5,D
3,83,343.3,31,7,108,74.2,D
1,148,326.4,20,1,104,68.9,T
4,33,21.2,26,11,232,27.9,T
6,30,247.7,19,11,236,54.4,T
5,47,172.2,11,12,167,72.6,N
3,144,595.4,21,6,60,32.7,D
1,108,543.8,20,11,191,93.0,D
9,107,257.5,21,9,86,91.7,T
2,109,405.2,25,5,265,49.3,T
7,209,255.5,24,8,197,94.0,T
2,42,570.5,16,2,132,77.4,D
3,36,349.7,4,10,287,58.6,N
9,166,512.0,7,2,255,82.8,T
1,11,67.8,9,2,348,97.7,T
6,222,237.8,8,7,266,96.0,N
6,177,134.4,16,12,69,50.2,D
6,119,517.1,11,5,133,31.2,D
3,203,347.7,10,1,297,30.5,N
6,230,11.9,19,1,147,83.9,N
9,73,461.3,8,12,205,35.9,D
1,80,516.7,30,9,172,36.3,N
8,239,531.0,30,11,249,66.3,N
6,242,511.4,1,3,62,91.1,T
4,193,496.6,27,11,355,99.2,T
5,132,179.6,4,7,70,46.3,D
8,15,530.2,31,3,312,24.8,N
8,98,191.2,20,8,183,75.8,T
4,60,469.1,18,9,167,65.3,D
2,166,447.9,16,4,235,55.2,D
1,98,294.2,6,6,348,79.1,N
4,243,257.5,17,9,127,60.9,N
2,212,33.4,31,12,205,57.5,D
1,89,581.8,31,1,263,84.7,D
6,170,396.3,26,8,199,62.0,N
6,68,479.4,7,4,272,71.5,N
9,146,531.6,9,5,349,75.0,N
3,85,435.5,20,5,111,35.0,N
2,47,113.7,7,4,130,58.7,T
2,72,416.0,29,7,132,77.7,N
5,240,444.9,18,5,232,87.3,D
1,123,219.5,24,2,67,68.9,D
6,220,390.2,28,12,333,26.3,D
9,220,52.7,12,9,274,53.3,N
4,174,25.5,9,7,255,51.1,D
3,102,412.8,23,11,107,34.5,D
8,135,268.2,5,5,303,69.6,T
5,85,240.3,25,5,90,96.3,N
2,242,585.3,26,8,186,34.8,N
2,132,398.5,22,6,303,76.9,D
9,158,415.0,1,5,62,44.3,N
4,242,482.7,28,12,237,71.5,D
7,180,175.8,14,1,120,63.6,D
4,12,478.2,22,8,243,77.3,N
5,51,362.6,20,2,248,31.8,T
8,202,526.3,21,10,354,42.9,T
8,134,460.4,24,2,290,62.1,N
8,234,347.8,24,8,76,60.7,D
5,58,385.3,3,3,61,84.1,T
8,78,270.8,24,11,81,85.4,N
6,178,166.4,5,6,97,55.3,D
5,129,473.6,18,8,333,38.9,D
3,169,275.3,14,5,272,65.2,N
6,156,70.2,28,7,74,22.4,N
5,68,214.2,3,4,275,89.4,N
6,175,464.6,3,2,252,73.6,T
2,220,561.5,27,12,174,28.0,T
8,149,389.2,30,11,351,46.7,T
6,39,371.9,5,6,119,86.9,N
8,104,194.3,14,5,191,54.8,D
1,93,268.3,19,7,154,47.6,D
4,45,409.4,29,11,121,54.6,D
7,195,149.0,3,9,304,36.2,T
7,219,218.4,19,11,218,85.5,N
5,208,575.6,22,4,133,64.4,D
8,89,232.5,11,10,283,75.1,D
1,74,94.2,6,6,213,66.4,N
2,152,438.2,16,7,222,84.0,D
2,107,579.2,18,4,204,59.0,D
2,80,493.9,4,9,279,46.5,T
8,112,349.5,16,5,207,70.3,N
4,171,449.8,22,7,304,31.3,N
3,38,574.1,22,7,178,47.1,D
4,92,450.6,20,8,321,74.5,D
2,125,281.9,3,1,291,86.3,D
5,32,206.8,19,12,103,89.0,N
3,242,525.0,18,4,262,32.5,D
8,51,521.5,30,11,302,51.8,D
3,231,118.4,18,10,287,75.7,N
2,69,526.7,16,5,195,46.9,T
5,108,586.2,10,7,63,66.7,N
4,244,512.8,3,1,303,99.9,T
9,244,93.5,31,5,265,20.1,D
6,106,371.0,9,10,212,77.3,D
1,88,554.2,7,8,84,34.0,D
6,44,597.8,16,3,300,38.3,D
4,63,34.2,30,7,340,73.9,D
9,27,160.6,18,7,186,20.3,D
2,86,166.0,16,3,238,44.2,N
5,61,403.6,3,7,145,96.4,D
9,44,158.1,1,12,275,20.6,N
9,248,21.9,27,3,283,74.5,T
9,201,146.2,26,3,90,57.0,D
8,47,377.5,16,11,281,49.5,N
8,75,419.0,2,12,318,34.9,D
6,41,276.0,2,4,152,60.5,D
8,207,489.5,5,7,270,51.1,D
1,102,104.6,3,2,333,71.5,N
4,183,124.4,9,5,353,34.9,N
2,200,231.5,19,7,239,99.9,N
6,226,328.9,22,2,201,89.8,D
1,85,95.5,26,4,90,64.7,T
9,66,29.1,3,9,295,98.6,T
6,149,47.7,16,11,205,51.1,D
5,95,569.8,20,7,301,90.0,D
3,139,100.6,26,9,172,90.7,D
5,223,297.2,1,2,257,61.2,T
5,81,268.4,17,2,113,34.0,N
7,127,76.4,26,1,78,72.6,T
4,223,153.6,5,8,117,21.1,N
9,101,120.2,13,11,154,82.2,T
8,74,223.8,25,4,180,23.8,T
2,197,321.0,17,6,226,95.4,N
5,21,322.0,18,10,350,35.6,T
9,135,134.9,31,3,165,36.8,D
6,16,384.8,16,8,77,70.2,D
4,96,328.3,15,7,85,64.9,N
6,173,54.7,4,2,167,61.3,N
8,40,227.4,20,7,232,44.4,T
3,184,192.0,30,3,82,77.6,N
8,33,318.3,16,1,103,64.6,N
7,136,489.9,13,8,167,27.7,T
4,201,111.0,7,10,67,99.0,N
3,116,147.8,14,10,135,70.1,T
2,143,546.4,25,10,178,69.5,N
2,221,179.0,10,4,132,94.2,N
7,21,224.1,7,2,160,43.3,T
6,19,35.5,15,6,317,64.2,T
5,233,133.5,9,5,347,62.2,D
9,134,292.7,28,3,157,51.2,T
8,165,185.1,26,9,274,84.3,N
5,113,412.7,24,2,183,86.4,N
2,240,185.1,23,3,207,50.5,T
3,220,529.6,10,11,265,69.5,N
2,238,436.9,21,1,77,49.6,T
3,167,409.3,13,7,149,73.0,N
2,38,255.4,1,7,84,43.9,D
8,128,99.6,21,5,113,42.1,T
6,225,443.6,26,5,186,96.5,D
6,205,473.7,17,10,319,79.8,D
2,102,295.9,19,12,117,73.1,D
1,75,269.6,20,12,178,97.2,D
4,151,255.1,23,12,343,46.6,D
8,241,387.2,19,1,84,74.5,N
6,209,284.6,19,6,154,46.2,D
1,162,577.0,4,3,239,83.1,D
3,213,555.0,10,3,326,98.2,T
1,245,427.4,26,11,234,84.6,T
8,207,322.7,24,11,161,87.4,T
8,181,147.5,10,4,166,22.0,T
6,216,324.5,17,12,299,30.5,T
1,244,183.5,8,11,91,80.0,D
7,41,532.8,7,10,72,84.6,N
3,162,461.0,20,2,145,35.9,D
6,13,13.7,18,4,191,27.5,N
3,160,295.2,31,1,203,22.7,T
2,125,148.8,17,8,237,77.3,D
3,92,409.3,22,5,111,90.3,N
1,159,16.3,1,4,358,31.6,N
1,138,118.2,2,4,212,95.7,T
6,131,17.3,1,7,303,77.5,D
8,209,412.9,15,12,106,20.6,D
3,22,571.9,18,2,101,74.0,N
7,250,246.9,8,12,144,64.5,D
7,30,302.2,29,9,133,29.1,D
8,89,381.3,23,8,95,51.2,T
1,59,141.0,14,7,348,71.4,T
1,72,67.0,21,6,118,68.9,N
4,148,300.6,29,11,313,29.2,T
7,112,217.1,6,5,155,21.4,N
7,230,198.3,20,10,72,51.7,D
1,59,259.5,10,9,89,50.5,T
5,17,374.6,8,6,187,43.6,D
4,183,109.5,23,5,102,50.1,T
2,85,477.3,25,5,192,99.9,T
8,163,459.3,29,6,127,65.9,D
9,188,196.4,4,10,122,62.6,T
6,129,392.8,13,2,164,93.6,T
4,193,257.8,16,1,169,33.1,D
8,72,407.3,18,5,106,68.8,D
4,156,146.2,5,6,162,51.6,T
9,69,195.4,20,3,151,75.5,N
9,156,206.0,8,3,349,96.2,D
2,90,254.5,28,5,226,91.5,N
9,102,403.7,19,3,258,58.3,D
2,100,364.6,6,7,266,36.4,N
2,138,91.7,25,3,108,87.1,D
7,19,344.2,29,5,350,67.4,T
8,169,587.7,19,2,253,46.2,T
1,151,339.7,8,1,89,83.2,T
2,135,232.8,9,9,266,56.0,N
3,85,507.8,8,8,180,74.3,N
4,144,325.1,24,8,281,55.0,T
8,193,148.8,5,8,96,51.7,N
2,240,301.8,17,12,164,99.0,D
7,241,592.1,26,4,60,76.7,D
1,156,87.8,13,9,229,48.6,T
7,187,545.4,9,2,333,65.3,D
9,151,589.8,13,3,288,48.9,T
5,99,374.1,2,4,149,27.9,N
4,63,27.6,18,10,329,93.3,T
2,27,67.6,22,3,272,98.1,N
8,131,326.6,11,8,132,83.9,D
1,89,165.9,7,6,137,91.7,D
1,101,81.1,21,11,286,44.9,T
3,86,537.1,11,3,78,87.9,N
2,121,487.2,11,11,105,61.0,D
9,123,219.4,31,1,276,59.6,D
1,175,319.3,11,8,80,50.5,N
4,237,321.9,12,12,98,78.5,T
9,94,196.5,24,10,253,24.4,D
3,91,77.7,4,1,203,42.2,T
6,150,83.9,12,9,95,90.9,N
8,175,460.8,30,12,157,39.2,D
8,236,407.8,18,12,97,58.0,N
9,55,328.2,27,1,254,91.8,T
5,95,596.2,15,3,148,57.9,D
5,142,568.9,20,8,98,53.3,D
9,216,454.8,9,2,315,94.7,N
4,159,588.0,1,2,84,76.9,N
1,161,100.3,26,4,250,24.1,D
9,233,322.9,20,12,305,79.0,N
5,23,580.9,16,10,116,72.3,T
1,212,85.1,23,6,341,54.3,D
6,80,153.3,18,12,190,51.1,N
1,217,411.6,18,6,312,58.5,D
1,157,481.1,13,1,116,54.0,T
3,92,398.9,6,2,272,90.5,T
5,69,556.5,3,12,86,43.2,N
5,56,250.7,20,2,357,30.9,N
8,220,182.0,5,1,212,96.4,D
6,65,171.4,1,9,93,94.2,T
8,105,108.3,6,3,92,81.9,T
3,180,367.3,20,4,81,60.2,D
7,108,593.0,12,8,294,64.9,T
1,188,483.2,4,11,354,34.9,N
2,158,315.3,15,6,205,41.2,D
1,210,420.3,14,12,61,53.4,N
6,195,338.4,2,3,309,23.1,D
7,248,230.6,18,2,165,50.7,D
4,216,282.9,17,2,67,53.8,N
2,18,523.5,12,11,300,33.5,D
3,162,287.5,19,3,183,32.7,N
5,15,590.5,4,4,309,62.8,T
6,115,324.3,12,12,124,34.1,D
9,202,468.4,12,7,282,74.2,D
5,72,551.2,2,7,70,21.3,D
8,176,496.4,18,8,354,32.6,T
6,144,400.2,1,10,344,64.3,N
3,246,531.3,23,10,337,56.1,D
5,116,211.1,21,4,170,69.6,T
3,111,46.6,24,4,82,94.2,N
5,179,301.1,7,5,123,41.8,N
9,76,243.0,18,1,219,22.4,N
9,119,210.6,31,5,130,78.3,N
4,59,484.8,15,9,204,95.2,D
9,98,167.8,29,3,278,42.8,N
4,134,563.2,12,7,232,23.2,N
8,217,457.8,15,7,360,79.8,T
7,138,423.9,5,2,261,35.4,D
6,128,499.7,15,11,236,58.9,N
2,93,293.1,4,12,260,87.4,N
4,133,65.2,28,10,153,55.9,D
8,106,346.4,21,4,78,96.1,N
4,82,14.4,15,4,309,74.0,N
9,173,33.7,6,5,188,30.0,N
5,171,479.4,21,12,156,29.4,N
8,197,191.7,28,7,236,34.6,T
6,129,243.1,4,1,137,21.6,D
1,54,386.6,16,7,111,73.5,N
1,66,80.3,20,7,149,32.8,N
7,41,224.7,18,2,108,25.7,N
3,69,229.8,19,3,249,63.5,T
5,103,54.1,5,5,258,29.2,D
1,62,568.7,15,4,131,52.2,T
5,23,585.0,3,1,247,91.2,N
4,115,198.0,30,5,220,82.3,T
5,121,32.1,25,12,280,71.2,D
9,239,317.6,14,2,141,95.3,D
1,14,81.1,6,5,263,77.8,N
6,247,71.2,12,7,343,78.9,D
4,15,11.2,3,10,155,73.9,N
9,178,43.5,4,2,194,73.0,N
1,118,222.1,6,5,253,85.8,N
4,74,578.2,14,11,308,85.5,T
2,200,451.9,4,11,306,57.4,D
7,50,270.3,17,4,90,57.7,T
4,128,344.5,5,9,167,30.4,D
6,134,289.7,23,10,111,60.0,N
3,14,296.5,28,12,348,83.0,D
9,179,381.4,30,8,198,42.6,N
5,83,432.4,23,7,265,83.2,T
8,213,304.8,6,2,71,90.4,T
5,235,213.7,22,1,161,83.4,N
9,162,431.6,20,7,328,67.4,D
5,107,283.3,31,12,253,28.1,T
5,52,338.7,23,7,115,20.7,T
6,127,488.2,22,12,343,88.0,T
4,75,379.2,6,2,210,77.6,N
3,246,198.9,19,1,261,89.3,D
6,235,67.0,27,9,275,96.0,T
9,168,60.4,11,4,93,60.6,D
3,18,496.5,1,6,139,55.1,D
9,129,387.6,21,7,336,56.5,N
7,239,106.7,23,3,215,29.1,T
1,230,419.3,20,2,279,75.0,T
6,163,54.1,18,1,313,84.3,D
1,211,353.1,9,1,339,54.7,D
8,152,392.9,16,3,126,59.6,N
5,28,188.7,18,6,117,32.6,T
9,165,80.7,14,8,134,50.6,T
7,218,499.6,7,9,82,82.9,D
6,232,90.8,14,2,111,87.9,D
4,10,402.8,11,10,133,90.3,D
6,85,468.3,3,2,105,33.2,T
4,227,138.3,19,11,84,37.9,D
4,129,345.0,12,8,131,49.4,N
8,95,327.0,9,11,90,70.8,D
2,86,376.2,18,11,220,38.9,D
5,127,74.4,20,5,274,47.1,D
7,183,36.8,8,7,310,48.9,D
3,155,525.1,26,2,320,22.3,N
2,114,96.9,17,7,355,55.1,N
1,140,575.4,14,1,304,84.5,N
9,197,586.6,15,5,153,68.6,T
6,198,445.6,27,9,342,24.4,T
8,172,320.8,16,2,236,21.9,D
2,49,588.7,27,6,136,28.3,T
7,18,257.9,1,7,345,61.3,T
5,48,309.6,24,2,82,57.9,N
7,234,545.2,30,6,130,86.4,N
4,133,350.9,20,11,79,28.4,N
5,214,590.6,8,8,236,76.4,T
1,173,461.6,6,11,88,74.3,T
1,236,504.0,22,4,200,93.9,N
1,37,163.9,19,6,114,92.1,T
8,199,425.9,14,7,206,44.1,N
6,146,96.4,5,7,72,59.7,T
3,18,138.0,23,6,270,24.6,T
3,148,263.2,19,11,69,57.2,N
3,116,35.4,15,8,355,90.3,N
7,59,143.2,25,6,144,45.9,N
8,184,436.4,26,4,147,71.6,D
6,59,308.2,27,2,67,76.4,D
5,139,237.4,10,1,200,88.3,T
4,99,208.6,18,11,187,35.8,N
6,132,449.4,16,3,231,58.6,T
1,80,99.1,16,4,245,64.7,T
1,222,370.3,27,12,315,62.0,D
4,109,58.8,30,10,327,44.2,N
4,186,548.6,11,11,179,83.5,N
4,128,336.4,16,4,148,41.9,D
8,222,207.2,3,10,253,76.4,N
8,164,311.5,25,5,271,94.6,D
8,166,165.0,30,12,282,48.6,T
8,83,92.1,17,1,341,76.3,N
1,78,255.5,16,10,244,89.4,N
9,133,64.4,22,4,281,28.8,D
7,80,402.9,28,7,227,57.8,T
1,91,398.1,21,11,147,38.9,T
3,105,162.5,28,6,110,65.4,N
5,135,493.2,28,8,103,61.1,N
7,88,155.1,12,11,111,68.8,T
4,98,599.7,23,12,301,84.6,T
6,78,243.8,3,4,194,44.1,D
7,234,176.4,1,11,67,78.4,D
4,99,352.0,8,4,166,57.4,T
8,146,238.4,19,1,104,76.0,D
2,168,260.7,9,4,246,73.7,N
8,141,113.1,1,5,256,50.2,T
4,213,595.8,18,2,276,52.8,D
6,236,40.0,23,8,86,77.4,N
5,190,124.6,27,9,173,35.1,T
3,204,63.7,3,2,204,33.8,T
1,86,251.8,16,7,150,82.1,T
8,228,116.1,20,8,237,61.2,T
4,238,464.2,22,9,302,32.1,T
3,158,571.4,28,7,144,57.2,T
2,227,190.4,7,7,296,48.2,T
2,162,225.4,28,6,111,75.4,T
8,25,517.6,1,9,287,24.9,N
5,183,501.2,26,6,206,61.7,T
2,20,487.1,17,1,187,22.5,N
8,154,23.4,18,8,282,41.4,D
3,160,332.1,18,2,80,77.0,T
9,13,241.8,10,9,84,60.0,N
9,49,476.7,4,12,104,37.4,N
9,196,593.7,4,2,265,24.6,D
2,118,444.0,3,12,292,91.4,N
1,247,569.0,16,9,104,46.8,N
1,10,130.4,28,5,142,21.9,N
6,148,431.3,24,6,79,30.8,N
5,147,18.1,1,10,211,58.4,T
8,52,331.0,23,10,236,59.8,D
6,206,559.6,1,12,350,62.0,D
3,37,131.9,28,11,188,81.1,D
8,108,434.5,10,12,358,78.5,T
7,158,368.2,23,6,309,97.2,T
1,191,19.7,19,6,135,58.3,D
1,204,207.3,18,9,226,34.6,T
5,99,323.9,4,12,180,82.3,N
6,202,120.4,13,7,192,47.5,T
3,201,286.2,29,8,339,41.6,D
5,134,585.8,12,9,72,36.2,D
2,189,272.9,6,8,322,77.5,N
9,187,180.4,18,10,182,73.4,D
4,79,147.0,25,11,209,73.3,D
3,78,159.0,23,4,125,58.1,D
2,137,146.0,24,8,274,47.8,D
4,246,224.3,15,3,173,56.1,T
7,86,482.6,23,7,258,42.1,D
6,201,183.1,5,1,70,84.6,D
9,71,150.2,4,6,198,84.7,T
2,209,17.7,7,1,256,67.5,D
6,11,384.2,20,2,99,31.5,N
7,35,110.9,8,7,297,79.0,N
3,157,231.9,12,2,94,95.9,D
2,168,123.9,13,7,213,28.8,N
2,112,407.9,13,10,106,75.2,D
8,238,259.7,26,8,354,36.9,D
3,241,179.8,12,5,109,53.8,T
8,189,276.0,21,2,113,62.4,T
8,70,288.5,7,8,172,36.9,T
3,236,54.0,18,3,214,54.5,T
6,66,217.2,19,2,304,36.4,T
2,164,18.7,19,1,151,73.4,D
1,148,130.3,15,3,344,23.0,N
3,98,481.6,15,1,271,23.1,T
5,152,67.5,22,11,304,78.3,T
1,96,537.3,3,3,67,53.5,D
5,203,486.4,13,11,277,34.0,N
5,201,196.8,19,2,241,36.0,T
9,101,568.6,8,6,265,77.9,N
9,224,409.0,17,12,225,64.8,T
6,141,157.7,14,1,343,46.4,N
8,130,236.3,6,11,314,32.9,D
2,234,588.3,15,5,179,22.9,T
9,146,190.3,7,8,185,25.9,D
7,207,35.5,8,6,342,55.7,D
7,143,20.4,26,9,322,55.3,D
6,181,207.4,11,2,93,90.6,N
4,103,185.6,8,5,69,94.6,N
9,62,78.1,7,5,212,42.9,T
5,183,183.8,30,7,212,97.2,N
1,80,465.8,12,1,302,45.5,T
8,214,443.2,2,2,184,82.3,D
8,103,136.3,28,10,196,53.1,D
5,158,40.8,25,3,241,43.7,T
7,89,116.2,27,1,286,90.0,N
9,202,74.5,5,8,323,73.8,N
6,156,33.1,3,8,73,38.9,T
5,79,370.4,9,10,358,93.0,N
5,161,599.8,15,4,158,48.7,N
2,208,27.9,22,9,308,62.1,D
9,181,352.9,19,12,203,91.4,D
7,67,582.2,28,11,191,29.5,T
3,130,180.3,4,5,122,78.8,T
8,220,266.4,8,2,248,53.1,T
2,51,60.9,12,9,356,68.5,T
1,100,238.0,13,10,330,77.4,N
1,97,231.2,16,11,70,51.1,T
9,39,153.3,30,8,264,95.0,N
7,213,283.8,10,3,313,96.0,N
8,125,288.2,28,7,92,40.7,T
3,95,88.8,3,4,67,70.2,T
7,86,212.3,18,10,213,87.4,N
8,219,228.0,18,9,268,86.3,N
8,142,186.0,16,12,253,27.3,N
6,93,101.4,31,10,254,71.8,N
7,185,510.8,7,6,281,86.8,N
2,108,65.4,4,10,101,70.3,T
1,126,282.9,9,6,220,76.4,N
7,113,163.9,16,3,264,39.4,D
9,216,352.7,25,10,120,63.0,N
3,195,456.4,19,2,92,75.0,T
5,136,27.0,5,11,149,85.9,D
8,100,188.7,10,2,241,47.9,T
2,17,253.2,21,9,134,72.7,D
5,101,544.8,26,10,72,49.6,D
5,82,570.1,13,7,267,93.2,N
9,149,455.4,3,11,192,87.9,D
3,154,379.1,4,3,202,89.4,T
8,108,395.8,14,7,171,57.5,N
4,235,526.4,25,1,241,56.2,N
1,138,320.1,19,12,161,33.6,N
2,225,249.2,20,9,205,22.7,D
2,178,269.0,2,8,322,84.0,T
8,121,363.4,10,6,200,32.7,D
2,228,121.8,19,9,262,88.1,D
8,193,541.0,24,12,359,94.4,D
1,76,400.0,9,4,188,86.6,T
9,100,421.4,6,4,100,70.2,D
9,119,563.9,14,12,67,21.0,N
5,38,569.8,14,2,161,97.2,D
4,204,182.6,7,3,257,21.5,D
2,16,176.8,24,3,225,63.4,D
8,190,551.4,2,9,150,21.2,N
2,144,15.3,21,5,279,85.4,T
8,130,416.2,21,11,176,50.6,D
5,192,35.7,28,9,244,47.4,D
5,95,305.6,21,11,78,73.6,T
8,78,342.7,30,3,319,42.3,N
3,23,44.9,1,5,301,31.3,D
5,242,129.1,3,5,94,38.2,N
8,68,131.8,26,6,129,74.7,N
1,47,226.6,8,2,238,25.4,N
1,248,297.0,25,6,218,34.3,D
4,121,55.9,19,6,340,43.1,N
2,248,22.0,25,10,303,62.6,D
9,222,492.1,8,12,256,36.1,N
2,243,536.8,26,4,144,83.5,D
8,131,103.0,2,7,348,65.9,D
6,114,438.7,17,2,298,61.3,T
3,200,411.8,22,10,273,43.4,D
7,229,183.4,27,9,297,22.5,D
8,90,549.2,24,2,77,57.3,T
8,151,233.9,4,3,153,43.0,D
1,146,67.2,25,1,250,23.4,N
8,98,526.8,6,10,270,89.3,N
3,119,118.3,9,5,357,86.0,N
9,131,383.6,16,5,304,72.3,T
2,118,419.6,27,2,123,28.4,N
2,79,469.7,23,3,178,94.5,T
6,52,472.7,10,12,307,80.6,T
5,157,188.7,8,4,86,42.6,D
9,245,259.7,29,10,296,95.9,N
1,82,70.2,15,6,181,39.2,D
2,79,532.0,27,11,82,29.0,N
3,67,50.6,6,3,176,29.5,T
5,203,379.3,13,1,141,84.9,D
6,152,55.4,2,9,283,42.2,T
8,41,41.5,26,1,198,32.7,N
6,98,302.2,13,1,138,88.2,T
5,218,581.6,19,12,158,80.7,N
1,31,152.9,28,8,166,55.7,T
5,115,355.4,23,2,206,97.9,N
6,81,518.2,7,7,152,42.0,D
3,14,337.4,11,12,207,60.1,D
3,22,205.8,25,2,163,31.4,D
9,17,191.9,20,2,323,61.9,N
6,91,145.0,19,3,125,37.5,N
4,162,445.7,6,12,141,77.2,N
5,41,265.7,23,12,328,30.6,D
2,131,257.7,30,9,249,44.1,T
8,39,412.0,6,5,257,83.7,N
5,28,471.9,17,11,208,26.2,D
7,106,520.7,26,3,218,87.5,N
2,25,123.0,5,8,352,83.3,D
7,152,140.1,24,10,262,36.7,N
1,12,193.0,31,12,266,82.6,D
3,182,89.8,2,1,318,84.7,N
7,164,149.4,11,4,322,81.6,T
7,206,406.8,17,11,277,55.2,D
5,119,565.9,6,1,181,33.7,N
5,109,199.9,31,8,258,30.1,D
9,144,505.2,1,2,206,68.1,N
1,49,476.6,18,2,107,95.9,D
3,101,580.3,20,1,141,35.8,N
8,127,522.3,11,1,294,95.1,T
4,117,57.9,24,9,346,75.7,N
8,69,324.9,20,11,155,90.9,N
3,82,27.3,23,7,309,57.7,D
2,157,179.0,9,1,154,95.7,D
6,15,328.3,27,9,86,21.4,T
9,58,471.0,9,2,197,79.4,T
4,26,402.7,25,7,268,73.4,N
6,123,599.0,11,3,171,87.6,N
9,198,505.1,26,5,201,84.8,T
5,155,469.9,1,12,228,39.0,N
3,30,134.3,10,4,232,56.6,N
8,54,337.4,12,5,284,37.5,N
2,20,200.6,27,3,86,89.9,D
3,205,31.6,30,1,136,41.2,D
8,15,150.7,15,5,85,27.5,T
8,77,39.1,13,12,299,25.0,N
4,86,419.5,18,8,236,32.8,T
6,140,384.2,24,7,266,96.8,T
3,18,313.7,7,4,128,28.3,D
7,29,339.1,23,2,272,34.2,N
6,158,65.8,2,10,142,29.6,T
6,136,315.5,12,2,192,65.7,T
3,153,11.4,21,4,149,29.9,T
1,177,554.4,6,10,173,97.4,D
7,76,417.1,19,3,288,44.4,D
6,178,177.5,13,4,322,96.0,D
9,153,25.1,10,12,125,67.0,D
2,52,544.0,14,6,95,58.9,T
5,88,423.3,11,1,308,60.5,N
1,73,589.7,22,11,224,85.3,N
9,245,280.2,24,11,240,55.6,T
5,73,97.0,1,11,233,97.2,D
4,147,325.7,28,11,181,91.8,T
7,116,288.9,29,10,92,87.0,N
2,72,165.2,3,5,188,83.2,N
8,180,567.4,28,8,273,85.6,T
9,85,258.7,8,11,169,100.0,D
2,237,522.3,7,4,137,21.6,T
6,186,385.7,9,9,72,51.4,D
4,170,284.7,12,8,189,62.4,N
5,55,72.0,21,1,271,80.8,T
9,26,52.9,8,10,337,82.3,D
5,19,219.3,27,5,165,81.7,T
5,249,238.1,23,9,259,31.5,N
7,194,260.4,29,9,346,36.2,T
5,236,481.9,18,8,96,28.2,T
5,74,472.0,14,10,95,26.5,D
1,64,558.2,19,5,70,42.1,D
7,73,454.0,28,4,145,48.6,D
3,66,509.0,25,6,288,34.8,D
4,60,588.1,1,8,305,41.1,T
2,68,346.8,30,12,151,84.9,N
6,217,25.6,5,12,291,74.0,D
4,148,20.9,23,10,231,63.3,N
6,228,303.5,10,5,204,65.3,N
3,174,11.1,24,4,78,53.9,T
2,214,459.7,26,2,309,46.6,N
1,125,521.2,3,3,263,78.5,D
1,145,22.3,21,2,295,65.5,T
4,112,523.9,25,8,162,44.6,D
9,32,557.6,17,11,342,52.5,D
1,16,272.5,1,10,234,34.5,N
1,223,104.2,31,3,255,47.0,D
5,20,363.7,1,3,170,32.9,T
9,229,387.7,17,2,285,90.7,N
8,46,150.0,1,12,138,22.7,N
1,94,386.8,14,7,341,62.2,N
1,172,351.7,12,1,305,81.2,T
8,130,126.7,30,5,263,85.3,D
9,242,224.7,30,10,87,24.8,T
8,148,171.2,3,6,263,92.6,N
5,10,167.9,22,5,69,92.5,T
5,228,343.3,23,8,279,69.1,N
8,142,561.2,19,2,101,69.3,D
7,111,243.6,6,4,269,58.7,T
7,220,395.9,18,9,272,24.5,N
5,61,363.9,13,3,92,38.4,D
8,132,222.0,14,7,220,40.6,T
3,77,382.9,19,4,217,39.7,D
5,124,141.8,5,3,165,50.3,T
2,122,91.3,23,4,316,95.6,T
6,84,584.4,31,1,142,74.0,N
7,151,310.9,18,4,89,72.0,T
9,92,467.2,16,5,154,67.6,N
3,214,195.9,15,3,199,85.2,D
8,107,131.7,20,3,133,35.5,N
9,39,591.3,3,4,134,76.8,D
4,160,590.8,28,12,205,69.2,D
4,153,472.3,7,3,167,31.4,T
1,81,322.2,27,4,188,43.1,N
9,103,555.3,12,10,96,46.4,D
2,161,428.6,4,7,69,40.8,N
4,14,100.8,29,3,319,35.0,T
2,228,545.3,6,4,76,45.0,D
6,221,519.3,21,5,238,60.5,T
5,39,101.4,28,7,272,33.6,N
1,34,166.1,17,2,283,49.8,T
6,140,60.3,27,3,209,23.2,D
1,72,406.5,20,12,268,95.0,N
3,241,528.5,21,5,207,86.8,N
4,30,16.9,14,3,258,46.6,T
3,215,387.0,6,1,78,67.9,T
4,57,411.9,24,3,62,93.5,T
8,177,391.8,10,9,123,83.6,T
4,38,488.7,13,1,168,80.0,N
7,108,199.0,30,1,168,55.8,N
2,141,472.5,18,11,111,61.5,D
9,236,390.5,19,2,305,56.3,D
4,225,415.5,7,11,172,99.3,N
4,116,228.6,17,5,333,45.9,D
7,46,540.6,3,6,166,90.2,N
7,73,308.5,16,9,158,23.2,D
3,206,200.7,14,11,152,95.2,D
3,192,250.7,5,7,201,62.7,T
2,192,132.8,28,11,107,51.9,T
1,55,331.1,23,4,272,28.6,N
8,36,340.2,6,3,182,29.6,D
2,38,319.4,12,4,311,68.6,N
3,232,198.2,20,5,208,84.7,T
9,175,511.6,12,11,75,65.6,T
9,198,37.6,8,12,207,74.1,T
7,12,285.5,26,5,130,98.6,N
5,63,418.2,7,4,305,91.6,N
7,244,572.5,14,11,327,43.4,D
5,71,324.9,22,1,200,69.1,D
4,88,309.8,18,8,181,89.4,T
2,40,171.3,20,7,112,47.6,T
7,81,317.8,18,7,234,97.2,N
8,243,58.1,13,3,102,27.5,T
4,216,370.9,15,7,320,54.0,T
8,207,377.3,16,11,287,64.8,D
6,122,364.5,15,5,104,24.4,N
6,69,455.8,7,3,297,77.9,N
3,81,520.4,7,6,179,33.8,N
8,176,468.4,27,2,165,37.7,N
9,70,273.0,1,5,66,83.5,T
9,244,14.6,30,1,167,25.8,D
8,61,356.5,5,2,358,25.0,D
5,244,369.1,15,7,61,53.3,N
8,244,280.6,18,5,82,76.2,T
4,167,83.5,10,12,139,27.4,N
8,71,550.6,21,3,135,72.9,N
9,13,388.8,12,4,62,93.7,N
6,63,517.7,8,9,317,47.6,N
6,215,220.8,30,9,188,24.8,D
6,100,462.2,14,4,113,22.6,N
6,239,225.2,9,9,203,48.8,N
3,203,234.1,8,9,259,69.8,N
9,27,32.9,20,8,185,89.3,T
3,200,590.8,19,2,231,72.4,N
2,136,311.0,28,11,215,83.1,D
2,219,17.7,3,2,81,61.6,D
3,120,354.0,2,6,114,73.4,T
4,93,117.4,14,7,282,27.0,N
2,221,256.2,1,1,129,32.8,D
1,141,479.6,19,8,105,58.9,T
5,229,50.8,4,1,288,21.5,T
6,31,562.2,27,4,293,99.4,T
2,189,53.6,28,5,352,81.7,D
2,13,246.2,29,3,204,58.6,N
5,196,81.6,24,8,139,35.6,N
3,161,87.9,4,12,88,68.8,D
5,159,112.6,30,1,219,99.4,N
4,188,382.2,1,8,290,77.5,T
7,84,318.1,23,9,328,38.2,D
4,206,195.3,30,5,348,39.6,D
6,248,482.5,9,8,68,70.0,N
8,235,276.1,28,8,164,40.4,N
5,90,403.5,4,12,312,63.5,T
9,238,82.9,30,11,337,82.4,N
9,63,533.3,15,3,291,32.3,T
5,123,552.0,18,6,141,60.9,D
5,70,324.5,14,9,259,55.9,N
5,115,56.2,17,5,176,56.0,D
3,106,516.2,30,4,196,97.1,T
2,33,248.4,17,10,132,32.6,N
1,214,254.7,24,2,166,38.8,D
6,142,264.5,14,7,93,91.6,T
6,146,398.8,14,12,99,72.1,D
5,156,460.3,3,12,224,41.5,N
2,223,196.3,22,12,286,54.7,N
2,192,277.9,30,6,98,82.5,N
9,131,143.6,23,4,171,53.8,D
9,179,345.1,28,7,321,55.9,N
9,118,349.5,8,10,229,43.3,D
4,100,71.8,8,8,104,76.7,D
9,67,501.2,23,9,321,40.5,T
1,86,37.2,20,1,289,69.8,D
9,219,573.2,15,1,136,57.2,T
6,24,235.5,26,11,347,73.3,N
4,235,86.2,26,7,199,22.1,T
6,132,251.5,1,9,358,79.0,T
4,228,109.2,7,10,149,92.7,T
8,155,85.2,24,7,123,47.3,D
6,107,141.7,21,11,239,97.6,D
6,196,385.1,6,9,267,83.3,D
4,221,65.3,4,2,283,62.2,D
5,67,47.1,18,7,344,65.1,T
3,167,118.2,16,8,107,30.1,T
5,77,258.5,1,4,163,39.1,D
9,83,442.9,19,4,340,62.8,T
5,192,434.6,29,6,162,28.6,T
4,29,383.9,3,3,249,68.5,D
9,213,82.8,16,12,243,65.4,T
9,249,114.1,1,6,112,33.8,N
1,26,87.2,13,11,172,37.8,D
6,187,242.9,17,5,221,98.2,N
8,133,272.5,12,1,213,35.3,T
6,44,414.8,23,1,298,56.8,T
4,101,224.7,31,7,222,33.0,N
3,122,474.9,30,4,243,49.2,N
4,125,419.0,30,10,297,58.0,N
4,219,395.1,6,12,280,88.9,N
9,51,99.5,24,5,300,47.4,T
8,58,170.3,22,7,276,92.6,T
1,107,238.2,28,4,66,68.1,N
1,90,193.8,6,1,322,72.9,D
2,50,420.1,19,3,74,63.1,D
1,106,128.7,17,12,331,81.1,N
8,184,230.2,21,12,172,50.3,D
6,153,271.9,1,6,204,81.7,T
8,197,249.2,10,4,240,39.1,N
9,238,534.2,7,1,301,68.6,N
8,91,214.8,13,6,167,78.9,T
9,72,260.5,10,8,348,95.1,N
8,151,410.3,7,4,271,36.9,N
8,190,389.4,16,3,97,59.1,N
5,173,15.5,21,7,349,63.6,N
9,108,481.8,15,10,257,22.9,N
7,232,401.5,5,1,260,64.3,T
3,245,317.6,10,3,357,60.8,N
3,41,442.2,24,10,98,33.8,T
5,47,263.2,5,1,137,47.9,T
6,96,241.8,26,10,263,26.7,D
2,10,186.7,7,3,215,62.8,N
4,203,192.4,30,10,180,27.1,T
2,179,494.0,16,2,330,36.3,D
1,212,363.5,18,2,67,60.6,N
8,51,547.9,27,4,93,64.8,D
8,134,333.5,26,9,239,97.1,T
7,136,21.5,2,8,113,48.2,N
6,192,569.9,28,4,228,93.9,D
9,234,22.4,18,7,64,99.5,T
1,42,542.8,26,3,319,83.4,T
2,179,75.4,29,7,70,84.5,T
3,189,62.0,3,5,223,24.6,N
9,234,234.7,19,6,190,86.1,N
4,203,419.8,29,9,258,83.9,T
4,143,340.1,25,2,148,70.2,N
2,137,39.2,7,6,254,22.8,N
4,139,542.2,30,10,309,22.3,T
7,134,107.6,12,9,268,45.7,D
9,187,502.1,12,11,83,89.7,N
3,234,365.3,7,2,88,73.1,D
5,28,180.0,28,2,251,34.7,N
2,115,189.1,6,2,202,68.9,T
3,147,127.4,24,9,251,73.2,D
9,163,432.6,26,5,117,41.5,N
7,31,423.4,12,1,348,89.8,N
8,15,65.7,19,11,134,84.4,D
1,48,52.1,23,8,144,40.3,N
9,25,344.4,19,11,136,51.5,T
8,61,448.1,7,3,247,52.2,D
2,33,397.6,8,4,131,48.3,T
7,113,130.9,3,1,272,56.7,N
4,24,97.4,11,5,272,88.6,T
6,185,394.5,13,4,349,48.7,N
8,150,583.5,18,9,290,27.4,D
6,173,312.7,21,11,275,78.2,T
9,163,356.2,18,11,293,89.8,T
4,78,539.3,5,3,100,41.5,D
8,17,76.4,16,8,323,89.5,T
7,64,529.7,10,12,185,33.3,N
9,78,161.6,26,1,233,91.9,D
5,179,276.8,19,8,124,27.3,T
6,185,418.2,5,1,223,63.9,N
3,214,387.2,24,5,148,59.0,N
9,176,212.3,18,9,183,32.2,N
5,59,571.5,14,8,340,77.2,T
4,78,567.3,20,2,322,47.0,D
3,191,278.0,2,7,177,42.6,T
7,46,380.9,18,9,104,48.9,T
8,96,443.3,13,10,170,29.4,N
5,44,449.9,30,5,70,21.4,T
7,237,250.8,4,12,138,32.4,T
2,100,72.5,15,2,291,61.4,N
2,48,366.7,23,12,196,83.1,D
5,172,52.9,9,2,150,23.7,T
5,126,162.0,15,8,354,91.6,T
3,233,328.1,24,3,290,28.3,D
9,249,411.0,31,7,132,23.6,D
5,92,111.5,7,4,140,90.7,N
5,172,274.4,23,4,286,78.2,D
8,23,270.3,26,7,241,94.4,T
5,225,307.0,2,4,210,75.9,N
1,217,147.8,31,7,351,68.0,T
8,81,470.8,2,3,210,93.0,T
9,248,195.8,20,12,302,46.3,D
1,38,529.4,12,1,233,38.4,T
5,101,591.9,15,11,247,92.9,N
1,114,109.9,17,2,141,59.2,T
5,144,475.0,16,5,151,64.3,D
8,203,463.6,13,8,72,75.8,D
4,71,365.7,22,10,60,55.5,D
4,243,152.1,25,1,302,25.8,T
2,176,507.7,26,8,128,28.2,T
3,10,183.0,4,3,282,70.8,T
7,11,536.3,23,2,203,87.2,T
5,180,479.2,25,1,221,20.9,D
2,213,168.3,12,1,355,91.4,N
4,81,308.9,1,1,115,68.6,D
9,97,440.2,9,3,143,91.6,N
1,240,440.7,5,7,112,80.1,D
3,151,463.0,13,10,107,85.4,N
5,146,86.1,15,6,119,41.1,N
6,176,351.1,26,4,157,31.4,N
9,222,555.5,5,10,86,58.2,T
9,146,99.3,25,2,222,54.4,T
8,66,169.0,6,8,295,39.4,N
2,234,151.3,13,6,329,99.9,D
2,189,420.0,23,11,326,98.6,N
2,193,191.6,2,4,313,76.7,N
1,200,331.9,25,4,241,48.6,T
1,243,28.6,31,1,185,47.0,D
8,25,390.1,3,1,281,69.7,N
2,128,322.3,27,9,113,46.3,T
2,99,352.0,3,9,303,46.0,T
7,166,233.2,31,8,348,62.6,N
2,61,284.2,31,8,136,73.4,T
4,49,243.0,16,2,248,89.7,D
1,116,422.7,9,4,200,39.7,D
1,92,319.9,16,10,220,65.9,N
3,35,587.6,17,11,96,84.1,N
3,179,374.2,12,5,119,34.5,T
8,88,17.1,24,1,208,65.5,D
4,94,293.9,23,2,320,77.1,D
8,121,16.1,8,12,76,57.1,T
2,204,516.3,28,2,312,60.6,N
2,164,278.4,27,5,148,63.7,T
2,88,276.8,22,6,124,78.1,N
8,231,591.9,5,3,120,82.2,D
4,122,205.7,3,3,125,64.4,T
8,59,65.5,29,6,110,84.4,N
5,165,389.6,15,2,229,69.7,T
9,193,35.0,7,8,87,23.9,N
6,73,567.9,29,5,85,34.7,N
2,21,222.3,3,8,297,81.3,T
1,131,309.5,24,3,240,87.6,N
1,173,214.4,9,11,134,70.4,D
7,83,500.6,8,1,123,50.5,D
9,168,153.6,21,4,281,91.1,D
5,132,522.1,23,4,358,86.3,T
8,32,569.3,8,9,167,91.4,T
3,167,228.7,21,8,199,94.5,T
8,178,537.8,7,6,251,70.0,D
5,248,272.4,5,2,194,57.3,D
1,118,584.6,6,6,203,32.9,N
5,182,291.4,12,10,340,31.5,D
1,102,461.2,11,9,255,82.3,T
6,127,428.5,9,8,265,80.5,T
6,107,225.1,13,6,179,88.3,T
4,53,407.2,30,12,285,71.2,T
5,180,315.3,5,5,335,33.9,T
4,56,326.1,1,4,305,84.9,T
3,170,579.4,5,6,284,95.8,T
7,147,447.0,31,5,316,35.1,N
8,51,66.0,2,5,142,30.1,T
3,234,256.2,27,5,119,82.7,N
2,174,183.7,20,8,159,29.6,T
8,186,373.3,2,10,153,44.4,T
5,90,353.8,6,10,223,94.8,T
9,244,64.9,29,12,124,37.9,D
6,134,464.9,30,11,253,41.4,D
1,229,160.8,21,6,355,67.6,T
2,173,400.2,11,2,276,72.0,N
9,21,540.6,30,3,355,58.2,N
2,13,460.1,25,3,218,29.7,T
4,241,246.5,30,8,287,87.7,N
7,129,509.2,23,12,319,35.0,T
8,65,158.2,25,2,264,50.7,D
5,130,43.7,23,12,186,42.2,T
4,132,591.2,30,8,209,39.2,D
1,112,164.0,7,8,247,98.3,T
9,51,123.0,5,10,142,65.7,D
8,202,493.2,29,12,85,96.3,N
1,164,63.3,30,9,352,33.7,D
4,74,71.6,2,9,76,46.6,T
3,67,250.8,28,7,322,98.3,T
7,249,367.7,1,12,291,59.1,T
3,197,580.7,19,6,85,91.4,T
7,81,247.5,26,1,60,30.2,T
3,58,513.7,23,3,190,45.4,D
9,228,216.0,27,2,360,69.2,D
6,128,453.5,19,9,129,40.0,D
2,175,17.0,1,12,166,33.5,D
7,201,74.8,29,12,65,77.6,T
9,170,547.3,2,8,170,74.1,T
3,205,596.0,19,3,205,59.8,D
1,118,251.7,28,12,93,47.6,N
4,86,222.5,21,6,240,46.1,N
3,158,363.3,12,8,340,24.5,N
1,136,423.2,17,8,152,77.5,T
3,149,38.3,19,8,150,27.4,T
3,10,444.0,5,2,220,76.1,D
7,54,297.3,24,11,86,57.7,T
7,214,252.5,17,2,152,88.5,T
6,115,300.0,12,9,112,99.0,D
2,192,516.0,26,1,78,48.2,D
2,25,277.9,29,6,168,38.6,D
6,128,559.2,15,12,168,98.3,N
6,121,570.0,8,7,110,68.5,T
1,35,259.0,21,6,168,37.8,D
7,39,432.4,24,6,148,59.8,D
2,224,42.5,6,2,318,91.8,T
6,137,67.3,4,9,185,81.2,T
9,58,68.4,6,10,162,82.7,D
2,30,80.3,26,9,93,54.1,D
9,117,476.5,8,11,84,40.9,D
8,202,284.8,15,2,329,52.6,D
1,128,545.9,20,11,283,65.0,N
1,43,225.7,1,7,215,62.1,T
4,228,316.2,18,8,151,90.3,T
8,167,438.6,26,5,157,84.9,N
3,77,514.3,27,4,129,52.7,N
1,156,548.1,13,10,196,20.4,D
6,232,598.5,21,5,245,92.5,N
5,159,471.2,16,8,282,98.2,T
8,232,92.1,30,11,61,52.6,D
4,90,73.5,10,4,323,51.4,D
4,14,261.5,18,3,165,48.3,N
3,30,177.9,22,11,244,70.6,T
6,27,115.3,2,7,139,98.7,D
7,159,130.3,8,2,196,97.1,T
4,132,19.5,30,11,278,50.0,D
8,148,55.2,27,5,287,74.3,T
6,138,142.2,2,1,218,24.8,N
6,48,321.4,3,1,100,60.3,D
9,98,71.2,15,3,84,27.9,T
7,77,57.8,26,5,94,38.4,T
1,67,99.3,6,10,157,95.6,D
7,189,44.0,25,5,205,78.9,N
1,17,225.5,19,10,235,54.4,N
7,136,402.6,1,10,86,64.8,T
4,57,221.7,15,4,270,65.1,D
5,93,390.8,8,3,141,54.6,T
6,186,360.7,15,4,325,29.7,D
6,79,556.3,20,3,65,44.0,D
9,85,142.1,3,12,265,47.8,D
2,239,484.8,9,11,264,78.1,T
8,37,288.1,11,12,107,63.7,N
7,74,592.6,26,10,127,72.8,N
4,60,393.5,14,7,248,72.2,T
4,225,416.9,5,2,160,90.6,N
4,185,346.4,21,1,327,89.2,T
6,75,499.0,18,12,258,80.0,D
5,23,176.4,12,7,260,34.3,D
6,177,223.5,9,8,71,29.1,D
9,141,112.9,3,7,281,66.9,D
9,70,243.4,30,9,301,54.9,N
8,97,522.9,25,2,267,55.4,T
1,208,467.3,14,7,65,39.0,N
7,183,519.5,12,7,332,26.6,D
3,119,468.7,23,9,106,91.6,N
8,107,143.0,7,12,122,46.1,D
4,167,75.5,9,6,267,83.0,D
5,72,310.0,29,5,69,55.2,D
8,242,522.1,4,8,169,94.6,N
5,114,408.0,11,8,104,70.4,N
6,105,544.0,6,5,253,40.2,T
7,197,17.8,7,8,320,96.0,N
9,230,422.4,12,4,68,34.6,D
5,142,573.6,20,4,76,69.0,T
4,188,567.2,2,2,151,81.6,N
1,90,243.0,1,9,298,29.6,N
3,230,562.9,17,1,152,56.2,T
1,147,373.2,16,12,164,71.3,N
9,82,247.1,28,8,187,70.4,N
1,156,486.0,24,1,150,53.8,T
6,72,381.7,15,1,171,34.5,N
5,37,74.1,15,2,232,53.8,D
8,198,349.5,9,8,228,49.7,T
7,38,499.8,12,3,201,49.7,T
1,239,419.4,26,3,356,55.9,T
4,185,67.6,27,3,152,77.4,T
8,212,473.5,10,11,356,25.7,N
9,209,137.8,21,4,287,39.9,N
6,222,502.8,13,10,191,91.3,T
8,175,430.0,26,5,252,63.1,N
5,87,540.9,22,1,358,77.2,D
1,160,426.0,17,2,339,21.1,N
5,223,375.8,25,8,134,37.5,T
5,165,236.9,6,7,344,82.8,D
6,236,385.7,2,10,299,20.8,N
5,78,20.3,17,5,191,88.8,N
7,67,306.7,19,7,163,78.3,N
9,165,231.8,23,11,159,53.6,N
7,184,179.4,26,5,134,49.9,T
2,21,179.0,16,2,198,90.1,D
5,114,319.0,24,7,250,26.8,N
5,116,561.5,4,7,258,88.4,D
2,209,376.1,1,3,255,39.6,T
5,176,163.6,5,4,156,45.0,N
3,36,548.5,26,5,109,38.6,N
6,222,514.4,26,12,72,29.4,D
4,237,286.8,19,4,295,28.7,T
9,206,249.6,4,10,111,26.9,T
4,227,396.3,23,1,137,69.6,N
1,144,307.4,23,3,329,93.6,D
7,143,90.6,11,2,187,41.2,D
4,67,349.5,7,5,127,45.8,N
7,108,566.9,12,11,250,21.3,T
1,114,60.0,19,10,121,50.2,D
4,222,512.7,18,8,314,65.3,T
6,87,102.2,28,7,69,47.2,T
1,92,470.3,29,1,350,95.1,T
3,215,138.6,30,11,334,91.9,D
4,43,407.6,5,10,112,90.9,T
5,61,223.7,2,3,331,35.9,T
8,139,589.3,3,2,287,67.5,D
1,119,471.0,22,12,109,91.9,N
2,241,101.9,7,9,318,83.1,D
4,136,520.1,14,5,319,66.8,T
6,112,410.4,5,11,288,29.1,T
2,208,56.0,21,11,360,39.7,T
2,40,180.6,15,5,127,33.9,N
8,233,76.2,11,2,90,90.7,N
2,93,394.6,1,5,235,27.5,N
2,199,41.6,30,4,181,90.6,T
9,69,477.9,15,3,343,59.1,T
3,145,359.9,28,11,271,67.4,N
4,169,66.2,23,2,184,60.9,D
1,245,141.5,10,11,244,55.1,D
6,80,65.9,5,11,178,23.2,N
8,202,406.8,17,12,71,76.8,T
5,145,485.1,23,10,72,34.2,D
6,225,104.4,5,5,347,63.3,N
4,141,592.4,17,3,320,68.4,D
9,226,154.0,18,9,284,91.7,D
4,179,440.0,2,3,78,39.6,D
2,156,163.6,30,7,257,38.7,T
8,108,379.3,30,8,214,96.8,N
2,184,175.9,29,1,248,50.8,T
7,29,354.5,19,5,107,55.8,T
7,185,438.8,10,7,60,42.2,T
1,125,269.3,29,7,65,59.9,T
9,177,89.6,27,9,316,93.3,D
5,207,167.7,23,1,109,67.1,D
4,221,352.1,19,10,272,95.8,T
6,208,259.4,13,5,307,87.0,T
1,199,134.4,14,3,283,37.0,T
4,114,134.6,20,5,166,87.1,T
1,126,211.8,1,4,294,57.5,T
2,167,101.1,21,2,96,74.9,T
7,137,560.3,31,8,172,34.9,N
9,168,482.9,4,4,234,26.4,D
8,13,276.4,12,1,230,81.5,T
3,83,474.0,21,6,268,92.2,T
5,219,392.8,31,5,230,99.4,T
1,67,166.4,16,1,270,23.7,T
3,177,577.5,7,2,105,50.6,N
8,31,457.0,13,5,220,91.0,T
2,226,505.6,24,2,246,71.9,T
9,28,516.8,13,11,144,43.6,D
8,166,549.3,26,3,66,96.6,N
4,107,201.7,16,12,277,64.6,T
4,236,289.0,8,4,308,81.6,N
9,126,136.8,9,5,144,45.9,T
4,177,254.6,8,11,204,68.4,D
1,98,376.0,2,12,113,62.1,T
4,116,129.5,3,3,298,38.1,D
6,232,420.4,13,1,191,83.1,D
1,63,83.1,10,5,76,48.0,D
5,189,271.7,2,9,226,48.2,T
8,82,308.4,4,2,213,61.6,N
5,86,312.3,24,9,177,37.8,T
7,177,152.9,23,2,219,52.1,T
8,200,52.6,28,4,343,98.9,D
2,25,551.0,12,10,76,33.5,D
2,169,540.0,2,7,239,61.6,T
4,151,104.3,27,2,126,65.2,N
4,12,301.5,16,11,244,56.5,D
4,205,461.0,17,8,355,74.7,D
7,241,429.5,5,12,214,26.9,T
4,19,372.3,15,4,191,99.3,T
6,157,280.8,11,1,75,95.9,N
6,216,377.4,24,10,219,23.4,N
4,88,49.9,12,11,176,54.3,N
6,80,305.9,29,10,119,98.7,T
7,122,79.7,14,2,307,27.3,T
7,67,139.5,17,8,358,48.0,N
1,234,139.1,23,1,330,67.6,D
4,139,116.5,19,5,83,98.6,D
1,209,338.5,23,3,325,45.4,N
7,41,472.6,25,1,114,52.0,T
1,174,498.2,3,9,302,58.9,D
6,198,555.5,11,4,150,42.8,T
6,248,83.0,3,4,152,99.6,D
3,247,79.5,10,5,86,80.9,T
6,124,49.4,29,11,272,27.4,D
2,188,434.9,24,1,120,35.3,N
1,161,312.8,17,10,285,22.3,T
1,219,287.3,12,8,62,44.2,N
1,249,568.8,12,10,282,34.9,N
3,147,129.9,2,2,279,50.0,D
3,70,114.6,6,3,99,59.4,N
9,197,318.5,9,11,173,21.6,T
7,90,85.2,16,5,308,80.5,D
1,94,422.7,27,9,62,50.1,D
3,59,307.0,1,9,337,35.1,T
3,189,56.1,1,8,290,48.2,N
4,155,187.6,24,2,76,92.8,N
7,234,598.1,21,11,133,67.6,D
8,221,25.2,26,3,60,90.4,N
1,17,116.0,20,10,277,53.2,T
4,248,450.9,5,10,181,87.7,T
3,104,279.6,24,2,150,20.3,T
9,71,204.5,31,10,309,79.9,N
1,242,460.6,2,10,320,20.8,T
5,175,81.2,23,1,107,21.1,N
8,111,176.3,1,2,338,69.3,N
3,35,390.7,15,4,259,69.9,T
3,71,123.3,15,11,238,25.7,T
9,73,232.4,3,8,244,45.8,N
7,210,301.4,30,5,344,86.6,N
2,38,123.2,26,3,146,33.2,N
8,87,108.3,12,8,235,30.2,T
2,64,423.1,26,12,229,65.7,D
2,135,511.7,26,9,66,29.3,T
9,105,424.1,31,12,340,45.8,T
1,188,73.9,21,9,169,61.8,T
5,229,528.4,19,12,270,89.7,T
5,73,561.6,4,12,60,50.1,N
8,50,421.7,16,12,300,26.0,N
3,144,533.4,20,9,295,74.7,T
8,81,119.2,10,12,311,25.6,D
4,119,103.4,4,2,342,29.7,D
3,109,190.3,17,5,237,31.2,D
3,17,373.6,21,12,189,61.2,T
8,158,127.1,21,2,294,66.6,N
8,59,137.3,13,12,262,35.1,N
2,60,593.2,16,1,126,90.1,N
6,170,413.1,11,5,85,57.8,N
7,174,498.2,30,1,68,26.7,D
8,31,370.8,7,9,180,89.9,T
9,166,576.9,27,8,156,50.4,D
4,236,519.8,7,1,350,23.3,N
6,127,365.3,15,9,275,94.7,T
1,212,497.7,6,6,72,51.0,T
4,250,418.0,15,11,332,31.8,T
2,61,232.2,28,2,324,76.0,N
9,57,378.4,7,11,209,48.0,T
8,101,580.6,15,11,138,49.7,N
2,69,255.6,16,10,143,78.1,T
5,208,488.7,24,2,163,67.9,T
5,79,505.7,29,3,167,58.4,D
2,207,355.6,5,10,136,92.2,N
2,69,170.5,26,11,224,23.8,T
6,219,476.9,15,9,241,96.9,N
6,74,496.9,25,12,93,78.8,D
1,213,310.9,4,1,259,22.3,D
4,19,130.8,28,5,82,72.6,T
1,52,589.3,18,12,199,46.5,D
9,213,127.0,21,12,314,28.1,D
2,109,125.7,18,6,201,55.9,D
4,139,229.5,16,6,355,78.5,N
3,146,265.3,4,3,330,81.7,D
5,37,495.6,25,12,87,77.9,T
7,25,589.5,22,7,288,98.7,N
3,85,430.7,14,4,111,49.8,T
9,128,396.3,6,9,141,26.9,N
6,118,562.5,9,5,146,92.2,N
7,114,154.9,8,11,282,26.7,T
5,11,47.1,1,2,355,44.4,N
8,93,26.4,29,4,177,31.1,N
4,205,540.5,4,2,246,71.5,T
7,195,452.1,10,7,73,99.0,N
9,65,455.9,30,5,152,40.4,D
3,199,103.5,6,7,339,39.4,D
2,111,263.8,18,8,96,29.9,T
1,134,243.7,9,1,64,41.8,T
9,22,505.5,8,8,224,21.0,T
5,223,563.2,27,5,261,61.8,N
2,218,172.0,2,5,64,80.9,T
4,173,493.9,26,5,182,28.1,T
9,145,101.3,16,9,127,60.7,T
1,246,260.3,25,9,329,43.5,N
7,132,512.6,17,8,103,82.7,D
1,40,334.1,26,12,247,90.3,N
7,18,380.2,16,2,349,76.2,N
3,126,523.7,6,1,96,88.7,N
7,182,28.9,13,3,227,49.4,D
5,19,266.1,20,3,163,69.3,D
6,84,549.9,2,3,219,79.8,T
3,212,507.6,26,2,224,66.6,D
8,151,582.7,3,8,288,42.7,N
1,210,513.6,17,9,312,26.4,T
4,72,487.6,25,9,214,58.1,N
1,161,434.3,30,5,322,77.0,T
9,99,501.0,5,12,230,97.8,N
1,114,167.9,4,10,264,33.7,T
3,139,433.6,10,6,170,73.6,T
7,99,128.4,29,7,152,73.3,D
4,114,340.1,9,9,113,93.5,N
4,114,460.5,23,10,221,45.7,D
9,132,367.2,19,5,70,82.8,N
8,54,159.1,10,2,147,50.1,N
1,16,330.5,5,9,125,71.6,D
6,87,461.9,23,3,145,56.5,N
4,52,259.1,30,11,68,65.0,D
5,136,104.6,16,2,224,29.0,D
9,72,251.2,18,9,213,44.9,D
4,182,351.7,22,2,334,77.6,N
8,202,244.3,9,1,325,97.4,D
9,91,391.7,8,9,163,88.3,N
4,150,338.2,9,2,258,80.5,D
6,59,188.3,17,2,228,86.5,T
7,210,145.2,30,6,182,76.8,D
5,148,350.4,29,6,94,83.4,N
6,201,54.4,3,4,91,44.8,T
4,224,275.1,10,7,204,72.5,T
7,42,408.2,25,12,83,36.2,T
9,22,77.7,14,10,93,36.0,D
8,38,508.5,22,10,96,86.3,N
3,131,543.4,15,5,84,60.6,N
2,126,594.5,15,2,296,53.4,T
7,249,25.4,30,1,293,41.7,T
1,226,538.3,3,2,176,61.7,N
6,206,76.4,20,12,249,79.1,T
5,178,465.1,2,4,211,44.7,T
5,106,127.6,18,1,286,92.4,N
6,201,564.6,7,2,319,39.3,N
9,193,323.1,7,1,310,29.8,N
9,137,57.9,15,4,219,90.8,T
3,160,507.0,21,6,168,99.9,T
5,174,119.7,25,12,310,98.5,N
2,243,283.6,9,2,207,46.3,N
7,189,338.0,8,11,261,53.7,N
5,212,450.8,16,1,157,92.2,D
4,63,488.7,14,1,270,45.6,N
9,247,149.8,2,8,77,51.1,N
4,123,532.3,19,5,263,78.4,D
1,242,477.1,18,4,311,89.3,T
1,108,92.6,4,7,246,46.0,N
7,231,488.4,9,11,186,96.7,T
3,131,377.7,28,12,318,27.1,N
2,99,471.8,6,4,154,95.4,T
5,56,261.6,3,4,257,58.4,T
9,75,180.7,16,1,356,48.8,N
2,145,145.4,20,9,173,40.4,D
1,58,40.1,5,7,345,93.9,D
9,92,594.6,15,12,255,34.3,D
4,198,417.2,8,3,159,46.3,T
6,195,578.1,16,7,128,51.9,T
2,47,455.1,11,9,322,89.6,T
4,184,429.5,5,1,295,36.4,D
1,182,374.7,17,4,214,35.8,D
2,93,414.4,15,3,151,24.8,T
1,47,67.2,24,4,356,73.9,D
7,164,241.3,22,7,75,31.5,T
2,137,561.5,17,10,310,58.3,T
4,62,459.2,29,4,89,88.1,T
9,127,207.0,4,9,183,34.9,D
5,232,450.4,24,7,160,22.4,D
9,77,451.0,30,4,132,34.2,D
2,150,63.8,22,8,209,86.2,T
4,177,111.8,9,2,321,72.9,T
6,128,295.1,6,7,208,96.8,T
5,234,429.4,28,9,87,78.8,T
2,188,254.9,17,12,138,67.5,D
5,198,16.4,8,12,330,35.8,N
9,186,414.8,5,10,219,93.9,D
4,133,599.5,22,4,83,37.9,D
4,100,294.4,8,4,331,72.3,T
2,13,194.7,2,11,237,27.1,N
5,225,457.4,5,2,63,41.9,N
9,97,220.1,20,8,204,75.7,T
6,160,17.1,18,6,87,48.7,N
7,224,590.9,15,1,201,28.2,T
7,57,432.6,9,7,246,34.4,D
1,110,275.8,16,1,115,55.7,T
8,15,185.7,7,4,130,52.1,D
9,180,42.7,9,8,83,67.1,N
7,146,519.9,31,7,179,46.6,T
8,110,42.4,12,2,284,61.9,D
8,52,240.4,22,7,348,52.3,D
6,85,14.2,1,6,84,34.8,T
4,25,261.8,26,10,93,57.4,T
1,25,244.6,22,3,342,57.2,D
7,113,248.8,17,11,305,68.3,T
1,50,365.6,27,6,114,28.5,N
4,165,522.2,3,11,273,67.0,T
5,156,333.0,29,7,172,49.7,T
1,218,570.4,18,2,339,51.6,D
7,190,292.9,31,8,131,21.3,D
7,157,389.4,14,7,317,88.8,T
1,32,18.6,16,3,88,66.4,T
8,58,155.0,20,3,128,95.5,N
7,217,425.4,26,2,183,34.5,D
2,109,214.0,29,11,177,57.4,D
7,81,314.0,19,1,78,71.8,N
8,210,109.3,19,2,146,55.4,D
8,240,450.4,20,11,188,23.4,T
9,213,454.3,19,11,291,94.6,D
2,179,203.3,13,3,77,93.7,N
2,73,488.2,21,11,184,42.3,D
1,205,150.2,24,3,308,29.3,D
3,204,402.6,18,8,193,22.7,N
5,212,278.4,2,2,162,20.2,N
6,44,447.5,6,10,249,55.4,D
5,235,456.0,27,11,219,94.5,N
2,104,58.8,30,7,132,90.0,D
9,135,457.6,17,12,170,58.9,N
3,190,253.4,11,4,317,28.6,N
7,33,293.4,11,6,317,91.9,T
6,57,586.4,8,4,265,48.5,D
5,172,538.4,3,11,208,87.5,N
5,190,83.8,16,11,269,41.9,T
6,51,299.5,15,10,156,74.8,D
4,158,574.4,25,5,316,99.3,D
2,99,510.6,17,4,277,60.8,N
7,84,408.8,21,7,333,58.9,T
9,96,329.8,18,11,215,90.7,N
8,30,328.7,9,4,213,45.2,N
4,98,571.6,17,3,174,37.3,T
3,93,416.3,9,7,303,56.0,N
9,149,528.1,26,6,166,97.4,N
4,249,303.8,12,7,257,67.6,N
3,189,17.2,25,7,99,79.3,N
3,189,495.6,13,1,227,77.4,D
9,21,331.2,1,8,277,61.4,D
5,11,443.6,30,11,263,96.1,N
2,87,160.5,16,4,84,22.0,N
7,189,194.1,22,11,198,85.6,D
3,239,149.9,30,11,139,63.2,T
2,202,257.6,6,10,102,46.5,T
3,208,209.0,17,10,225,33.3,T
4,163,530.4,6,5,262,47.8,T
2,156,114.4,25,6,196,47.0,D
1,38,30.2,31,8,284,45.8,D
3,61,456.9,28,11,151,65.5,D
7,23,307.6,20,9,355,85.5,T
6,55,174.0,3,1,156,87.4,N
8,133,504.5,18,1,284,49.8,D
3,192,396.6,29,11,190,27.1,N
1,125,568.1,24,11,228,99.0,T
1,125,360.0,26,9,331,93.4,T
9,159,335.4,4,1,357,43.5,T
2,94,296.3,14,12,101,41.7,T
9,93,366.9,26,5,342,97.2,T
5,49,216.0,9,2,321,49.4,D
2,117,206.3,2,10,356,98.8,T
1,184,95.1,9,12,324,45.2,D
7,52,156.3,22,11,105,28.2,D
3,234,73.4,16,11,312,62.5,D
1,213,228.8,17,6,350,97.2,D
2,162,57.3,1,3,207,57.1,T
1,17,587.0,1,8,162,39.0,N
1,27,411.8,15,9,257,62.3,T
5,126,212.0,10,3,249,94.1,N
7,61,108.2,13,2,236,80.8,T
4,170,475.9,8,7,224,82.8,T
5,174,279.1,22,3,75,24.8,D
2,112,456.1,24,12,151,57.6,N
6,57,208.4,25,7,207,47.6,D
5,225,29.7,8,8,128,35.1,D
7,160,63.4,5,2,63,37.4,N
1,70,383.6,18,3,84,87.2,T
4,157,328.0,29,10,264,68.9,N
5,59,444.4,8,10,183,43.9,D
5,59,557.3,22,9,329,46.2,T
4,219,268.8,17,2,293,44.3,T
9,217,49.1,3,11,251,28.5,N
2,63,400.2,29,12,97,69.9,N
3,101,139.4,8,3,130,41.1,T
6,125,247.5,28,3,300,68.9,D
2,89,69.6,29,10,202,49.0,T
2,52,251.1,9,10,246,28.0,T
2,60,471.9,11,11,176,85.3,T
2,183,59.3,24,6,254,98.6,D
3,100,234.3,3,12,68,77.5,N
2,242,365.8,16,11,85,89.0,T
2,173,173.1,9,5,316,45.2,D
8,115,289.8,2,2,303,54.9,D
5,243,542.8,15,6,313,40.6,N
6,142,90.8,18,7,330,20.0,D
3,237,168.4,3,2,177,74.3,D
8,75,375.9,12,4,168,34.4,N
4,99,564.8,14,8,350,48.2,T
2,43,36.4,3,3,282,62.5,D
1,240,134.5,26,4,110,71.3,T
9,107,361.3,10,12,261,29.6,D
2,235,469.2,17,8,307,64.5,N
2,191,585.5,30,10,177,40.2,N
5,116,379.5,20,6,183,78.9,N
6,228,462.3,5,10,318,40.1,T
5,181,360.8,3,6,183,86.2,N
6,200,213.4,4,2,144,75.4,T
2,112,569.6,2,9,176,41.0,D
8,45,252.2,20,11,85,64.2,D
9,243,59.9,15,1,64,62.5,T
7,188,148.2,4,10,299,97.7,N
9,18,67.4,1,3,269,99.4,T
7,82,429.7,9,10,252,70.4,N
3,248,56.1,4,4,126,27.2,T
1,91,384.5,16,11,118,97.3,T
1,249,153.4,24,7,108,24.2,T
1,121,556.2,28,6,125,40.7,D
7,235,302.5,19,12,98,35.3,T
1,197,568.3,28,5,184,48.1,D
6,208,518.6,8,4,73,58.2,N
8,15,264.4,23,5,119,26.4,D
4,141,33.2,16,9,134,88.6,D
1,80,385.7,20,6,136,28.9,T
5,10,244.5,21,1,87,39.9,T
4,146,462.2,19,4,176,97.6,T
4,72,399.0,11,4,129,79.4,N
7,108,246.4,13,12,213,86.3,T
9,62,97.6,31,3,345,72.4,T
8,62,399.6,2,10,81,55.1,T
6,162,116.7,30,9,345,64.1,N
8,187,452.4,11,10,105,48.5,T
9,198,266.2,15,2,315,84.2,N
5,11,596.9,8,9,271,45.4,D
5,100,556.6,29,3,63,81.0,N
2,134,25.7,3,11,82,63.6,D
2,188,315.7,14,8,65,85.8,T
6,36,392.4,27,3,345,25.7,D
9,16,52.5,21,6,210,90.3,T
5,159,594.6,6,3,106,87.9,T
1,92,595.8,6,8,111,84.6,T
2,61,82.4,17,11,206,41.4,T
1,200,93.1,18,6,220,58.7,D
8,132,401.9,11,5,342,37.8,D
1,88,109.7,10,4,72,85.6,N
5,237,287.9,6,2,300,84.2,D
9,170,378.5,21,12,210,55.1,N
6,145,596.9,10,3,222,39.5,N
9,149,522.6,6,5,332,94.4,D
1,234,184.4,1,7,260,88.6,N
7,226,544.2,5,11,266,98.6,D
5,136,243.4,14,8,259,33.4,T
9,151,591.6,20,7,114,60.6,T
8,103,504.6,27,10,79,98.9,N
1,91,80.6,11,6,144,25.5,D
7,184,31.5,22,3,338,83.1,T
9,105,370.4,21,9,106,79.9,N
6,153,125.3,6,8,339,70.9,N
9,201,235.8,22,10,116,95.7,T
6,207,336.8,27,11,237,39.9,T
6,43,177.1,12,8,88,69.0,T
8,179,521.2,27,11,277,58.1,D
7,25,435.8,21,8,67,37.3,D
5,131,307.2,10,1,264,47.1,T
6,54,378.1,12,11,207,69.5,N
4,166,103.6,16,10,144,45.9,N
8,234,56.4,12,4,136,93.3,N
9,217,577.8,13,2,334,86.4,T
4,14,224.5,25,9,258,72.1,T
4,13,178.9,5,11,141,68.0,D
6,131,446.3,14,12,334,85.2,N
2,74,269.1,21,12,156,90.4,D
6,237,522.6,22,7,306,23.7,D
9,123,357.4,2,4,346,55.7,T
8,129,365.6,29,9,345,41.2,D
5,170,300.7,21,1,85,25.3,N
1,29,555.9,1,2,100,53.7,N
5,51,431.1,11,5,205,83.5,D
1,75,578.8,4,10,115,83.1,N
1,75,396.9,25,6,219,92.5,D
8,158,449.7,6,12,243,41.2,N
6,92,284.1,14,5,202,87.3,T
3,64,354.8,29,7,260,88.1,D
7,104,444.8,20,3,138,84.9,D
6,133,459.3,12,4,272,61.6,T
9,217,449.9,6,3,248,60.8,D
5,42,218.1,19,9,324,83.6,T
7,238,342.0,9,1,72,25.8,D
1,246,343.6,30,11,215,87.5,N
9,85,587.5,21,5,148,89.2,T
5,96,463.8,10,12,336,91.5,T
4,28,263.6,8,2,263,78.4,N
5,63,455.4,4,4,359,37.0,T
3,169,44.9,28,5,289,47.2,T
7,219,562.6,4,11,290,67.1,N
9,80,416.4,1,6,71,56.4,N
5,35,518.9,25,7,307,23.8,T
6,159,537.2,11,2,174,68.4,D
3,74,519.8,6,7,202,22.6,N
1,123,76.7,18,1,95,66.7,T
5,147,89.6,2,12,247,99.8,T
5,213,442.2,28,11,136,53.2,D
4,145,75.4,10,5,217,53.5,D
5,187,144.7,10,1,234,77.2,T
6,16,518.7,14,4,232,96.7,N
4,141,381.7,1,12,161,46.9,D
9,170,235.4,1,12,192,29.3,D
7,15,197.9,4,7,302,99.3,D
5,175,115.9,29,9,203,42.6,N
7,174,279.2,25,8,357,82.5,T
5,27,507.8,15,6,120,58.8,D
9,224,431.6,25,1,299,50.3,N
6,16,522.8,14,10,130,97.7,T
5,82,578.5,24,2,82,55.6,N
1,195,532.4,25,8,273,92.6,D
2,63,340.0,30,10,178,32.5,T
7,132,249.7,4,10,348,52.4,N
9,64,65.9,23,7,244,74.0,T
6,158,481.0,28,4,308,84.0,D
5,68,575.0,31,5,154,86.9,D
5,24,344.4,25,11,223,47.9,D
9,193,22.2,23,2,202,99.7,D
1,112,11.7,24,8,262,83.8,D
4,48,436.2,27,2,280,49.9,N
5,85,104.7,1,12,283,73.1,N
2,191,309.8,7,8,250,21.7,N
8,80,120.9,7,9,326,27.2,T
1,187,102.2,2,6,177,23.8,T
5,197,215.4,24,6,106,52.5,N
6,55,192.7,29,6,170,28.7,N
5,139,151.7,2,2,303,66.4,N
4,148,586.7,9,2,63,91.4,D
7,187,233.1,11,6,85,37.5,T
4,180,402.7,15,8,134,58.8,T
4,224,451.1,15,7,267,74.0,D
4,158,318.8,3,4,88,74.9,D
2,173,492.2,24,6,80,29.1,T
5,128,100.4,9,6,323,93.5,T
5,148,250.7,30,11,289,38.0,N
4,29,103.2,14,6,230,49.2,T
4,26,531.3,28,5,219,25.9,N
2,104,218.9,12,10,124,94.1,D
1,136,26.8,22,12,89,65.5,N
8,249,299.9,5,4,72,63.4,D
1,106,212.6,29,8,207,76.4,N
2,190,64.8,8,2,71,58.0,N
6,199,541.9,13,7,72,54.7,T
9,13,153.2,31,10,201,49.1,N
1,38,63.9,17,9,189,20.2,D
6,223,344.6,28,7,190,48.6,D
4,57,239.4,12,9,244,36.7,D
7,11,352.5,25,10,241,40.1,N
5,102,466.4,15,11,67,85.4,T
8,36,447.0,1,3,168,93.6,N
2,66,71.1,25,9,295,76.3,D
1,161,571.9,21,4,314,88.5,D
9,82,124.5,25,5,97,55.8,T
3,18,49.1,14,12,340,31.9,N
3,121,330.8,21,10,242,86.0,N
1,49,324.9,26,1,156,82.5,T
2,240,354.4,16,11,205,42.5,T
8,120,425.1,30,10,238,86.7,D
2,43,479.1,26,5,261,98.3,N
3,170,511.7,8,8,327,48.0,T
5,193,387.4,6,1,322,51.0,D
6,241,103.8,23,8,121,98.0,N
4,152,461.3,5,5,61,57.9,D
8,106,330.2,20,12,210,85.7,N
6,168,64.6,10,3,329,57.1,D
2,214,206.5,10,3,357,52.3,T
7,107,363.2,20,12,350,96.0,D
5,13,397.1,3,5,298,35.1,D
9,241,513.0,30,3,178,21.8,T
9,222,95.6,14,9,286,32.5,D
3,93,436.2,27,1,174,85.3,D
6,187,394.9,6,5,321,94.5,N
6,207,107.5,8,10,78,29.9,D
8,16,530.6,1,3,107,36.4,D
4,189,483.1,6,4,62,71.3,D
1,19,345.8,26,8,291,66.0,T
1,238,121.9,16,2,280,24.9,D
7,210,381.2,5,9,288,62.8,T
7,75,550.7,27,4,145,80.1,D
2,51,527.4,13,6,190,33.0,T
9,213,597.1,10,9,290,97.6,D
3,53,410.8,22,9,201,29.2,T
3,42,57.2,12,1,306,56.2,T
8,88,463.2,20,10,135,62.9,N
4,60,445.7,3,4,312,50.7,D
3,77,572.6,15,9,163,64.7,T
3,60,59.3,8,7,264,84.8,T
6,93,527.7,10,6,84,91.1,D
2,178,34.2,6,10,338,58.9,T
5,17,469.5,10,12,102,54.5,N
1,187,151.3,14,7,177,45.1,T
2,102,171.2,21,11,103,68.3,D
6,220,81.2,11,3,173,43.4,D
6,49,140.2,18,10,345,50.1,D
3,246,418.7,26,10,145,21.7,D
5,191,195.0,8,10,159,90.8,N
1,128,193.9,25,7,225,53.3,T
2,150,277.7,3,10,344,93.1,T
9,165,570.7,22,11,326,55.7,T
5,106,218.5,16,1,234,74.1,T
5,240,513.6,23,2,76,21.3,T
1,47,400.2,1,11,110,31.4,N
8,71,321.2,23,6,340,76.4,D
5,249,47.9,5,2,78,66.2,T
4,87,424.6,6,3,326,55.6,D
1,128,392.4,20,1,175,47.1,D
5,146,13.8,28,11,138,36.8,T
2,86,187.4,2,4,350,53.7,N
1,197,340.8,11,6,261,25.9,T
6,237,132.4,25,3,208,49.2,N
8,157,128.2,27,11,202,96.4,D
5,206,402.3,23,5,247,60.4,D
3,214,255.7,3,12,100,94.4,T
6,155,166.1,1,5,156,27.6,T
3,36,394.8,10,5,80,69.6,T
4,185,273.3,22,1,243,63.8,D
6,163,548.2,25,8,286,69.3,T
3,21,227.6,28,2,279,67.8,T
7,207,446.8,28,10,75,63.7,T
6,14,226.8,25,6,60,80.7,N
1,166,183.6,14,3,333,95.7,N
9,234,514.6,21,5,237,75.3,D
3,193,41.9,30,4,257,21.4,N
3,50,393.9,22,9,88,81.4,T
1,12,93.7,5,2,160,87.6,D
1,96,427.3,8,5,189,77.9,N
5,94,154.0,9,4,267,42.5,T
7,191,399.8,16,8,137,76.2,N
4,245,257.7,4,2,277,60.8,D
3,222,539.6,5,7,205,51.8,N
9,38,180.2,31,1,120,77.5,N
3,215,507.5,23,5,190,82.2,D
1,189,145.7,22,8,351,98.5,T
8,196,48.7,24,7,332,61.5,T
2,58,102.7,3,7,174,80.1,D
7,220,370.8,27,3,149,60.8,D
1,233,264.6,6,3,73,71.0,D
3,12,495.7,11,12,224,74.9,N
3,162,65.2,7,10,149,39.4,D
4,120,335.5,9,7,167,32.2,N
5,117,130.0,3,5,297,79.3,T
6,196,53.2,16,7,291,36.6,T
6,22,205.2,31,12,79,63.7,D
2,36,289.0,8,3,111,81.1,D
3,234,534.0,23,5,295,62.4,T
1,175,377.2,1,8,275,32.4,T
8,106,128.2,24,11,297,51.0,N
1,17,351.7,2,4,294,50.5,T
9,179,543.7,22,6,162,32.6,N
1,86,340.0,15,11,356,57.5,T
9,233,497.6,24,5,67,77.7,N
7,188,260.0,31,10,171,76.4,N
8,131,524.8,9,10,326,30.4,N
3,63,583.3,19,5,333,85.9,N
9,193,186.2,17,1,298,87.9,N
7,118,284.7,1,6,230,78.9,T
7,212,47.8,4,11,79,97.6,T
5,104,62.5,1,4,173,30.1,N
2,52,372.1,4,9,300,44.6,D
3,193,177.4,27,11,158,46.5,T
9,132,216.0,1,8,98,52.6,D
4,239,553.2,27,5,140,74.2,D
9,25,546.6,14,12,340,60.5,T
9,165,136.5,12,7,226,79.3,D
1,105,150.3,12,3,278,53.0,N
2,218,263.1,8,6,239,89.8,D
3,132,597.8,2,9,289,39.8,N
7,33,298.5,10,3,145,31.5,N
8,39,259.3,8,2,283,64.9,T
8,226,192.7,17,5,340,47.0,D
4,193,403.4,22,9,247,95.2,T
5,240,121.3,22,7,120,60.3,D
8,235,387.4,18,4,201,36.3,N
3,237,260.1,20,2,142,31.6,D
5,103,488.1,7,11,142,35.2,D
8,175,487.5,10,6,305,55.8,D
2,227,211.4,6,4,334,52.7,T
1,228,447.8,6,4,114,30.3,T
8,14,508.5,19,6,236,76.7,T
6,150,18.2,3,5,93,28.9,D
5,217,489.3,9,3,85,82.8,N
5,127,413.7,27,3,160,25.7,D
7,21,372.7,12,3,278,49.6,D
8,162,222.1,29,8,305,78.2,D
9,236,533.6,2,8,128,20.7,N
4,150,401.2,2,7,144,54.8,T
5,68,88.2,19,1,264,96.4,N
1,143,408.1,26,10,179,94.6,D
1,226,214.5,7,6,293,92.2,D
5,203,543.9,30,7,280,37.6,D
7,11,475.1,7,7,169,38.7,T
1,63,424.5,2,12,355,82.6,N
6,214,350.6,13,9,108,51.3,N
3,124,320.4,5,9,218,27.5,D
7,88,547.9,22,11,262,57.9,N
5,169,148.0,29,6,150,22.2,N
5,13,441.8,19,12,205,90.0,N
8,87,80.5,1,9,279,71.3,N
9,34,336.3,18,2,359,61.1,T
6,243,176.6,6,9,278,78.5,N
4,20,171.0,19,5,236,91.9,N
2,104,38.3,29,8,226,76.9,D
4,48,41.8,22,7,267,22.8,D
6,75,362.2,26,1,346,58.2,D
3,23,116.2,27,7,67,71.1,T
3,41,365.1,21,12,210,68.8,T
7,244,388.1,9,6,323,80.2,D
5,231,303.5,18,8,245,93.7,D
8,75,303.2,11,12,267,89.5,D
2,116,112.1,24,7,126,69.1,N
7,151,281.8,27,11,334,46.3,T
9,91,510.9,30,11,75,70.2,T
3,234,399.1,19,12,82,68.7,T
1,18,195.9,10,2,160,86.3,T
4,146,201.9,3,10,69,21.2,N
2,126,386.3,17,11,224,89.1,T
7,34,374.7,29,3,264,23.8,D
7,243,530.9,14,2,269,91.3,N
3,206,341.8,25,5,286,89.2,T
9,14,275.1,10,6,225,52.4,D
7,139,282.3,1,11,159,64.8,T
6,12,49.8,1,9,348,23.3,N
1,146,233.6,30,3,268,82.7,N
9,130,215.2,1,1,88,42.1,N
9,189,112.4,18,2,139,75.2,N
4,193,199.4,27,10,144,90.8,D
2,196,515.6,12,3,208,76.3,D
6,147,315.7,17,12,129,48.3,D
5,179,224.8,13,3,198,27.8,D
3,127,25.2,17,3,336,59.9,D
8,81,69.7,6,6,80,35.3,D
8,19,19.4,20,6,302,66.2,T
5,36,280.0,28,7,198,60.0,D
1,32,53.7,1,9,325,37.4,N
3,223,533.9,12,12,107,24.5,D
1,239,22.8,20,1,256,71.2,N
5,228,233.9,5,6,315,70.3,N
2,57,373.8,11,3,211,72.5,N
2,91,183.3,6,9,350,62.2,T
7,109,322.2,23,2,324,53.3,N
9,176,559.0,12,6,305,90.5,D
3,216,498.6,13,2,161,84.6,N
9,13,47.3,17,3,256,25.7,D
3,125,191.0,12,4,127,90.0,D
1,11,237.7,14,6,294,22.1,T
2,95,567.7,2,8,250,79.4,T
1,94,178.9,30,9,60,31.4,N
5,91,472.6,10,11,199,88.3,D
1,88,58.8,12,10,178,31.2,N
8,249,280.3,23,6,344,58.0,T
9,174,451.1,9,9,97,51.9,T
7,185,167.2,16,3,329,94.1,T
9,215,486.6,10,9,75,38.4,D
2,62,303.6,15,8,62,31.2,N
2,249,423.1,27,7,275,54.9,D
3,114,459.8,12,8,65,41.2,D
9,207,96.7,18,3,287,83.3,D
7,66,332.8,9,5,86,89.4,T
9,169,112.7,9,8,256,49.9,N
6,58,398.0,16,4,114,89.7,N
6,66,457.6,23,1,293,60.3,D
5,104,219.5,27,9,104,64.2,T
3,150,304.8,1,7,198,55.1,T
4,184,181.5,13,1,217,24.9,D
6,162,298.3,23,8,222,36.1,N
1,151,326.5,5,3,92,77.5,T
3,131,371.5,18,7,335,84.2,D
6,229,60.1,7,11,322,62.9,N
3,231,76.3,11,6,149,93.0,T
5,40,591.4,9,8,132,95.6,N
6,75,353.3,28,6,357,74.5,N
1,29,141.0,3,1,76,66.7,D
2,100,15.3,9,4,247,76.0,D
6,75,98.6,16,12,208,37.4,D
8,99,472.2,17,8,264,23.9,D
8,152,372.8,6,6,223,95.7,D
9,141,381.6,5,11,308,47.5,D
8,225,403.2,21,6,292,92.5,N
6,145,400.5,18,2,172,44.4,T
5,61,375.0,13,11,356,22.4,D
7,144,211.4,21,11,349,62.0,D
3,100,42.5,3,1,285,90.2,T
8,92,485.6,31,10,139,78.8,D
2,112,385.6,15,7,322,57.9,N
4,138,487.2,6,9,208,71.1,N
6,216,210.9,16,12,252,44.8,T
9,197,349.9,2,10,229,25.2,D
6,178,397.5,16,1,86,34.0,D
8,170,336.1,24,8,130,43.3,D
2,195,28.2,26,8,303,70.0,T
2,105,208.1,14,10,231,49.9,T
9,244,149.2,9,8,355,24.3,N
4,66,497.3,21,11,353,27.6,T
5,58,357.7,22,8,140,45.3,N
9,23,91.6,22,7,328,78.5,T
8,81,147.1,30,10,287,95.9,N
3,44,506.9,21,2,237,43.8,D
2,19,17.4,6,1,281,40.1,D
2,180,234.4,29,1,87,55.8,N
9,18,154.7,20,3,358,60.7,T
7,35,250.6,5,11,137,58.3,D
4,185,307.2,15,3,69,35.1,T
5,17,503.9,10,9,353,54.8,T
3,227,301.4,1,10,73,35.0,N
7,160,237.0,18,3,349,40.7,N
4,243,527.6,12,3,352,67.1,N
6,58,573.3,26,9,339,71.5,D
4,131,42.5,6,11,124,30.9,T
8,22,174.2,25,11,143,95.5,N
7,10,484.3,1,2,131,95.7,N
8,106,328.4,14,3,155,93.4,T
8,176,122.1,14,8,275,43.3,N
7,80,180.5,18,9,121,22.5,D
3,187,536.5,13,1,63,98.9,T
4,210,593.1,24,9,193,22.2,T
1,31,307.5,10,8,267,34.2,N
7,154,173.2,25,9,64,45.3,D
8,42,378.1,1,1,256,60.8,N
6,179,580.2,25,7,143,25.5,T
1,89,594.1,7,7,293,21.1,N
3,137,122.1,7,11,167,47.3,D
4,42,153.7,4,5,359,94.8,D
4,22,534.0,4,11,331,71.7,D
3,226,272.1,22,3,100,63.4,T
3,196,115.4,10,4,351,58.0,T
3,71,210.1,28,12,284,30.6,N
5,135,317.3,19,2,133,75.8,D
7,101,361.3,25,1,114,22.9,T
1,246,500.7,24,5,292,27.0,T
3,247,513.8,14,4,217,37.5,D
3,133,185.4,10,5,335,39.1,T
8,144,34.2,9,5,69,54.3,N
1,250,314.5,11,6,340,40.7,T
5,88,58.1,16,12,206,34.7,N
9,187,511.9,16,12,180,35.3,D
9,161,171.6,11,5,100,81.8,D
8,159,360.3,12,10,235,28.3,N
6,80,376.0,28,6,177,51.5,D
4,18,311.9,29,10,220,39.3,D
7,126,213.3,21,11,277,55.3,N
9,48,471.6,23,8,211,29.2,D
1,218,218.6,20,6,286,24.0,T
9,90,183.3,30,12,174,35.9,T
7,99,319.2,9,2,77,61.1,T
7,144,129.7,26,1,297,34.0,T
9,148,390.2,24,6,100,53.7,N
3,31,470.7,9,3,235,62.7,D
5,237,463.1,5,7,266,53.0,T
2,135,417.7,4,3,252,96.3,T
9,99,213.3,20,1,283,49.8,D
5,101,112.1,23,3,221,43.0,N
2,147,324.4,11,11,99,36.8,N
4,231,197.3,12,3,339,71.8,D
5,65,38.2,7,8,239,72.1,T
2,49,578.3,15,5,184,22.3,T
8,52,285.0,9,9,189,73.4,D
4,197,513.6,23,5,203,83.0,D
1,73,370.4,22,11,233,33.2,D
7,63,351.6,26,1,213,28.4,D
6,168,56.6,18,6,273,81.6,D
7,101,521.1,17,3,85,82.0,D
7,175,113.2,6,10,91,66.7,D
4,19,529.2,4,2,359,53.1,N
6,209,392.6,2,6,341,46.4,T
2,16,402.3,3,1,143,83.2,N
3,170,494.9,3,12,87,86.0,T
3,11,150.6,20,9,99,45.6,N
1,49,85.1,11,8,93,49.7,N
1,219,399.8,24,11,272,54.6,N
6,57,376.5,3,7,119,84.8,T
9,244,552.5,3,12,63,56.1,N
7,115,41.1,22,2,106,81.7,T
4,40,220.4,15,11,110,36.8,N
4,18,70.0,29,8,107,59.1,T
4,191,457.4,3,11,249,88.5,N
3,218,547.1,9,2,151,34.2,N
5,180,578.3,29,10,280,66.9,T
6,53,483.1,1,5,295,81.9,N
5,64,425.0,18,12,203,78.2,D
3,106,144.6,12,4,210,30.6,D
4,115,175.1,23,10,83,63.7,D
1,15,88.9,9,4,265,79.4,T
6,108,486.2,25,7,198,49.2,D
8,139,76.6,29,11,250,84.1,D
9,55,480.4,8,6,320,89.5,D
2,201,370.0,18,12,321,36.0,T
2,95,402.8,23,10,84,72.9,T
6,15,446.1,10,9,269,94.6,D
6,173,279.0,14,3,223,45.5,T
8,207,353.9,29,9,242,39.2,T
1,158,480.2,9,2,189,22.5,N
7,196,342.3,9,2,227,78.7,N
7,241,471.7,3,7,292,36.4,D
4,28,494.6,7,1,62,78.3,N
1,172,224.1,7,3,214,52.5,D
1,188,147.4,14,1,84,57.5,T
3,185,362.4,28,10,68,52.5,N
7,223,77.4,19,7,157,89.3,N
4,80,537.5,22,1,63,34.2,D
3,53,305.8,26,8,129,66.2,N
4,165,368.7,23,2,273,26.8,N
5,80,191.8,6,4,225,62.4,T
7,19,292.3,25,5,175,42.9,T
7,100,255.3,9,2,104,95.0,N
1,41,540.2,11,5,80,79.0,N
4,75,455.0,27,2,302,67.8,N
2,122,550.5,12,4,197,63.6,D
7,212,381.0,22,11,335,78.1,T
2,190,21.1,31,3,148,42.6,D
3,93,220.2,19,5,280,66.6,N
5,148,409.3,31,5,94,63.3,D
4,183,273.9,22,10,226,76.5,T
4,121,170.1,4,9,248,30.5,N
6,136,66.4,2,12,222,57.8,T
5,141,392.6,24,11,251,85.0,T
2,46,229.9,17,9,301,86.1,D
5,207,447.9,20,8,166,80.4,D
9,244,597.8,5,9,93,24.1,T
6,128,424.0,20,10,213,66.8,T
4,44,314.4,7,4,79,74.4,D
7,131,479.0,13,10,164,77.1,D
9,240,299.6,28,5,73,80.8,T
4,134,426.1,25,12,212,84.7,N
2,109,17.2,7,4,271,47.3,D
4,247,10.0,26,9,107,90.6,T
1,190,188.3,13,3,282,77.2,N
4,55,234.4,7,5,103,81.4,T
6,190,239.6,2,2,263,46.8,N
9,22,379.2,6,5,245,42.4,N
9,250,580.9,17,9,139,49.9,D
5,242,164.8,24,2,321,97.0,N
5,237,571.5,30,8,260,89.8,T
8,149,300.8,30,6,172,72.3,T
3,131,496.2,12,6,316,23.0,N
3,190,480.3,16,7,350,22.8,T
9,217,151.1,9,4,220,62.3,N
7,32,389.5,31,1,156,29.1,D
6,134,339.9,22,9,122,24.2,N
7,156,354.3,25,1,148,85.6,N
9,49,503.4,2,10,132,74.6,T
3,80,148.1,30,4,215,81.1,T
7,246,301.3,30,7,192,91.2,N
3,137,45.8,13,11,237,54.6,N
8,54,260.5,18,3,251,69.9,N
8,149,596.5,16,7,158,60.1,N
9,136,53.4,28,6,237,28.5,D
6,185,403.4,11,12,268,59.6,N
9,33,293.5,21,8,230,50.6,D
6,179,506.7,13,5,148,91.7,T
1,166,78.0,3,10,71,64.8,D
8,152,263.8,19,7,201,93.6,T
1,138,451.0,24,1,173,37.2,N
1,190,90.6,18,2,288,63.5,D
4,189,467.1,30,9,254,95.5,N
7,219,521.4,21,6,204,70.5,D
8,31,461.8,25,8,79,87.0,D
8,85,189.2,23,3,309,89.4,N
6,191,381.4,12,11,117,43.7,N
1,153,299.5,5,1,210,37.1,N
8,202,592.9,15,8,82,38.8,T
7,52,364.2,2,6,253,99.5,T
7,205,507.2,17,12,271,21.7,N
8,96,495.3,4,12,115,97.6,N
6,44,367.4,7,7,64,32.8,D
3,179,335.1,1,8,147,33.1,N
8,200,551.3,19,5,309,23.1,N
3,246,166.2,10,9,334,59.6,N
5,76,441.2,1,9,227,45.8,D
4,165,143.8,26,2,154,69.1,T
1,128,488.5,18,6,345,53.3,T
3,24,350.6,16,3,112,20.2,N
8,164,571.9,9,2,132,80.5,N
6,169,248.4,22,10,214,33.3,N
7,117,239.7,11,10,145,37.7,T
6,30,54.3,8,1,311,38.7,N
5,236,533.4,14,10,144,82.3,D
1,210,95.0,9,5,183,94.6,T
1,230,400.6,20,5,292,98.0,T
9,168,470.7,16,10,293,48.0,D
2,116,217.2,4,1,359,71.4,D
6,236,433.1,2,7,112,46.7,D
1,87,151.3,19,7,145,25.3,N
4,155,535.0,20,4,207,52.3,D
1,29,394.8,11,4,253,99.3,N
5,149,347.8,19,10,142,33.7,N
4,116,12.2,20,11,141,56.3,N
6,67,418.0,5,1,77,40.9,N
7,190,15.3,1,4,233,71.8,T
6,141,82.5,28,10,294,41.6,D
8,43,154.5,22,8,215,74.9,T
5,46,498.6,5,10,358,42.8,D
5,242,405.2,22,2,126,87.0,T
5,129,128.5,29,10,300,20.7,D
8,51,147.1,22,11,337,44.1,T
4,18,38.2,26,10,161,35.4,N
9,114,351.4,28,7,89,43.8,T
1,154,113.7,30,6,79,26.7,D
2,102,340.8,24,11,61,76.2,T
2,151,331.4,27,4,247,84.4,D
4,182,296.3,12,11,67,78.4,D
6,18,122.2,14,3,359,54.6,D
5,22,530.1,3,2,198,72.6,N
2,128,171.3,29,7,84,88.5,D
5,63,590.6,23,1,72,40.6,D
8,94,333.7,6,9,241,84.0,T
1,58,465.1,15,12,120,98.0,D
9,15,135.7,21,6,359,92.4,T
2,20,510.0,4,10,103,89.1,D
4,109,84.2,30,7,210,48.5,T
4,219,415.9,22,2,298,33.4,T
1,68,145.3,27,10,284,80.8,T
1,90,149.0,2,5,133,95.8,N
2,99,18.5,7,11,330,73.6,N
8,85,270.7,17,12,280,27.6,N
1,181,257.9,9,9,121,37.4,N
3,103,262.3,10,7,70,58.8,N
8,143,268.5,7,12,125,75.6,N
5,149,117.4,1,4,289,24.7,N
2,167,461.7,7,1,137,99.5,T
3,195,559.8,6,3,126,22.4,D
5,49,184.5,18,8,121,72.1,D
9,91,50.3,1,2,168,82.3,N
7,21,186.3,22,2,239,86.9,N
4,248,12.2,28,4,102,88.4,T
5,143,270.3,6,12,140,67.0,D
4,145,160.6,4,5,277,46.4,D
4,169,163.2,28,2,298,75.0,N
4,136,31.7,9,4,78,95.8,N
7,139,564.3,31,5,96,71.4,D
8,55,465.8,23,1,192,78.7,N
7,87,401.8,31,7,99,91.6,N
6,216,488.7,2,3,284,92.0,T
1,78,333.7,1,2,229,51.0,T
2,208,547.1,1,1,80,90.2,N
4,19,471.6,5,8,87,52.9,N
8,209,585.8,9,9,240,53.8,T
6,224,181.7,26,6,275,92.3,T
5,106,133.1,15,7,287,73.2,N
9,170,303.5,20,5,112,30.1,D
4,108,450.5,9,2,278,50.4,N
8,111,390.4,3,9,145,96.1,T
6,167,583.2,20,8,115,38.0,N
7,140,362.4,1,7,306,90.1,D
6,76,334.7,7,10,328,82.6,T
2,105,386.4,2,12,286,73.8,N
3,140,63.1,9,6,189,53.1,D
1,158,37.0,3,2,237,41.0,T
3,181,49.5,27,9,224,96.5,D
8,231,358.0,10,3,88,40.0,T
8,73,112.0,21,6,347,69.0,N
9,15,567.0,23,2,88,55.3,T
6,175,213.5,22,11,225,41.8,N
4,231,388.3,5,11,320,43.8,N
3,238,551.4,11,1,100,69.2,D
2,201,446.5,31,5,95,32.6,D
8,228,74.6,16,1,90,44.8,N
5,55,579.5,30,9,325,69.2,N
4,78,113.7,16,6,136,67.7,D
7,215,207.2,2,2,235,85.9,N
8,158,96.1,20,2,310,79.3,N
9,165,53.6,4,11,352,97.4,D
5,159,32.9,14,8,102,75.7,T
6,145,233.7,22,4,318,58.2,N
8,121,115.1,8,8,234,57.2,N
8,47,71.2,7,6,235,85.1,N
7,220,107.4,1,1,135,44.3,N
6,57,302.6,13,10,108,44.6,N
7,58,347.2,24,11,325,49.8,T
4,38,322.8,4,2,200,99.8,D
3,72,166.7,23,11,122,36.4,N
6,71,127.1,12,8,80,30.6,T
3,207,459.1,9,10,118,21.5,T
7,239,312.9,20,1,256,50.4,D
9,11,43.3,17,3,157,31.4,N
1,92,508.9,7,6,144,29.1,T
5,46,420.6,29,10,88,67.6,T
1,84,550.1,8,6,347,81.1,D
4,203,371.8,1,7,73,61.4,T
2,10,258.8,14,2,100,85.8,T
1,30,84.2,19,8,175,28.6,N
4,175,491.9,26,6,204,61.0,T
5,104,286.3,6,5,276,82.9,D
1,239,522.5,29,5,175,81.3,T
3,64,254.7,16,3,352,49.1,D
7,54,365.5,7,1,240,47.6,N
3,239,547.7,12,8,176,67.0,N
9,179,128.7,7,7,147,34.1,T
5,46,422.1,3,2,228,24.0,D
5,68,265.3,15,7,129,50.4,D
1,104,490.3,27,6,175,44.8,T
7,159,235.7,19,9,292,21.8,D
7,199,354.0,25,3,144,99.9,D
5,245,153.4,4,9,264,99.3,T
1,20,524.8,4,9,69,58.3,T
3,112,214.1,31,1,153,31.0,D
4,178,35.7,11,6,293,88.6,D
3,155,266.4,22,7,107,97.3,T
4,77,236.3,18,8,209,22.3,N
1,118,359.9,25,5,93,88.4,N
2,11,105.1,6,12,265,29.4,D
2,38,427.9,17,9,138,60.3,D
6,79,386.7,26,2,90,33.3,D
6,85,394.0,20,4,186,46.7,D
2,172,539.0,21,2,331,40.2,N
2,165,336.2,25,9,289,23.2,N
2,193,55.3,23,1,125,85.7,N
9,49,350.6,26,1,345,66.7,T
2,175,480.1,24,6,208,90.6,T
3,228,58.9,30,11,336,21.4,D
5,99,468.2,30,4,349,63.0,D
2,116,149.7,8,5,170,32.5,N
9,39,61.8,28,12,176,30.9,T
4,114,63.8,1,9,243,50.0,D
6,106,540.5,21,2,220,88.3,T
3,34,347.7,17,3,341,31.7,N
8,123,382.1,13,12,285,91.6,T
6,90,39.5,3,3,346,25.8,N
7,173,205.4,21,6,291,74.0,D
6,216,461.0,16,3,259,81.1,D
6,154,95.4,27,10,132,27.7,N
2,29,474.7,17,8,151,91.7,T
4,116,425.4,23,12,87,59.1,N
5,160,59.5,1,4,357,96.9,T
6,155,506.6,3,1,318,44.0,T
2,181,30.0,13,8,156,97.8,D
2,57,400.9,29,4,188,40.0,D
8,47,538.4,3,10,255,32.7,T
9,242,513.7,22,5,211,20.7,N
9,215,79.4,16,3,138,25.9,T
1,214,143.6,6,2,149,97.0,D
4,215,570.9,29,5,253,48.8,N
2,193,237.8,29,5,183,76.4,D
8,183,558.9,18,9,203,50.4,D
5,204,350.1,11,11,347,87.0,N
3,95,525.2,22,11,66,89.0,D
6,143,54.5,28,3,147,99.8,N
2,139,284.2,18,3,225,67.9,N
6,108,84.4,19,11,268,32.4,D
1,170,224.2,22,10,267,62.8,T
3,17,98.2,21,5,333,65.3,D
3,124,90.1,17,11,71,66.9,T
9,68,345.2,8,7,338,28.0,T
6,13,180.6,16,1,91,20.0,T
7,167,109.1,2,4,240,66.2,D
5,129,222.3,1,9,135,45.1,T
5,124,301.3,30,6,213,66.4,T
6,97,492.4,2,12,336,34.1,T
5,173,560.2,12,10,109,32.6,T
2,159,541.8,26,10,176,76.3,N
4,209,556.6,17,7,115,66.2,N
4,174,546.2,5,4,254,72.7,D
1,111,28.8,2,7,64,92.1,D
9,68,339.7,28,8,231,38.6,T
7,10,363.6,3,9,69,57.7,N
4,249,290.8,24,6,218,88.7,D
4,248,557.7,29,3,214,53.7,N
7,240,446.8,26,4,89,50.2,T
4,97,102.5,17,11,209,51.8,D
5,133,205.4,21,7,91,29.1,N
7,72,107.3,14,2,350,97.1,N
9,106,367.0,11,1,129,99.4,N
3,169,401.3,5,1,169,37.5,T
3,205,196.4,22,3,177,74.2,D
6,79,342.9,9,12,247,24.0,N
9,135,317.2,20,9,327,94.4,T
9,18,139.4,12,11,198,66.7,N
5,145,264.8,14,1,343,41.2,N
7,169,375.6,18,9,172,35.4,N
2,164,133.7,20,12,179,44.6,T
9,163,307.2,22,8,297,96.0,T
5,223,542.4,16,1,153,72.3,T
5,16,426.8,15,8,125,71.8,T
2,219,82.4,22,11,340,48.4,T
5,63,118.9,29,3,61,96.2,T
7,164,415.6,17,2,343,63.8,N
6,239,460.1,25,8,262,57.2,T
3,67,402.5,27,10,356,22.2,D
7,187,592.9,12,6,184,82.6,D
5,245,14.8,3,1,197,81.2,N
6,172,483.4,7,12,186,61.8,N
1,69,51.3,14,10,341,47.9,D
5,219,538.7,4,12,121,92.1,T
5,126,388.5,22,6,247,88.7,T
8,175,518.5,16,3,106,66.8,D
4,149,75.6,21,7,185,40.0,D
7,186,307.1,12,10,128,70.0,D
4,97,386.5,31,10,113,23.4,D
2,248,228.7,17,9,102,29.6,T
9,108,155.4,2,3,171,44.2,T
8,146,313.0,9,4,170,79.6,D
3,31,471.0,20,10,73,26.4,T
5,84,232.7,12,10,98,29.9,T
8,81,56.3,28,4,295,75.3,D
5,202,356.2,13,1,348,66.3,N
3,72,394.6,3,5,123,68.3,N
7,17,41.7,29,5,200,85.5,N
7,124,560.6,15,3,236,53.6,D
3,121,439.4,16,10,224,20.6,T
8,56,553.1,14,11,182,36.8,N
2,68,513.4,13,10,93,98.1,T
9,142,556.6,15,12,359,73.3,N
2,225,407.6,9,11,135,57.6,T
6,19,265.0,24,11,302,76.6,T
7,76,528.4,26,9,72,99.0,N
9,20,473.5,12,5,254,30.3,T
8,84,456.9,3,2,296,24.4,D
7,117,556.1,13,9,256,61.0,D
2,241,429.0,3,3,295,80.6,T
3,32,508.7,29,4,313,94.7,D
7,167,19.8,9,9,331,94.9,N
7,122,381.2,17,4,323,96.7,N
8,123,417.3,18,7,237,57.1,T
6,149,187.9,8,9,180,70.6,T
2,104,432.4,24,4,283,22.9,N
5,65,387.7,28,8,199,97.3,D
1,154,302.0,15,10,119,39.7,N
2,148,54.8,18,12,129,22.0,T
3,216,494.1,22,3,242,67.0,N
1,19,122.6,5,12,156,35.0,N
3,169,474.6,19,2,346,62.7,D
2,24,468.7,28,11,87,86.8,N
8,169,430.9,4,2,308,25.0,D
6,14,378.3,15,6,304,91.1,N
2,142,314.9,6,9,293,75.1,N
4,64,537.6,5,12,279,81.6,T
5,126,11.3,13,7,282,48.6,D
1,54,277.7,7,12,261,24.6,T
5,163,29.0,3,10,66,27.3,N
8,91,536.0,26,7,207,48.2,T
2,203,166.9,8,2,271,59.4,N
1,210,254.9,3,3,85,59.7,N
9,22,253.9,16,11,82,75.8,N
1,193,164.8,17,8,63,77.9,N
7,99,199.7,22,7,354,48.3,D
4,137,141.2,3,12,78,97.8,D
1,170,412.9,10,4,68,21.1,N
5,189,483.4,28,1,256,56.0,D
2,53,103.4,20,4,211,87.4,T
7,91,598.4,23,7,148,43.0,D
2,243,473.4,9,11,265,40.7,N
9,175,61.4,2,4,60,39.3,T
2,197,202.9,21,4,188,92.5,N
5,106,420.1,1,4,60,85.8,D
5,130,208.7,20,6,230,81.4,T
8,19,449.8,2,2,104,96.8,N
3,115,199.8,8,10,152,49.5,D
6,31,200.2,25,3,160,73.8,D
7,217,367.7,7,1,346,81.7,N
1,182,593.4,7,6,196,75.4,T
6,69,108.1,8,2,285,83.6,D
9,66,186.2,14,2,64,79.5,D
1,40,344.5,5,2,152,60.8,N
6,165,354.4,20,9,273,46.8,D
5,117,506.4,17,1,165,31.3,N
2,12,352.6,7,7,244,68.6,N
8,113,270.7,26,1,346,84.5,T
9,157,542.1,28,11,76,86.3,N
7,229,138.3,5,4,285,57.1,T
5,221,567.1,8,5,84,31.8,N
3,86,528.0,11,4,167,51.2,N
9,112,170.2,22,11,280,77.8,D
1,201,413.8,2,3,298,91.2,T
6,97,511.7,30,8,252,80.8,D
1,238,453.8,19,7,172,22.3,T
4,136,129.9,7,10,262,62.7,N
6,167,596.6,19,9,330,81.8,N
8,130,451.3,21,5,148,87.8,N
5,211,405.9,1,1,167,79.8,D
2,217,355.7,7,2,80,26.0,T
1,143,48.7,21,10,306,39.3,N
3,185,103.5,24,9,263,78.6,T
1,159,164.0,27,5,200,24.2,D
3,166,275.6,23,9,146,88.1,T
7,234,321.6,13,12,250,46.4,N
2,236,41.5,5,9,252,83.0,T
2,18,531.2,9,4,290,47.7,N
6,241,75.9,14,4,211,67.3,T
3,50,241.2,26,12,169,99.0,T
5,66,511.2,15,9,239,65.5,N
4,87,585.1,25,12,245,64.6,D
8,60,294.4,11,7,237,92.4,T
4,167,384.7,15,9,152,92.0,N
9,91,275.2,10,7,86,96.3,D
6,98,483.1,15,5,233,68.4,T
7,127,202.7,22,5,293,56.8,T
6,145,523.6,25,2,120,74.9,N
9,167,513.6,3,12,345,53.1,T
7,101,142.8,27,1,99,99.7,N
2,190,370.5,3,7,99,96.9,D
8,31,138.7,14,1,220,40.0,D
9,61,235.0,30,8,247,71.9,T
2,25,138.5,8,10,290,65.1,D
7,31,215.2,26,1,305,41.1,D
8,118,262.4,2,8,226,28.9,T
1,187,458.1,27,7,228,20.5,N
9,107,502.0,15,9,81,67.0,T
3,102,267.0,14,11,154,56.2,T
1,190,66.6,26,9,166,93.8,N
4,174,577.4,22,8,291,43.6,T
8,152,64.8,27,7,168,28.9,N
7,167,167.0,30,1,243,99.3,N
8,61,21.6,4,4,201,99.8,D
5,80,285.6,19,6,211,26.3,D
2,133,137.3,5,1,349,47.4,N
3,235,591.0,21,1,153,68.1,N
2,189,484.0,10,5,140,23.1,D
5,241,63.4,6,5,302,61.6,D
3,113,430.3,11,8,157,75.4,N
7,38,539.6,13,8,238,76.2,D
5,74,477.0,7,5,199,73.4,N
3,203,18.3,26,11,211,92.3,D
6,54,214.7,24,8,85,30.6,N
6,40,349.9,24,5,101,53.0,N
4,124,290.4,19,7,250,89.0,T
7,126,83.9,6,3,283,31.8,D
6,22,252.7,21,2,211,23.6,N
8,250,220.8,31,8,306,80.9,D
2,22,333.1,26,3,231,90.5,D
2,23,330.2,26,11,350,40.2,D
5,13,362.4,20,12,288,42.4,T
1,103,579.3,6,4,157,24.5,D
1,25,108.0,1,3,235,33.5,D
2,159,331.0,11,10,60,79.7,D
4,10,571.6,13,8,100,78.7,T
7,96,123.6,5,9,168,56.9,N
9,34,123.7,13,9,145,64.3,T
4,244,33.6,30,8,323,98.1,N
6,33,278.7,6,8,74,66.6,T
8,27,558.5,19,2,286,21.4,N
9,86,402.2,28,5,242,45.6,T
6,179,264.8,12,11,234,48.0,D
3,200,255.2,11,11,254,50.7,T
1,35,540.3,18,7,344,56.4,N
4,126,513.0,8,7,71,36.8,T
8,97,244.8,22,7,214,36.0,N
2,240,164.8,20,11,62,32.7,N
2,229,424.5,16,7,74,25.6,N
2,10,516.6,19,10,120,92.7,D
2,170,592.8,3,7,321,43.3,N
3,93,84.0,24,2,115,97.0,N
9,237,326.2,21,4,285,40.0,T
3,93,370.4,22,2,342,41.3,D
9,176,254.9,14,6,286,58.4,T
6,105,60.2,2,3,318,68.0,N
1,234,370.8,19,5,85,59.3,T
6,182,230.2,1,1,356,99.1,D
7,207,387.5,2,10,68,71.1,N
3,130,239.7,30,3,346,62.8,T
5,135,166.6,27,4,80,23.5,D
2,249,17.7,11,11,220,29.1,N
9,213,357.2,7,3,145,97.9,T
2,200,282.5,5,11,178,31.6,T
9,108,435.3,25,3,352,77.1,N
8,45,566.5,24,9,304,65.8,N
7,231,550.7,13,1,349,65.8,N
9,209,221.5,16,1,140,72.0,T
8,45,129.9,21,2,180,42.3,T
1,96,391.5,12,11,140,67.5,D
2,247,470.1,19,10,127,43.3,D
2,104,337.8,25,12,328,73.6,D
4,50,33.3,27,5,140,24.3,N
4,28,224.3,2,11,217,23.3,D
9,19,44.2,6,12,140,76.0,N
9,15,497.5,30,8,235,84.3,N
8,235,24.2,14,9,347,31.1,N
7,107,477.8,4,1,74,39.9,N
1,53,345.8,30,11,220,58.2,T
3,36,281.6,23,5,336,33.0,N
8,69,527.4,24,6,107,22.5,T
3,127,340.9,15,10,235,60.8,N
8,60,407.5,29,9,106,99.3,T
6,243,383.2,29,4,230,92.9,N
4,182,595.0,26,10,183,46.4,T
1,111,30.0,13,3,220,79.2,N
1,91,520.5,23,11,131,33.4,D
6,96,143.2,11,7,86,99.5,N
8,13,458.1,25,12,323,67.9,N
2,217,323.8,28,1,145,83.5,D
3,115,591.1,15,2,229,87.1,T
5,11,260.9,21,6,285,99.2,D
7,158,517.8,1,8,320,47.0,N
4,204,58.9,7,3,164,51.0,D
6,230,317.5,3,7,93,83.7,N
3,145,261.2,20,5,314,91.2,N
7,242,297.2,15,1,67,90.0,T
1,190,126.4,16,11,119,94.9,N
8,38,247.3,11,9,208,57.2,D
2,152,390.1,17,8,127,78.2,T
8,98,276.3,18,7,189,78.4,D
7,180,254.3,19,4,315,24.5,D
9,113,414.7,16,8,190,24.1,D
4,48,496.2,2,5,188,46.4,D
3,88,293.8,17,4,144,90.0,T
5,120,479.6,4,3,170,89.2,D
5,185,533.4,8,6,81,33.7,D
4,40,77.3,9,4,194,53.6,N
2,219,545.3,27,4,118,41.0,T
3,174,457.5,29,3,71,90.6,D
7,38,527.2,12,4,217,37.1,T
8,118,127.4,17,7,91,98.5,N
5,219,373.9,27,12,306,99.8,N
3,154,355.9,17,5,266,83.7,T
8,126,348.9,19,6,269,40.1,D
6,18,71.7,27,8,145,84.3,D
4,37,411.7,15,8,99,97.5,T
5,249,413.7,18,6,200,69.9,D
1,104,20.8,19,5,313,87.3,N
9,163,359.1,31,3,88,26.5,N
5,249,519.6,1,3,249,44.2,D
7,239,528.8,26,9,308,30.6,D
9,16,389.2,27,10,143,32.7,N
3,24,587.3,15,8,242,52.2,N
6,66,535.0,23,7,290,55.9,T
7,63,322.1,6,4,248,65.2,D
7,171,221.6,24,4,342,73.6,T
3,80,426.0,9,3,153,62.1,N
7,12,142.9,28,11,172,91.3,T
5,98,189.8,18,10,252,38.0,T
5,64,34.1,16,6,127,43.2,N
9,140,471.1,14,5,158,33.2,N
1,39,135.1,28,6,195,37.0,D
5,10,318.1,14,9,325,99.5,T
5,57,572.7,28,2,114,43.7,D
2,38,325.8,20,3,347,73.8,D
2,219,598.3,13,7,324,42.4,T
7,236,411.3,13,12,184,20.8,N
4,146,46.8,10,11,106,99.4,T
8,209,342.4,25,5,101,91.1,D
2,53,413.6,11,9,206,51.9,T
6,183,412.7,10,10,248,48.0,T
9,214,333.1,15,4,192,39.1,T
7,146,107.3,24,5,108,98.2,D
4,204,47.5,17,5,251,50.5,N
1,12,119.9,23,7,360,21.1,N
8,14,170.4,29,11,353,95.1,N
2,163,235.1,1,12,149,35.7,T
3,163,29.0,27,4,229,81.6,N
8,43,223.6,19,5,263,62.4,D
5,135,358.1,5,7,285,77.7,D
3,47,274.4,17,5,282,55.3,T
3,15,353.9,25,7,308,70.4,D
3,105,223.4,6,8,189,41.3,N
7,57,356.3,23,11,157,82.8,T
3,105,154.8,15,9,274,24.4,N
7,233,136.0,26,1,267,38.0,T
8,224,214.6,30,10,176,46.4,D
3,54,337.4,17,8,83,82.0,N
5,103,328.9,2,9,156,86.1,N
9,232,422.4,7,6,105,75.0,D
9,138,71.8,12,2,244,26.5,N
7,39,418.5,23,3,216,55.1,D
3,250,140.2,28,1,199,34.9,T
7,178,11.2,25,11,117,58.3,N
2,70,143.0,3,9,156,93.5,D
9,25,384.2,30,11,266,54.1,D
6,112,223.4,19,9,294,64.1,T
6,98,202.9,25,12,150,86.4,D
6,77,282.3,5,12,344,89.6,N
5,236,514.1,24,6,211,31.4,T
4,225,118.6,30,4,324,61.1,T
1,206,507.0,24,3,349,61.5,N
3,214,144.9,8,1,159,60.9,T
1,217,392.8,3,11,356,43.1,N
8,86,246.4,17,2,121,77.5,T
9,179,571.3,7,4,156,54.4,N
9,242,516.9,5,1,190,84.3,T
2,41,98.9,22,4,248,53.3,N
5,101,385.1,1,6,235,72.9,N
7,129,309.9,10,11,179,42.6,D
7,216,116.3,27,3,265,52.6,N
3,112,95.0,30,10,111,73.4,D
5,241,452.6,21,1,82,98.5,D
3,59,28.2,10,4,335,52.3,N
9,224,357.1,9,10,92,54.7,D
5,161,196.5,25,3,159,27.0,N
3,30,377.0,18,5,243,81.7,D
4,115,539.7,1,8,255,28.3,N
2,241,137.6,27,6,163,42.2,T
6,200,394.8,7,7,90,90.7,T
9,150,379.3,13,7,333,32.8,N
6,171,585.0,6,3,167,27.0,D
1,83,475.2,19,10,91,32.7,N
8,55,84.7,13,4,269,57.4,N
2,21,307.8,1,5,62,56.8,D
8,245,389.9,26,1,235,97.6,T
3,238,508.6,22,2,355,95.6,N
4,158,73.9,7,5,181,28.4,T
2,203,523.8,7,8,194,25.6,N
7,201,42.0,10,8,170,87.2,D
3,155,188.8,24,2,287,39.0,T
5,63,166.1,4,3,293,68.9,D
5,250,62.7,17,5,165,91.0,D
9,110,378.0,21,1,351,64.3,D
7,123,256.8,16,3,252,70.8,D
9,179,26.2,15,12,296,42.1,T
6,160,46.4,21,2,256,73.0,D
6,98,46.9,21,11,113,87.9,D
7,104,482.5,18,8,234,97.3,T
2,232,128.1,5,12,335,51.4,N
9,248,441.3,30,5,359,29.4,T
8,157,352.2,2,12,165,91.6,T
6,245,36.3,6,8,178,27.6,D
8,227,546.9,1,5,309,85.9,D
8,163,221.8,3,1,304,88.7,T
2,208,472.2,5,4,153,36.2,N
6,235,166.7,31,8,216,62.9,T
2,184,588.3,15,7,172,36.2,T
5,119,362.2,15,9,122,44.4,D
3,210,355.7,14,1,314,73.3,T
4,81,454.7,26,1,314,55.5,D
3,228,400.9,22,1,288,80.3,D
8,208,591.5,9,10,187,58.8,N
7,39,388.9,7,4,180,52.9,D
4,197,63.7,17,3,311,37.6,N
4,98,441.0,26,12,214,95.1,D
8,71,188.4,7,6,336,42.4,N
7,85,542.9,22,7,91,72.5,T
2,170,553.7,8,6,65,86.6,T
7,36,332.5,25,10,324,71.9,D
5,166,41.6,20,8,222,21.6,D
2,120,58.4,8,8,352,70.8,N
7,250,243.8,22,6,198,92.9,N
4,206,82.1,12,8,274,40.5,N
1,71,365.8,1,4,86,68.8,N
8,94,156.3,25,11,88,81.6,N
1,53,142.8,12,4,253,35.0,N
5,68,269.7,27,9,298,68.3,N
9,91,47.6,14,11,276,80.0,T
2,199,502.3,12,2,264,66.1,N
3,203,239.7,16,4,92,64.0,N
1,143,492.5,4,11,165,76.0,N
6,88,36.4,24,3,216,52.3,D
5,79,200.2,13,2,208,24.6,N
5,211,214.1,29,3,112,93.0,D
1,84,182.9,14,12,173,54.0,T
9,237,356.6,29,10,82,99.5,D
8,232,270.2,31,8,209,92.9,T
4,233,569.1,26,6,193,61.3,T
4,32,436.1,10,9,235,70.7,D
3,98,530.6,8,1,351,34.3,N
3,61,49.7,8,4,222,52.6,T
5,119,484.6,21,10,209,69.5,N
1,63,71.5,23,12,337,81.9,T
6,139,148.3,24,4,135,24.7,T
9,155,485.9,3,4,274,90.7,T
3,162,101.9,30,11,112,45.9,T
8,108,223.3,10,2,98,20.2,N
9,22,47.6,18,12,150,99.5,T
8,145,335.3,21,6,240,85.9,D
9,131,468.5,21,10,209,34.0,N
8,91,267.8,17,8,177,66.5,T
4,184,17.7,27,12,123,79.2,N
8,120,34.4,18,7,352,95.8,T
4,161,89.3,21,1,357,50.5,N
3,246,76.7,14,2,180,83.0,D
9,199,77.4,28,3,203,65.1,T
6,112,123.5,28,12,300,90.7,N
5,32,59.8,21,11,352,67.9,T
6,83,287.2,23,3,120,42.0,D
7,56,203.9,22,11,162,29.8,N
1,99,87.0,18,6,94,88.8,T
9,83,18.1,7,6,63,51.5,N
5,30,82.9,12,3,236,94.4,D
3,189,344.5,15,12,239,22.0,D
6,179,133.1,17,7,194,34.8,T
4,95,361.3,15,7,276,28.9,N
1,217,568.6,4,3,205,88.6,N
1,41,312.9,6,5,254,75.1,N
8,198,317.8,17,7,199,82.7,N
5,34,345.7,29,8,269,52.6,D
3,242,548.6,20,7,312,25.8,T
6,154,317.1,9,4,226,74.1,T
2,226,290.4,9,4,185,72.4,T
1,44,491.0,8,3,204,72.6,N
4,126,422.2,31,7,207,75.1,D
4,34,575.8,15,7,271,96.2,D
6,112,133.0,19,8,226,70.9,T
1,194,536.1,6,3,239,90.4,D
8,244,546.2,25,2,158,60.8,T
8,84,287.3,22,9,322,53.6,N
6,92,380.8,28,10,112,47.0,D
8,183,260.2,19,11,188,93.3,D
6,170,54.5,15,1,74,58.6,N
7,237,377.4,6,9,151,51.5,T
1,115,13.7,2,6,212,55.9,D
2,166,452.1,3,10,338,90.6,D
3,140,576.8,26,10,180,50.9,N
8,154,47.3,19,8,256,80.5,D
5,231,244.0,15,11,112,53.0,T
3,125,166.1,9,2,207,41.7,T
5,153,273.9,3,4,208,38.7,T
7,17,217.1,2,10,134,21.0,T
9,31,179.2,21,11,252,53.7,D
6,116,129.7,28,3,197,87.2,D
5,40,85.5,6,1,276,20.9,D
2,220,569.5,5,11,165,21.5,T
1,213,343.8,21,1,336,73.0,N
7,17,142.5,1,6,171,78.7,D
8,100,266.9,13,3,150,27.9,T
7,46,179.6,19,4,120,23.4,D
3,147,18.7,7,2,154,83.5,T
8,107,177.1,7,6,320,31.9,D
5,110,189.5,11,7,318,69.3,T
9,168,300.1,11,7,107,73.8,T
6,193,514.5,1,12,324,70.9,D
5,38,328.4,8,6,320,93.2,D
1,133,125.3,29,11,248,85.0,T
9,125,529.9,13,10,266,78.7,T
1,47,414.6,28,9,228,51.1,T
8,54,240.5,9,11,213,85.6,D
7,155,249.0,18,8,181,28.2,N
2,114,106.5,19,8,222,49.7,D
8,35,206.3,25,6,274,73.3,D
1,160,331.4,26,5,180,37.1,N
6,226,278.9,11,12,185,69.3,T
7,193,460.7,22,8,328,42.7,T
8,196,466.4,9,11,317,98.4,D
7,97,76.0,30,3,269,59.7,N
8,133,398.6,3,9,117,90.9,D
2,248,171.8,23,4,250,23.2,D
1,49,356.4,15,6,217,59.9,T
6,229,47.8,11,4,297,20.4,N
4,125,310.4,22,9,81,98.8,D
4,156,376.0,19,11,181,67.9,T
1,237,176.7,23,12,101,73.8,T
5,86,110.5,7,8,360,90.6,N
3,76,129.5,16,1,82,46.4,D
3,140,402.9,27,1,187,71.4,T
4,155,158.0,12,2,132,54.7,N
4,247,527.1,27,1,270,56.6,D
1,240,437.8,16,11,159,85.9,T
7,141,305.8,20,8,70,98.5,N
4,132,222.3,6,12,305,81.3,D
1,34,105.9,9,1,281,76.0,N
9,248,215.2,1,2,138,60.8,N
8,99,289.4,9,1,149,31.0,D
6,171,498.6,23,5,195,90.9,T
9,173,377.3,10,9,288,86.8,N
4,87,137.5,14,8,167,38.0,T
5,50,384.9,22,10,121,48.4,T
2,249,272.9,13,2,346,49.4,D
7,137,569.4,6,3,190,25.4,T
5,116,275.5,28,4,355,61.4,N
1,187,217.5,7,12,351,21.4,T
9,249,347.0,23,1,61,37.7,T
3,133,106.5,17,4,227,57.9,N
2,75,563.7,20,5,127,58.5,T
1,63,576.1,12,6,101,35.5,T
1,176,223.7,14,5,149,94.9,D
3,210,339.8,21,1,139,99.3,D
3,238,196.5,19,2,312,35.6,T
9,69,91.2,20,4,225,50.8,N
3,180,487.3,6,8,71,88.4,T
5,66,328.4,23,12,344,44.0,N
4,36,311.5,12,2,260,61.2,T
1,132,488.1,3,7,76,42.9,T
3,119,22.0,15,5,103,51.9,D
8,227,537.7,24,2,252,29.9,D
2,94,323.9,9,10,322,51.3,N
6,25,483.1,2,9,111,99.2,D
6,67,66.7,24,10,133,23.3,T
1,94,485.6,25,7,306,36.6,N
9,63,350.8,25,4,87,95.6,D
9,140,281.3,7,9,290,88.1,D
8,174,309.7,11,10,71,48.9,N
9,150,30.7,29,5,271,28.4,D
9,32,280.4,28,5,126,82.6,D
6,143,585.8,11,11,267,28.2,D
1,157,10.7,20,2,292,29.7,N
3,137,361.5,13,2,74,63.4,N
9,53,61.3,19,5,62,31.3,T
1,189,314.6,4,3,77,78.5,T
6,39,301.3,26,7,286,55.0,N
9,103,498.7,23,2,115,57.9,D
2,186,418.4,13,10,346,86.7,N
6,101,100.6,13,9,297,42.3,D
2,96,17.7,24,5,199,31.7,D
1,170,294.7,7,11,303,98.1,D
6,123,262.0,24,11,351,29.6,N
2,52,419.9,19,3,99,92.6,N
5,50,454.3,31,5,177,31.0,N
5,23,335.4,11,5,65,35.3,D
1,129,378.4,25,3,281,65.8,D
4,79,152.8,12,1,328,65.0,T
3,76,415.2,31,12,173,52.0,D
8,65,45.9,31,3,105,70.4,N
3,234,448.2,19,10,228,54.0,T
5,199,410.8,2,6,172,78.7,D
7,23,535.4,3,3,210,34.8,T
6,81,545.8,17,9,245,87.7,D
5,97,378.8,8,4,200,85.1,N
5,179,552.4,28,6,209,72.5,D
5,245,576.8,2,7,80,88.2,T
9,120,571.6,6,1,245,25.8,D
6,141,240.2,8,3,316,73.4,T
8,205,386.1,23,12,177,66.9,T
9,170,429.7,1,8,291,29.9,T
7,193,566.1,16,12,343,72.3,T
2,74,275.8,10,9,179,66.5,T
9,237,566.8,2,4,228,35.6,N
6,181,280.3,20,11,213,92.5,D
3,11,511.1,18,12,76,71.5,N
7,40,40.5,23,5,146,65.0,T
2,21,217.6,18,10,238,34.2,T
1,213,380.0,17,11,78,69.0,D
3,147,347.1,11,1,307,86.9,N
3,52,232.6,13,8,246,39.6,D
9,206,485.0,13,5,287,27.8,D
8,209,180.6,15,4,328,45.1,D
8,226,402.3,22,7,248,62.8,T
9,116,229.0,27,7,198,92.7,D
6,214,250.7,5,4,182,30.1,N
1,126,452.9,8,2,239,47.2,T
5,58,434.0,19,10,105,77.6,T
8,86,31.9,21,3,216,92.8,N
8,176,593.3,23,6,355,50.3,T
3,233,77.3,5,2,178,37.4,N
4,215,124.8,30,7,315,55.0,N
9,59,20.2,26,11,70,40.2,T
2,96,124.0,15,10,173,87.4,N
4,200,558.7,18,5,256,65.8,T
2,249,224.2,1,6,69,49.3,N
9,44,34.4,28,4,259,54.9,D
8,131,38.8,19,8,335,78.1,T
3,68,307.1,23,6,143,37.7,N
5,210,333.1,1,11,128,84.9,D
6,117,556.5,4,5,61,22.5,N
3,10,266.3,10,9,175,84.4,T
4,183,128.8,21,7,289,82.0,T
2,122,26.3,8,2,257,38.1,N
8,139,534.6,6,11,147,33.4,N
4,191,277.1,4,10,181,86.5,N
6,154,510.1,20,10,160,33.1,N
3,179,513.9,2,6,274,50.2,T
1,22,111.4,25,8,279,28.6,T
1,92,461.0,29,5,174,34.8,N
4,202,180.3,8,5,92,67.4,N
8,175,78.0,17,3,97,52.6,N
6,109,231.7,13,12,62,86.9,D
8,113,79.4,21,7,153,30.7,D
2,238,298.5,11,4,71,29.3,T
9,86,468.5,1,12,315,73.8,T
8,80,458.9,11,12,276,94.3,D
8,228,472.6,21,2,282,76.0,D
9,173,375.7,14,12,321,68.2,T
8,240,76.5,28,12,83,71.0,D
5,149,168.5,25,6,175,80.6,T
9,167,507.5,23,2,341,75.9,D
6,48,255.0,7,7,166,35.6,D
8,134,110.2,25,3,84,29.2,T
2,52,498.6,13,10,62,90.9,N
2,10,570.7,28,9,114,42.7,T
4,151,577.3,11,9,244,84.5,N
4,162,569.5,23,1,343,68.2,N
3,118,401.4,26,1,135,31.5,T
9,97,568.2,12,10,281,72.8,D
6,144,228.1,31,7,332,55.6,T
9,129,60.5,16,2,308,45.9,N
8,75,443.6,10,9,287,63.0,D
2,188,303.6,10,8,235,42.0,D
3,219,423.4,26,6,245,76.5,T
5,57,483.7,27,8,103,34.6,T
4,139,18.6,15,11,96,34.8,T
9,216,84.4,22,5,245,56.2,T
4,232,476.6,24,4,300,48.2,T
5,153,309.4,10,7,261,56.8,N
8,168,488.2,21,7,118,98.3,T
5,74,152.2,1,5,333,64.9,D
4,153,434.0,10,3,273,87.9,N
4,175,529.9,9,10,257,88.1,N
8,196,110.1,15,10,238,89.8,N
8,45,122.1,7,1,111,88.0,N
4,219,258.4,20,12,155,29.0,T
7,26,450.4,15,7,149,57.4,T
5,156,251.8,12,2,293,40.9,T
5,37,68.0,6,12,354,46.8,D
1,70,500.8,25,2,305,28.4,N
8,61,431.2,17,10,70,88.4,D
2,41,549.3,19,8,275,91.2,D
7,187,69.1,3,3,113,87.1,D
1,55,438.0,14,1,269,61.9,N
8,128,412.5,30,9,91,94.6,D
4,241,311.4,3,11,169,50.3,D
2,34,66.0,1,12,328,30.0,T
1,119,406.6,13,11,176,36.7,D
1,206,181.7,17,1,321,85.2,D
1,174,170.4,28,3,269,83.9,T
8,21,171.2,7,11,329,52.1,T
4,30,14.1,12,3,74,41.0,T
3,160,26.4,24,5,153,95.7,D
5,65,429.5,23,1,282,64.0,T
6,30,592.3,1,8,295,33.1,T
4,80,109.2,25,1,275,22.4,N
9,199,373.7,17,10,165,73.0,D
2,228,48.9,20,3,92,92.4,D
7,194,149.0,7,5,340,53.4,D
3,246,488.8,26,10,356,95.5,N
7,132,117.2,7,12,119,48.8,N
5,198,242.6,21,3,212,22.4,T
6,185,460.8,18,3,209,48.7,D
3,67,364.0,3,12,340,26.0,D
3,97,262.9,4,2,109,68.3,D
5,82,354.4,4,3,170,27.2,N
6,174,186.6,10,1,72,75.5,T
7,84,285.8,9,1,351,94.2,D
1,104,419.9,27,8,319,87.2,N
8,41,469.0,8,4,218,39.5,D
9,77,354.8,8,10,253,88.9,D
1,178,247.9,16,4,136,90.7,D
4,183,344.3,17,7,197,57.8,D
9,208,81.4,11,10,332,98.6,N
4,176,214.6,18,3,330,67.6,T
5,157,156.4,17,2,249,89.2,D
1,206,210.0,28,3,165,98.2,D
8,129,477.0,23,3,324,98.9,D
9,58,138.4,21,1,299,50.7,T
2,151,406.5,26,9,287,90.2,T
3,135,228.6,24,7,213,65.9,D
2,150,98.0,1,1,322,62.8,N
3,229,121.0,1,2,217,96.8,D
2,214,110.0,20,3,290,73.6,T
5,65,372.2,6,7,69,51.3,T
3,148,563.7,20,8,118,66.0,T
1,133,412.0,16,9,134,51.9,T
1,176,80.5,2,6,313,44.1,T
9,159,42.0,22,5,359,32.1,N
8,234,501.7,3,4,197,59.5,D
1,153,187.1,4,12,154,84.7,T
5,73,294.4,5,1,190,73.8,N
9,200,475.3,19,9,232,80.5,T
3,28,99.1,16,2,320,96.3,N
7,121,474.5,29,3,108,56.3,T
7,188,583.8,2,4,225,72.6,T
6,109,475.6,1,10,122,21.5,T
6,96,175.3,15,10,312,68.7,D
4,72,249.4,5,11,61,29.4,N
6,235,98.8,12,4,272,92.6,N
5,233,300.4,6,4,87,91.2,D
2,225,542.6,18,3,270,53.9,N
1,229,542.4,23,1,158,39.4,N
8,233,167.7,25,11,295,50.8,T
4,113,196.3,5,11,120,72.9,T
8,41,272.2,7,1,286,35.4,D
8,53,220.5,8,10,177,93.4,T
1,206,230.3,27,3,162,96.4,D
2,242,334.4,17,5,337,85.9,T
2,150,64.7,21,6,176,54.8,N
6,157,458.2,8,6,321,64.1,N
8,211,254.7,26,1,260,86.3,T
4,234,200.5,18,8,170,51.3,N
9,107,386.6,6,7,304,38.2,N
8,92,349.5,27,11,176,60.9,T
7,74,60.4,20,2,324,69.6,D
7,20,530.3,3,9,321,48.1,N
4,68,479.6,15,10,74,65.6,T
2,78,207.5,1,3,63,43.7,T
9,133,374.6,19,9,76,31.3,T
2,28,252.5,6,4,282,75.5,T
4,38,242.6,14,1,147,31.9,D
5,73,416.5,26,12,96,43.9,N
8,120,545.9,8,12,325,36.6,D
1,18,486.5,30,6,193,27.5,T
1,30,595.7,9,6,109,45.5,T
7,72,244.6,10,12,74,36.2,D
8,188,588.0,29,9,359,47.4,T
5,21,192.5,13,8,349,29.0,D
5,35,26.2,8,11,214,34.4,N
8,89,366.3,30,11,308,49.2,T
8,69,30.0,28,1,98,96.6,D
8,196,92.4,1,11,275,33.3,T
8,165,354.5,26,6,190,48.5,D
7,101,285.0,1,9,117,40.5,N
8,19,51.7,5,9,183,77.3,D
8,12,92.5,21,10,161,58.1,T
2,101,440.8,15,7,122,50.1,N
6,12,467.7,10,1,77,95.0,N
3,17,594.6,1,1,332,23.4,T
9,177,50.0,30,7,131,51.7,T
6,68,327.4,15,10,105,54.9,N
7,142,118.1,10,3,273,68.2,N
4,108,498.0,1,4,161,32.4,N
4,76,453.2,14,6,174,53.1,D
6,194,163.5,4,8,311,32.2,N
3,42,508.9,22,3,172,97.0,D
9,28,52.6,15,8,250,29.7,D
4,55,572.3,22,8,257,33.5,T
9,26,520.8,8,2,65,64.0,T
3,63,413.0,27,10,286,96.1,T
3,226,18.7,1,7,253,55.2,D
3,215,489.2,6,12,194,53.6,N
4,49,65.2,21,1,246,20.4,D
2,46,157.5,3,7,340,89.3,D
3,98,487.8,21,8,249,49.8,N
5,34,182.3,5,5,74,79.3,N
2,235,381.1,1,8,66,98.6,N
6,99,11.4,25,12,284,90.1,D
9,172,406.5,23,6,73,85.2,N
8,58,555.8,23,6,206,65.6,T
3,24,373.7,24,2,200,55.2,T
1,243,99.3,12,1,337,47.8,D
1,120,317.8,18,3,134,28.1,T
8,103,276.7,11,10,354,55.4,N
3,201,467.5,4,1,341,90.3,T
4,40,550.2,23,11,268,57.0,T
3,71,65.1,20,7,168,30.8,N
9,106,428.0,11,2,143,61.9,D
4,100,187.1,18,6,249,99.4,T
9,155,289.2,30,4,136,54.6,D
2,117,278.9,3,6,331,96.4,D
1,249,400.5,20,11,136,82.0,T
8,44,332.3,30,3,287,83.7,D
2,216,80.5,25,5,279,89.2,D
8,135,228.2,26,3,130,72.6,D
2,70,412.7,2,9,204,78.5,N
8,249,161.8,24,8,156,98.4,D
5,15,426.1,18,1,327,68.6,T
5,141,390.1,11,6,91,38.3,D
5,98,307.3,28,8,152,38.9,T
4,73,576.6,13,10,225,51.1,N
9,149,92.7,11,10,132,71.4,N
1,248,399.9,2,11,277,65.8,N
2,24,203.1,8,1,119,97.6,D
5,145,128.1,13,1,255,51.3,D
4,134,237.3,2,2,196,30.6,N
6,202,327.3,27,7,215,37.0,T
2,101,566.6,29,8,106,82.6,N
9,42,482.8,29,9,284,37.8,N
5,137,365.4,25,7,112,73.9,N
6,133,91.9,2,11,308,54.9,D
4,98,485.0,18,7,288,58.5,N
5,37,226.9,15,11,218,60.4,N
2,173,70.8,25,8,357,67.4,T
6,194,369.1,14,4,354,87.7,T
6,238,213.2,16,8,75,76.6,D
1,194,426.6,12,12,120,22.1,T
6,212,118.5,16,1,149,79.9,D
8,67,189.5,6,12,294,63.5,T
9,66,119.4,3,8,194,96.2,N
3,171,36.3,30,12,165,31.2,D
3,175,490.6,1,3,322,84.7,N
5,209,245.9,18,10,83,38.6,T
9,226,387.5,7,6,156,43.7,T
7,139,503.0,14,3,303,97.7,T
3,72,163.8,20,3,82,76.6,D
2,144,41.4,15,1,160,62.1,T
4,67,270.4,9,11,69,22.3,T
3,34,393.2,22,9,302,89.2,D
3,184,422.0,5,12,118,76.1,N
7,32,114.2,25,9,84,88.8,N
1,41,393.7,18,1,61,67.4,T
2,101,529.2,21,3,202,98.1,T
1,207,537.4,16,7,87,23.8,T
7,182,97.9,23,4,135,89.1,T
3,105,388.2,28,9,191,98.7,T
4,119,365.4,1,1,357,34.3,N
7,120,152.7,14,6,97,21.9,D
8,144,392.9,7,1,88,93.6,D
7,145,322.7,10,12,245,40.5,N
1,193,489.4,5,8,325,84.3,N
9,111,319.5,7,2,274,65.3,D
4,164,466.2,6,9,120,89.0,T
4,13,234.5,7,5,315,98.8,D
6,49,299.4,14,9,249,66.1,T
2,101,431.8,27,10,143,85.1,D
7,97,133.8,28,3,98,80.3,T
7,173,585.1,9,2,312,71.4,N
9,223,89.9,18,2,83,84.1,N
4,187,97.7,4,1,209,92.6,D
5,94,77.0,30,7,354,79.2,N
2,103,317.7,28,11,225,79.2,N
9,44,266.9,13,2,275,55.5,T
1,250,481.7,27,7,341,61.7,N
5,165,114.1,27,4,95,49.3,N
6,214,39.6,26,11,99,52.8,N
4,68,161.6,27,4,120,52.7,T
3,242,361.4,23,5,208,56.3,T
4,41,578.5,3,12,296,97.3,D
2,51,146.0,23,6,351,56.2,T
7,36,246.0,5,9,80,59.4,T
8,19,245.1,7,4,189,45.7,N
2,240,206.6,17,11,136,25.3,T
9,139,20.0,18,9,296,92.8,D
4,74,552.2,14,10,194,20.2,D
4,110,551.9,11,6,331,82.4,D
8,146,444.4,9,11,315,71.2,T
9,219,135.3,8,12,296,98.6,N
2,165,168.3,25,3,244,66.6,T
4,13,437.5,23,12,311,43.9,D
4,229,566.6,15,4,342,32.8,D
7,191,312.7,11,5,239,53.8,T
3,171,360.4,11,3,157,79.4,T
5,89,173.3,24,10,215,29.5,T
1,79,446.7,12,1,146,25.1,N
8,67,588.8,30,11,128,56.9,T
9,199,163.4,6,12,345,42.8,D
9,165,76.6,8,3,101,85.5,T
4,192,56.8,8,6,331,79.9,N
9,148,526.1,22,3,200,81.5,T
3,172,135.2,17,11,208,31.6,N
9,225,570.8,2,4,103,54.4,T
5,224,249.6,24,4,347,27.5,D
5,145,457.9,7,10,310,99.1,T
1,139,527.1,10,10,181,77.5,N
6,166,174.1,2,8,350,71.2,T
8,130,235.7,5,10,199,34.4,T
8,97,166.9,11,10,198,58.4,T
5,17,138.6,5,4,351,64.2,T
6,114,58.9,4,10,325,97.3,D
2,187,445.9,5,5,163,86.4,T
6,230,502.0,4,7,275,81.0,D
1,170,569.2,1,11,105,45.4,T
4,200,78.6,23,10,181,50.9,D
1,49,189.4,13,11,285,33.9,D
2,104,317.1,28,1,226,52.5,T
2,83,566.4,25,9,292,92.0,N
5,38,551.4,9,6,65,63.1,N
5,99,535.8,3,11,258,31.5,N
3,47,195.7,9,1,247,75.6,N
3,92,280.2,16,12,104,24.0,T
6,195,463.2,16,10,339,35.5,D
2,180,96.1,3,5,111,26.4,T
3,129,352.7,9,9,189,77.8,D
3,79,291.7,29,7,291,38.7,D
1,156,52.0,2,12,285,87.9,D
4,150,259.8,6,3,306,30.8,T
2,35,140.3,6,5,235,44.4,N
2,220,168.2,6,12,192,76.6,D
4,246,90.6,6,5,147,40.2,D
4,187,231.7,1,4,201,24.2,D
8,72,593.8,29,6,298,88.4,D
8,211,346.0,5,4,206,96.2,T
7,217,329.9,10,4,235,41.7,N
8,101,181.8,28,11,120,29.4,D
8,99,444.2,21,2,183,61.9,D
1,146,352.7,18,2,335,63.7,N
6,184,298.0,12,8,192,97.2,D
7,239,371.2,2,5,310,54.7,T
6,104,369.1,10,1,330,29.5,N
8,116,298.5,8,7,119,54.2,N
6,132,562.7,25,3,212,30.5,N
5,59,323.1,8,12,217,34.8,T
3,207,159.0,2,8,327,75.0,D
9,152,199.7,10,4,227,32.7,D
6,49,268.4,24,6,96,100.0,D
9,103,31.5,4,12,293,73.2,T
5,236,159.7,28,3,120,25.9,D
7,198,270.7,2,7,148,44.6,T
3,150,225.3,4,8,329,38.0,D
4,72,362.3,10,10,138,62.7,D
7,68,449.4,1,4,360,29.4,D
5,170,561.6,8,8,297,25.0,D
7,156,466.0,24,2,273,55.6,D
9,26,131.0,17,1,360,62.8,N
6,231,397.6,13,12,305,86.9,N
4,164,282.2,15,5,303,35.9,D
4,231,150.7,21,7,167,24.0,D
1,50,419.7,27,1,256,76.9,N
2,188,463.0,19,6,286,20.8,D
7,67,250.8,20,2,184,87.4,D
9,31,590.2,25,10,298,63.8,N
5,49,90.6,16,7,259,50.4,T
7,197,334.1,30,3,303,63.3,T
3,80,431.9,12,2,92,31.6,D
5,56,225.0,19,8,90,55.1,D
9,137,370.9,10,5,322,22.9,D
6,91,222.3,30,12,245,41.8,T
5,215,591.6,15,5,168,64.3,T
5,73,213.3,1,9,204,50.1,D
1,177,173.9,28,3,243,82.4,N
3,120,485.4,4,7,197,98.2,T
9,145,224.6,29,12,118,62.2,D
4,82,562.2,11,7,106,34.7,T
3,110,390.5,19,9,201,78.5,D
8,22,22.9,26,8,260,48.8,D
3,234,289.0,11,11,186,45.4,D
6,16,473.4,25,4,193,29.3,T
5,34,237.0,13,9,275,96.6,T
4,196,201.2,7,10,112,55.8,T
1,213,177.1,14,9,326,33.0,T
8,228,513.1,7,8,323,67.2,N
4,22,416.6,18,2,80,68.4,D
9,199,260.0,22,4,258,38.5,T
2,177,222.6,17,12,288,53.4,D
5,67,129.6,24,4,182,50.2,T
2,65,271.4,1,2,278,39.0,D
1,124,579.5,3,10,142,65.9,D
2,224,99.8,8,2,210,56.9,T
1,152,152.8,27,11,227,61.8,D
7,127,430.3,16,2,138,58.7,N
8,76,406.6,8,8,309,59.5,T
6,149,425.6,19,12,123,57.3,T
1,188,176.2,8,10,198,54.1,D
4,189,560.3,20,8,97,38.2,T
6,59,591.7,28,4,216,65.1,D
2,44,172.6,11,11,115,53.0,T
1,150,108.1,4,8,266,30.4,T
3,90,79.2,28,11,141,58.6,N
5,43,38.0,24,7,91,78.5,T
3,204,491.1,25,8,68,33.3,T
1,198,167.7,22,1,283,45.8,T
1,70,225.7,16,12,110,24.4,N
3,78,99.3,21,10,81,62.7,N
2,66,384.0,12,4,210,55.7,T
8,73,195.3,26,5,104,31.8,T
4,91,237.1,9,5,274,33.8,T
8,10,559.2,19,10,64,49.6,T
7,163,449.8,21,7,82,52.7,N
7,166,29.9,26,7,206,40.1,T
3,114,444.0,4,6,118,22.0,T
2,169,517.8,9,6,165,35.0,N
3,174,564.2,21,12,344,28.9,N
1,152,295.8,20,3,304,50.8,D
9,116,67.7,9,9,241,25.3,D
9,100,536.4,24,1,339,24.8,D
3,80,504.5,11,12,274,72.1,T
1,198,556.8,21,3,109,41.4,N
3,90,179.7,22,9,333,43.5,D
5,42,104.4,27,6,304,70.4,D
9,42,340.7,16,4,177,61.2,T
2,32,287.7,13,8,177,60.6,D
6,180,148.9,10,1,328,78.1,D
2,189,56.5,16,3,193,92.0,N
8,238,467.1,28,1,224,78.5,D
7,77,137.2,1,4,126,41.3,T
2,206,443.5,19,8,237,27.4,D
5,121,148.0,9,2,83,99.0,D
1,168,39.6,25,4,143,96.8,D
3,152,342.5,28,4,249,26.7,T
4,40,118.6,20,2,222,76.7,T
4,227,340.0,10,3,358,87.2,N
1,164,441.9,27,2,125,60.8,D
3,246,112.5,28,11,60,51.4,D
9,65,350.9,2,1,290,89.2,N
6,147,277.2,8,1,131,96.5,D
8,191,410.8,13,9,299,44.6,N
1,64,249.0,22,5,236,55.9,D
6,64,155.5,27,12,283,48.3,N
1,11,374.4,8,10,298,88.5,D
4,184,435.9,19,1,131,96.9,T
2,40,594.0,4,5,255,25.0,T
7,56,237.6,9,1,203,76.6,T
6,140,10.7,4,7,102,87.9,D
8,130,28.3,20,1,173,45.5,D
8,227,274.5,23,1,332,95.6,D
4,200,329.6,30,5,138,46.6,T
7,31,464.6,12,2,228,68.2,T
2,222,183.4,23,10,167,55.8,D
5,250,92.2,10,7,121,25.2,N
4,177,343.1,18,1,229,59.9,N
5,120,535.6,9,6,290,26.8,T
3,40,247.8,1,1,269,48.5,N
3,97,461.4,12,3,191,98.5,N
7,216,386.1,7,9,237,50.3,N
8,53,133.9,4,8,134,72.8,T
4,45,285.9,23,3,217,86.5,N
5,60,587.3,21,8,104,48.0,T
2,55,346.2,30,6,274,93.8,D
6,195,583.3,30,9,121,72.4,D
8,22,310.8,21,7,201,86.9,D
3,206,104.1,18,10,337,85.6,T
8,115,526.4,30,9,158,60.3,D
6,172,555.5,18,8,292,80.4,T
2,124,599.2,15,1,310,87.3,T
6,156,133.7,21,2,121,67.1,D
4,86,325.9,29,5,113,36.2,T
8,211,101.8,2,4,259,21.7,T
2,127,52.8,3,3,246,70.6,N
6,150,550.2,23,4,113,97.9,D
3,107,338.3,18,9,224,74.2,T
8,169,218.3,17,2,123,64.9,T
3,180,93.9,31,3,303,66.8,N
8,87,519.5,19,6,241,20.3,N
8,193,427.7,15,5,267,71.4,N
1,197,144.4,20,8,120,81.8,D
5,223,283.7,8,7,110,72.6,D
4,31,26.3,15,3,72,95.3,T
9,170,328.8,3,6,333,60.2,T
4,245,141.7,11,1,119,38.2,T
5,86,303.2,8,7,77,90.2,N
9,96,185.0,14,3,344,76.6,N
3,60,123.6,18,7,298,39.7,N
6,38,501.0,6,9,212,31.6,N
8,144,518.0,4,10,109,44.2,T
5,119,64.5,6,7,297,51.6,D
9,144,506.2,6,11,253,64.1,D
6,111,420.8,10,8,180,98.6,N
5,36,120.6,7,7,242,76.3,N
2,62,481.7,17,1,147,92.4,N
4,95,469.0,30,10,173,80.2,T
5,228,487.1,1,5,174,94.9,T
7,208,108.0,1,7,80,57.6,T
7,196,485.3,29,1,214,80.7,T
5,122,289.7,28,7,325,37.6,N
1,50,395.0,8,3,200,83.0,D
4,49,40.7,7,1,102,45.2,D
2,228,80.6,3,5,207,77.3,T
1,118,136.5,6,7,78,40.1,D
9,102,183.3,19,5,120,30.2,T
1,158,128.2,23,3,256,53.8,N
1,121,564.6,3,9,220,92.2,N
1,238,452.4,31,1,258,64.4,D
6,135,168.7,23,6,120,56.7,D
2,42,305.2,20,7,123,25.1,N
9,55,511.1,29,1,75,24.0,T
9,123,460.2,10,11,162,34.3,N
7,10,269.0,9,11,67,40.6,T
2,31,315.2,26,1,67,77.8,T
3,115,280.1,29,7,137,87.8,N
8,26,532.4,22,6,337,81.7,N
7,15,63.0,2,10,294,53.6,D
4,123,383.3,2,9,211,73.4,D
5,230,546.9,18,5,196,70.7,T
6,133,337.5,1,11,346,50.1,T
1,179,143.5,16,12,319,97.9,D
1,91,46.7,3,3,277,89.8,T
8,131,156.3,15,2,253,21.0,N
5,201,448.6,22,7,311,30.2,N
5,195,188.8,14,7,336,96.3,N
5,82,189.3,19,10,150,29.7,N
4,110,535.0,22,1,134,81.5,D
3,175,155.0,7,9,109,34.9,D
9,63,286.3,8,5,103,45.6,D
5,60,180.2,27,1,70,76.3,N
2,75,93.6,13,7,137,87.4,D
4,24,417.2,13,3,84,20.8,D
7,37,132.4,30,3,333,77.1,D
7,91,123.4,16,9,221,72.3,T
1,154,425.2,12,4,353,22.6,N
9,82,247.5,30,5,91,56.8,N
8,240,57.8,7,2,144,92.8,N
1,245,66.6,21,12,273,60.5,T
4,127,118.8,25,3,222,86.4,N
3,230,470.5,25,2,342,20.4,D
8,97,252.8,13,8,339,72.5,D
5,125,105.4,1,5,154,58.3,N
8,139,420.8,2,4,215,92.1,T
8,127,107.1,14,12,350,71.0,T
4,247,266.5,9,12,163,96.3,D
7,96,360.1,17,7,142,28.6,N
5,16,159.4,5,12,310,81.2,N
3,69,128.3,5,6,265,36.4,T
2,212,86.0,30,4,119,45.4,T
4,63,318.0,1,12,68,31.5,N
6,194,29.4,24,11,149,77.6,T
2,46,321.4,28,8,130,33.8,N
6,11,465.9,24,4,300,28.1,D
3,73,509.9,6,2,174,71.8,N
1,158,105.6,6,2,357,36.9,D
6,71,584.2,11,12,191,82.5,T
5,113,85.8,11,4,141,25.8,N
2,237,397.5,27,2,321,98.6,D
9,187,476.5,22,10,333,53.4,N
3,205,437.4,5,11,148,25.7,D
2,116,309.2,13,7,313,62.6,T
1,16,152.9,4,8,320,42.7,T
4,60,551.6,12,3,159,28.9,D
1,120,500.5,16,3,266,81.0,D
7,212,163.3,16,4,68,34.0,T
3,204,160.2,9,2,264,65.6,T
8,109,210.6,16,5,153,81.6,N
4,76,77.0,29,4,64,64.8,N
2,83,526.2,2,2,329,85.8,T
2,154,243.0,9,5,278,46.7,T
5,139,493.2,27,7,281,88.1,D
8,65,101.3,13,3,173,81.6,D
8,163,563.7,23,7,310,20.2,D
4,35,183.6,10,1,179,85.9,N
2,133,548.3,6,2,228,42.0,D
7,145,186.5,6,2,222,94.6,D
6,203,79.2,17,3,121,35.6,T
2,40,526.9,30,1,240,70.6,T
3,250,399.6,31,8,333,58.9,D
1,167,457.2,1,11,204,88.7,D
7,182,552.0,8,10,117,84.0,N
1,216,61.0,16,4,138,100.0,D
6,24,272.8,13,7,323,55.4,T
8,198,347.9,19,12,323,85.9,T
8,58,248.2,19,2,237,40.6,D
5,133,33.7,21,1,265,83.6,T
1,128,300.8,13,5,235,81.6,T
9,108,508.3,1,7,346,89.1,T
1,105,580.6,25,6,218,34.0,T
4,70,350.3,9,4,306,62.2,D
6,112,122.6,17,3,243,59.1,N
5,43,434.7,17,8,318,83.8,D
2,27,465.2,9,10,95,91.4,N
6,108,282.8,16,2,139,25.9,T
8,70,569.8,22,2,241,71.4,N
9,220,486.4,27,2,348,38.2,D
4,167,259.1,17,11,139,31.6,N
5,232,367.6,2,2,60,21.1,D
1,145,353.8,23,4,211,38.3,N
1,125,354.9,26,1,300,88.1,D
9,203,415.4,2,9,150,33.9,T
8,235,128.7,9,11,193,94.8,D
4,68,194.2,24,5,124,28.3,N
7,203,538.7,30,6,184,75.9,T
7,34,193.7,5,3,298,49.5,N
4,59,179.7,12,8,174,56.3,N
6,74,159.2,6,6,188,93.5,D
7,22,129.8,21,2,218,45.1,N
5,50,300.7,21,2,360,84.9,T
8,50,123.6,10,1,241,68.8,N
5,171,211.3,27,7,73,48.4,T
3,229,554.2,29,9,347,40.2,T
1,104,573.5,4,7,93,46.3,T
8,240,83.8,7,2,103,82.1,D
1,149,207.4,10,12,75,37.2,T
5,49,55.5,16,3,131,70.3,D
8,236,203.9,16,2,143,44.2,D
6,216,272.0,11,7,108,43.5,D
5,35,350.9,31,8,213,96.2,N
9,165,499.6,30,6,194,41.7,N
7,166,255.9,13,2,126,49.7,T
9,15,503.1,5,11,267,77.9,N
2,205,400.0,24,2,79,84.2,N
8,51,172.5,18,5,164,98.2,N
3,74,220.4,14,11,249,47.6,D
6,178,282.1,7,8,160,84.3,N
8,194,515.8,13,1,278,83.9,D
8,170,502.0,12,5,220,41.2,T
5,18,227.1,4,1,201,45.1,N
9,95,36.4,25,10,314,40.0,T
6,157,346.5,2,11,345,41.8,T
3,10,456.8,2,5,184,41.8,N
9,90,12.6,23,4,265,53.3,T
2,173,496.2,17,7,316,75.5,N
3,72,168.3,19,4,177,72.7,D
6,213,589.4,28,5,348,82.3,N
6,172,38.2,16,2,74,56.2,T
8,209,263.3,3,11,87,27.3,D
4,60,586.2,6,11,99,50.1,N
7,40,112.3,25,7,229,21.2,D
4,119,123.3,28,9,87,81.0,T
4,108,307.6,9,3,297,37.5,N
4,143,229.8,7,7,297,78.6,T
6,242,518.3,5,12,136,49.2,D
3,24,516.7,27,3,138,28.9,T
6,34,487.8,15,8,264,81.7,T
4,135,321.8,9,4,293,62.4,T
6,89,256.6,22,4,326,35.7,T
6,24,73.6,13,5,196,88.3,T
7,84,508.5,15,7,110,67.0,T
5,24,280.0,27,12,268,27.7,N
8,78,593.1,24,7,174,73.5,D
4,112,540.7,18,7,132,53.0,N
7,112,211.8,22,8,233,56.6,T
1,143,253.7,12,4,177,38.8,D
3,188,93.7,9,2,327,55.2,D
6,178,177.0,25,6,79,49.0,T
8,151,95.2,12,5,332,88.3,N
7,108,148.0,5,12,104,89.9,D
8,177,500.3,19,9,72,67.1,N
4,180,226.3,11,2,99,57.6,N
7,74,119.2,25,4,306,40.2,N
2,51,442.7,11,12,139,38.2,T
7,16,516.5,8,11,336,71.9,D
7,30,107.6,18,5,263,76.7,T
4,211,271.9,16,1,241,69.5,T
1,64,496.7,7,6,113,70.2,N
5,132,234.0,20,4,309,71.6,T
5,78,106.3,1,7,78,77.0,D
6,205,407.2,9,1,111,78.1,D
7,231,297.1,4,4,117,72.8,T
7,76,376.5,8,12,192,40.0,T
8,209,582.2,13,9,98,60.0,D
4,245,374.4,9,1,196,50.0,N
7,127,186.9,10,6,168,70.2,T
7,214,253.8,1,4,201,95.6,N
9,133,386.6,24,6,159,66.8,N
9,40,235.3,14,9,170,94.6,D
4,139,458.1,19,2,179,89.6,T
1,137,86.3,26,1,83,70.7,T
7,162,182.1,15,9,90,64.2,D
5,106,65.6,26,12,221,25.5,D
1,79,323.9,11,12,347,62.4,T
1,250,474.1,8,6,210,98.4,D
7,172,302.0,3,10,346,74.9,D
2,219,433.0,6,12,258,47.4,N
3,144,48.5,2,7,292,62.8,T
5,103,518.0,1,6,161,27.3,N
6,176,475.8,25,6,204,88.6,T
3,194,88.0,6,2,151,25.7,N
8,208,474.3,6,8,296,20.5,T
3,172,471.1,17,10,63,31.8,T
7,248,160.9,14,5,303,57.3,D
9,55,533.8,6,11,319,65.9,N
4,228,58.3,30,7,218,67.2,N
3,32,549.3,17,4,304,45.7,D
7,237,114.7,18,4,297,32.9,T
4,233,496.5,31,7,355,88.5,T
8,34,425.7,16,10,335,92.8,D
9,60,177.1,26,8,293,87.1,D
6,210,303.8,23,4,188,88.3,T
4,25,282.2,15,10,333,31.3,T
9,132,168.1,22,9,205,58.9,N
6,27,79.1,2,11,309,74.0,T
8,175,406.2,27,3,250,78.0,T
6,32,29.7,25,2,158,28.1,T
8,74,75.3,8,5,209,97.1,D
5,117,192.4,9,4,330,57.8,T
4,202,110.8,15,9,206,54.3,N
3,208,557.8,17,8,113,59.5,N
8,233,594.9,9,10,140,49.9,N
3,211,447.8,22,8,97,41.7,D
4,100,169.3,10,4,83,40.3,D
5,45,560.1,18,8,250,76.8,D
6,139,317.7,3,4,196,62.2,T
3,115,355.4,10,8,168,66.2,T
2,138,270.9,7,4,102,57.4,D
6,146,85.5,18,10,237,23.5,N
1,164,512.6,11,10,139,21.9,D
3,158,357.1,2,7,246,89.3,T
4,230,409.8,25,4,201,22.0,T
1,224,542.7,8,6,215,63.4,N
6,203,87.7,27,3,292,70.3,D
2,103,184.9,10,9,211,54.3,T
5,41,104.2,10,4,124,47.7,N
1,13,325.0,6,7,270,30.3,N
7,115,22.5,26,10,199,98.2,N
3,57,401.8,20,3,62,85.2,D
7,133,410.7,13,6,192,47.0,N
9,143,44.7,6,4,151,94.2,D
6,99,380.4,15,2,147,79.6,D
9,125,233.7,20,1,194,95.2,T
1,133,307.9,21,4,345,50.2,T
4,51,34.4,2,6,239,83.6,T
2,210,15.6,26,6,273,50.4,N
7,16,43.7,24,11,144,35.9,T
2,43,146.7,9,10,127,56.0,T
1,209,490.3,15,6,203,38.3,N
8,177,549.4,18,4,263,73.0,D
8,76,198.0,14,4,68,60.3,N
4,153,204.9,11,11,104,30.7,N
3,24,532.2,18,5,110,68.6,D
8,155,322.7,8,5,250,73.7,T
1,174,317.5,1,9,111,55.6,N
1,181,240.4,17,12,358,53.7,T
8,196,390.5,26,1,119,98.8,N
1,77,409.1,21,8,266,39.9,N
3,41,487.8,29,10,123,63.7,D
4,240,293.0,21,2,323,54.8,N
4,43,324.9,23,9,70,49.0,D
2,220,87.1,18,8,217,82.6,D
9,196,383.1,27,4,60,44.1,N
3,70,177.1,30,5,274,62.4,N
5,192,535.8,23,11,251,80.5,T
8,104,288.2,11,2,190,31.1,T
4,184,138.5,26,4,268,88.5,N
7,159,217.3,13,1,287,71.6,T
2,210,280.1,5,9,60,51.6,D
5,121,119.8,29,10,251,30.6,T
5,133,413.9,11,12,251,52.1,N
7,42,488.5,13,9,293,59.7,D
3,234,319.4,9,2,177,23.9,T
1,212,351.6,24,9,79,96.6,N
3,112,556.2,6,12,114,51.4,T
4,185,478.3,6,4,239,26.9,D
9,213,598.2,28,9,195,65.9,D
9,236,520.0,29,7,212,47.5,N
4,190,32.5,19,6,325,41.6,N
2,34,128.5,26,2,347,33.7,T
2,34,588.1,12,9,231,98.8,T
2,55,151.4,28,8,355,79.4,D
5,170,10.6,25,5,229,88.4,T
2,196,202.2,25,7,166,45.0,T
4,28,134.9,7,8,155,75.3,D
5,15,187.2,18,9,276,26.0,T
9,154,251.4,14,5,259,56.8,D
6,203,49.3,20,8,202,79.7,D
6,15,14.8,27,12,222,87.0,D
8,232,352.3,28,5,174,71.3,D
2,142,293.0,21,4,335,56.5,N
6,18,286.1,28,1,307,36.1,D
1,69,430.4,31,12,332,44.2,N
2,224,21.1,16,2,124,43.8,T
9,55,104.7,4,4,91,93.6,T
7,170,396.1,2,7,92,75.4,D
3,87,78.9,12,4,166,53.3,N
1,104,360.8,7,6,358,32.5,D
9,29,376.9,5,4,263,94.8,D
4,70,281.9,27,12,91,96.5,T
4,209,280.2,30,4,269,27.8,T
7,200,62.1,21,8,68,86.7,N
5,188,483.9,26,1,81,81.2,N
9,237,241.6,23,3,86,46.2,D
7,178,308.9,10,7,124,48.8,D
5,83,260.9,1,10,307,61.5,N
7,65,112.5,25,1,271,86.1,D
9,112,501.5,25,8,234,20.1,N
4,238,374.8,15,7,93,41.7,N
7,79,389.4,11,8,85,36.4,T
2,230,506.0,29,3,262,27.7,D
9,15,71.3,21,4,238,71.1,N
4,221,560.1,18,7,147,30.7,T
3,15,553.9,24,7,185,43.4,T
7,79,217.0,21,12,161,67.6,N
7,50,597.8,1,5,215,62.2,T
4,177,91.8,6,7,132,57.7,N
6,144,59.4,1,5,100,96.3,D
3,66,71.1,30,9,139,87.7,N
6,93,107.5,20,6,127,43.2,N
7,140,448.5,21,10,241,96.6,D
9,41,316.2,24,7,221,92.1,N
2,181,164.1,16,12,298,73.1,N
1,190,265.5,26,4,119,68.2,D
6,107,499.2,11,9,139,85.7,T
8,150,459.3,2,9,264,86.3,T
5,221,478.3,8,3,248,48.2,D
6,201,235.3,10,8,257,78.6,T
1,244,203.7,1,10,336,58.7,T
4,41,287.0,25,7,207,95.1,D
7,150,427.5,23,9,220,81.8,T
9,148,207.7,18,4,282,46.3,T
5,244,355.5,10,11,148,69.3,N
9,169,125.1,10,9,187,76.4,N
1,24,126.1,21,1,351,46.9,T
6,235,164.4,10,1,92,23.1,N
8,50,296.3,5,6,340,89.0,N
4,170,414.2,5,7,170,55.2,D
1,10,207.5,5,12,298,27.2,D
3,26,289.1,8,12,72,97.6,T
6,129,351.7,23,12,349,46.8,T
8,104,399.8,8,4,82,86.0,T
9,170,79.1,16,8,167,49.6,T
5,83,449.4,28,5,316,63.9,T
4,118,139.3,16,10,336,95.7,N
7,98,79.6,23,5,208,68.2,T
6,162,589.6,27,4,202,36.4,D
6,61,338.5,7,1,223,27.3,D
1,53,472.0,8,6,151,22.3,D
8,123,320.4,19,3,311,22.4,D
1,111,530.5,18,9,306,91.2,D
9,128,588.4,23,5,103,27.7,T
5,230,294.9,6,7,311,80.0,T
5,158,318.9,13,9,244,55.8,T
1,217,51.0,24,11,156,86.4,T
7,248,217.9,22,9,276,80.0,N
9,39,313.3,29,12,214,76.5,T
3,29,29.2,28,7,319,63.0,T
5,25,182.3,28,9,348,47.9,T
1,225,487.1,30,1,263,29.9,T
4,68,314.7,3,9,118,49.0,D
8,41,569.3,5,10,81,68.3,D
4,16,116.5,7,1,309,80.7,N
3,153,376.3,27,8,310,70.9,D
9,181,553.9,31,3,92,41.2,D
7,68,366.4,12,9,270,71.6,D
1,176,337.6,26,11,189,80.3,N
8,72,56.9,19,4,198,78.1,N
3,233,212.0,4,5,72,90.9,N
6,122,459.4,1,6,102,39.5,T
1,22,181.9,17,10,81,42.3,N
3,81,563.5,14,8,201,82.1,T
8,234,471.1,22,7,178,47.6,D
1,81,168.1,1,2,111,96.0,T
7,22,20.4,13,1,66,42.7,D
9,198,99.2,1,5,256,81.8,N
3,80,581.2,7,11,155,64.6,T
2,42,569.2,22,1,256,69.2,D
3,146,305.4,12,6,120,64.5,D
5,122,63.4,15,1,314,28.7,D
4,243,84.7,30,4,251,75.9,D
5,223,534.4,8,1,139,64.0,T
2,114,357.6,19,6,70,24.5,T
1,50,178.8,27,12,251,93.2,T
2,139,134.2,23,8,211,20.3,T
6,131,344.5,25,2,110,97.3,N
7,169,324.9,21,5,203,78.8,N
8,62,366.3,14,10,334,43.9,D
2,197,257.5,13,11,230,89.0,N
6,131,147.6,22,4,289,52.9,N
7,174,107.8,15,7,220,66.4,T
3,165,61.5,21,7,107,72.0,D
4,58,345.2,23,3,218,34.0,N
1,185,515.4,8,1,187,92.5,D
4,81,65.4,18,4,132,78.8,T
4,26,288.9,5,11,239,24.7,N
5,26,42.1,25,3,303,46.1,D
6,39,23.8,27,2,133,30.3,N
7,95,146.4,10,8,147,27.2,D
8,77,362.2,2,4,330,89.3,T
7,87,405.3,7,5,327,71.6,N
3,16,254.2,25,7,204,99.6,D
5,180,239.3,16,6,171,80.2,N
2,166,315.0,27,2,119,89.1,D
9,150,134.6,29,8,319,43.8,N
5,186,13.4,6,4,226,94.7,D
4,183,514.8,29,5,270,32.0,T
3,235,599.3,16,1,158,99.0,N
9,87,473.7,6,6,76,31.7,D
3,16,523.5,12,9,181,28.9,N
7,119,32.8,1,12,70,27.1,T
7,245,295.0,9,3,273,59.5,N
4,143,492.2,19,3,319,65.0,T
1,234,563.3,11,4,351,51.6,D
5,185,82.6,31,12,219,35.7,D
1,224,346.2,23,5,227,85.3,D
1,109,512.5,8,12,351,33.1,N
7,77,46.4,26,3,221,25.6,T
1,86,401.5,27,3,219,44.0,D
9,154,461.5,30,9,217,65.4,D
1,245,408.2,9,1,163,96.2,T
1,158,360.6,1,3,124,34.2,D
6,52,380.6,8,3,307,69.2,N
1,77,78.7,19,12,206,51.4,N
4,89,43.2,6,5,104,35.0,T
1,176,562.5,9,1,151,95.8,D
7,223,415.4,25,2,323,95.2,D
2,240,383.7,14,10,254,48.1,D
1,111,161.2,18,5,319,47.9,D
5,13,334.4,23,9,330,90.2,N
3,169,396.8,13,2,213,79.5,T
6,39,25.3,15,2,180,86.9,N
3,245,202.2,22,7,311,97.3,D
3,47,420.8,3,10,315,82.0,D
7,119,82.3,31,1,168,60.3,D
3,21,451.2,14,5,284,27.3,N
6,180,81.6,30,10,94,45.2,T
2,11,263.5,2,2,338,53.4,N
1,78,468.3,4,4,352,60.1,N
1,178,589.4,18,7,132,45.1,T
9,55,69.6,4,4,313,45.0,N
6,106,571.6,21,3,213,46.4,D
7,153,292.4,22,1,311,94.6,N
9,168,242.0,24,3,322,53.5,N
3,74,59.6,11,8,161,57.7,N
4,34,83.4,24,6,66,40.2,D
5,134,301.3,13,8,268,79.9,T
8,162,11.7,20,9,217,59.8,N
1,228,305.4,18,4,93,77.6,T
3,115,322.1,22,9,80,36.7,T
9,87,182.0,7,2,356,53.3,D
9,225,168.7,16,2,202,61.4,D
8,128,532.1,17,5,130,53.1,D
2,24,212.0,16,9,323,84.0,D
8,131,185.7,3,2,300,71.1,T
7,144,551.5,12,10,166,64.4,T
8,144,138.8,20,6,107,48.4,D
6,98,73.5,29,10,146,72.2,D
3,152,318.9,10,9,119,94.7,T
5,141,420.1,28,4,291,31.9,T
8,138,132.6,8,5,106,44.8,T
7,197,546.5,16,12,190,72.7,N
1,59,292.4,18,12,101,47.5,T
6,236,61.0,11,4,100,74.9,N
6,19,435.5,2,9,167,99.5,N
9,196,70.3,5,5,67,38.8,D
2,25,33.6,20,9,264,30.7,T
1,125,290.8,10,12,124,54.5,D
2,37,91.9,5,5,278,74.3,D
4,57,168.9,25,9,190,43.5,T
7,29,384.9,30,3,316,79.0,T
7,41,146.7,18,8,213,44.5,T
6,170,130.2,31,1,105,36.7,T
4,149,321.4,10,2,228,83.6,D
3,122,362.5,10,5,192,73.0,N
7,224,92.4,9,10,293,76.9,T
7,206,366.5,6,6,141,57.2,N
5,48,475.7,28,11,140,93.6,N
9,242,32.6,30,4,185,50.5,T
1,18,142.9,25,6,279,61.1,N
7,211,361.5,25,11,296,44.3,T
5,187,309.2,25,4,196,70.4,N
2,167,75.6,1,8,159,36.3,N
3,133,166.0,1,2,260,80.3,T
2,137,582.1,8,8,171,98.5,D
3,84,98.5,27,6,166,43.5,T
3,156,229.9,7,8,221,47.2,D
4,99,571.0,28,9,255,48.0,N
6,207,461.5,4,5,173,63.5,N
7,123,333.8,18,4,130,42.3,N
7,192,16.8,11,11,284,86.3,D
1,155,344.4,29,4,241,27.8,T
8,154,565.2,2,10,202,38.3,D
4,199,248.2,14,12,76,44.0,N
2,13,162.9,14,4,238,72.0,T
6,33,562.6,16,7,341,46.7,N
9,75,103.8,1,12,100,23.6,D
5,157,307.9,8,2,146,92.5,N
3,95,469.8,7,12,96,68.0,T
6,72,585.4,29,3,208,75.9,T
7,89,146.3,20,6,122,71.0,N
5,147,254.3,1,10,107,71.3,N
7,93,239.4,28,12,134,83.3,D
4,209,76.8,14,12,282,47.4,T
9,65,208.1,10,9,297,55.2,D
1,240,111.2,28,8,165,23.3,T
2,141,158.8,4,12,83,31.6,N
9,46,462.3,23,9,205,92.9,D
4,211,481.3,2,1,175,95.7,T
9,223,237.2,29,4,181,55.4,N
9,165,414.9,5,8,112,59.7,N
4,189,286.3,20,9,276,40.7,T
5,222,40.1,1,6,331,89.9,T
7,46,255.9,7,6,243,59.1,D
4,227,532.1,8,5,135,77.8,D
9,204,80.7,28,10,183,81.9,T
7,76,295.7,14,6,109,53.4,N
7,114,519.7,18,7,219,72.5,N
2,89,142.2,16,9,286,95.2,N
2,204,233.3,5,12,154,86.7,N
2,71,54.3,27,9,154,70.3,D
6,66,378.0,4,11,77,64.6,N
9,208,495.3,1,5,360,28.8,D
3,205,370.7,1,8,108,23.8,N
6,119,106.9,11,6,333,38.3,D
8,103,468.2,14,10,154,51.0,D
7,208,154.2,24,2,289,71.8,N
7,223,171.3,16,1,221,33.6,D
8,178,393.6,26,9,222,99.6,N
4,207,452.2,26,3,267,57.8,D
9,30,553.0,28,9,229,50.2,N
4,81,201.0,5,1,350,44.8,N
2,59,23.5,10,11,202,96.5,D
8,54,347.8,3,10,318,77.5,N
7,129,65.8,12,8,79,62.2,N
5,203,37.8,30,11,165,26.7,N
5,148,191.6,30,10,170,57.2,T
5,138,96.7,19,2,125,66.4,D
6,92,430.5,19,5,77,88.0,D
7,58,529.0,14,11,278,28.7,T
1,91,144.0,23,8,207,96.2,N
6,58,440.5,6,8,292,50.0,T
7,202,171.5,20,9,245,64.9,N
4,12,491.5,8,1,138,64.2,T
3,244,592.3,3,2,255,27.2,N
8,28,419.5,11,11,169,36.2,T
9,27,170.8,11,8,315,57.0,D
2,200,516.7,26,7,202,43.9,D
9,72,595.3,24,3,78,56.3,N
2,49,433.7,25,4,141,73.5,N
6,171,37.0,16,8,181,29.8,T
5,36,590.7,3,12,117,29.9,N
2,183,23.1,23,2,118,50.8,D
2,189,96.1,2,12,206,50.9,T
5,149,547.1,25,3,132,25.3,D
6,132,335.2,14,8,221,40.9,N
7,148,497.4,14,2,309,81.4,N
1,119,264.7,7,6,144,71.2,T
6,115,387.1,20,5,333,58.7,N
3,238,568.2,2,7,305,51.5,D
2,214,587.6,9,10,182,80.2,N
6,117,86.1,1,12,258,81.9,D
9,169,545.6,6,3,357,21.3,T
9,112,278.6,6,7,271,65.9,N
6,55,258.2,16,4,256,77.6,T
5,86,528.0,6,11,184,82.4,D
9,244,114.1,20,2,244,38.6,N
7,110,201.6,14,9,130,64.3,D
2,129,156.4,25,2,248,75.0,T
4,145,312.1,27,11,185,79.9,D
8,14,444.7,19,1,184,86.4,N
6,98,173.9,12,10,98,87.6,D
1,204,27.4,15,8,283,40.0,D
3,37,526.6,18,10,62,46.3,D
2,38,226.8,23,6,282,77.9,D
1,225,294.0,2,11,336,21.4,T
3,178,437.7,17,4,171,41.6,D
5,160,66.7,21,4,198,43.8,D
7,56,558.7,2,12,138,50.8,N
3,51,70.5,31,3,348,75.8,N
8,202,122.1,20,4,281,65.3,T
5,129,138.1,13,7,213,41.5,D
4,55,77.3,19,4,307,67.4,T
5,171,293.1,3,6,113,96.3,T
6,132,238.6,10,1,260,83.0,T
8,140,323.2,28,2,107,81.4,N
5,145,469.3,30,6,322,66.5,D
7,148,201.3,19,9,187,33.4,N
1,220,305.2,19,9,171,25.9,N
5,17,445.7,28,3,69,41.2,N
8,40,171.3,11,3,251,58.1,T
4,145,161.4,4,12,232,44.2,T
7,230,345.1,18,6,296,24.5,T
2,161,116.9,7,11,357,74.7,N
5,225,542.9,23,10,164,46.5,D
9,31,243.0,4,4,98,56.2,N
6,149,438.9,13,8,84,96.3,N
1,57,401.9,6,12,322,68.3,T
8,184,567.6,20,4,136,22.8,D
7,157,76.8,3,10,229,98.5,D
6,140,497.2,22,11,89,52.5,T
8,216,406.0,22,4,155,50.1,N
6,213,557.6,13,6,325,36.6,D
5,53,90.6,7,5,158,95.5,N
1,218,533.0,21,4,131,62.6,N
6,228,135.3,29,11,265,44.7,D
5,114,410.5,17,10,338,38.1,T
2,100,596.8,16,5,349,67.2,D
7,56,34.1,22,3,313,24.6,D
1,10,55.3,25,4,123,45.1,T
5,179,27.1,17,2,275,35.0,T
3,60,345.8,8,7,64,52.5,T
8,50,540.3,22,2,172,71.4,T
1,228,106.4,26,12,232,52.5,N
1,63,195.4,5,2,240,60.9,D
4,133,41.3,1,7,98,29.3,N
6,96,426.7,24,11,290,46.8,T
7,233,87.9,15,11,117,31.9,N
8,212,286.9,28,9,244,99.5,D
2,192,308.1,6,6,186,35.1,D
6,198,464.7,18,2,333,43.7,T
6,202,42.2,29,3,194,36.4,D
9,173,416.5,2,7,155,51.0,N
4,233,327.0,8,9,153,99.9,T
9,237,583.2,16,6,131,30.5,T
8,196,332.4,10,1,68,29.4,D
6,128,307.5,27,6,142,41.9,T
2,92,247.1,22,5,262,27.7,N
1,11,571.9,17,11,83,36.3,D
1,156,515.4,14,2,146,74.3,D
3,122,512.2,22,9,193,72.7,N
9,21,78.4,11,4,245,41.0,N
3,192,238.3,5,3,272,45.0,N
8,211,343.1,7,11,217,83.6,T
2,194,274.1,23,3,271,81.9,T
4,138,348.0,8,3,204,92.4,N
1,128,357.1,17,5,355,33.4,T
3,172,553.3,27,1,212,28.4,D
5,246,106.6,27,5,168,56.0,D
9,46,515.3,27,10,190,57.4,N
4,241,40.9,25,8,317,39.2,T
2,105,78.2,9,7,218,49.7,T
8,32,591.7,15,10,260,35.8,D
3,141,508.1,2,8,298,86.4,N
8,164,67.1,28,12,198,24.5,D
7,176,548.3,6,3,195,74.7,N
6,102,47.0,4,1,76,26.7,T
9,184,62.9,30,1,187,24.8,N
7,122,384.9,9,1,123,82.6,T
2,145,569.1,10,4,146,23.6,T
2,80,65.2,16,10,196,36.9,D
6,41,139.3,8,7,224,76.1,N
8,111,120.1,15,4,291,53.6,N
2,214,489.6,12,4,297,56.5,N
6,33,64.8,5,10,229,71.6,D
8,53,239.1,7,1,220,83.5,D
6,83,73.8,27,5,346,90.1,N
7,76,322.7,13,12,210,42.9,T
4,91,27.0,31,10,69,91.5,N
8,128,517.7,20,8,172,52.9,N
3,122,324.4,15,12,73,49.4,N
8,62,174.9,9,8,246,48.7,T
7,40,563.4,19,9,312,38.6,D
7,174,181.5,14,8,132,29.5,N
1,28,460.4,10,8,67,41.3,D
6,152,134.8,15,11,130,73.8,T
9,121,288.3,19,10,142,69.5,D
7,164,370.5,27,10,351,59.1,D
7,114,462.6,6,6,75,88.7,D
2,67,161.5,24,5,97,76.4,D
3,110,65.3,14,8,268,36.9,D
3,22,400.8,24,4,359,47.8,D
1,191,216.3,22,9,310,39.5,T
9,236,403.5,27,2,345,71.3,T
7,111,314.1,30,1,298,62.9,T
9,244,253.3,6,4,261,44.1,D
4,191,545.1,14,12,142,32.4,D
8,117,388.3,22,10,166,77.3,D
6,87,541.2,28,7,311,78.5,N
1,33,498.6,28,5,284,41.7,N
1,226,454.7,19,7,222,66.4,D
3,163,484.5,25,4,122,98.4,D
6,40,285.3,22,6,129,91.9,N
9,208,440.6,29,4,181,85.1,T
1,178,342.3,6,3,283,91.0,T
2,90,276.5,3,8,192,60.0,D
7,170,587.0,29,10,204,75.5,T
7,147,195.6,24,4,112,70.9,N
6,250,487.5,29,8,246,76.2,D
1,178,74.9,13,6,182,30.3,D
4,244,455.9,19,7,155,30.8,N
7,164,189.7,17,8,259,30.6,T
9,120,368.0,19,8,137,26.6,T
1,45,100.2,27,10,351,89.0,N
2,67,427.6,29,5,252,62.0,T
1,106,362.1,31,3,173,51.9,N
5,36,56.3,18,3,289,92.1,N
6,42,185.3,9,11,301,79.2,N
7,70,350.7,9,9,230,87.9,N
5,77,208.5,8,10,192,28.1,D
9,249,86.7,3,1,325,38.2,N
3,106,412.9,21,2,185,68.7,N
5,164,369.4,27,12,275,94.2,T
4,166,134.9,30,9,248,34.5,N
6,86,355.3,30,6,285,41.7,D
5,124,576.6,17,2,229,72.3,N
7,246,149.4,20,4,354,98.5,T
5,164,313.3,1,1,179,97.1,T
5,181,365.4,27,5,288,90.9,N
6,105,566.9,9,11,102,55.6,N
9,221,484.0,21,10,107,33.6,N
7,120,20.6,8,3,186,22.8,D
4,65,280.1,27,2,170,34.1,T
2,200,193.1,10,10,240,44.6,D
7,114,49.6,26,7,241,32.7,N
7,174,240.7,26,7,80,43.4,D
7,67,325.2,8,5,68,21.6,D
4,191,319.9,26,9,317,90.8,N
1,12,350.6,13,11,129,89.1,D
5,217,518.8,18,8,141,58.5,T
8,236,203.6,20,4,143,27.9,N
6,158,294.3,10,6,190,74.9,T
4,44,268.6,18,8,70,47.5,N
2,98,95.4,4,7,154,52.0,N
4,25,123.1,13,9,89,94.6,N
2,230,557.9,20,2,128,99.9,D
8,28,460.0,26,10,96,93.0,D
6,203,227.7,27,8,116,31.8,N
3,135,40.4,17,8,115,66.1,N
5,100,506.7,21,8,119,80.4,D
5,45,497.0,30,3,233,70.7,T
6,226,292.2,7,12,220,88.9,N
1,104,164.0,23,2,109,46.2,D
9,49,379.6,2,7,330,31.1,T
5,135,361.9,29,5,99,33.0,N
9,153,236.4,12,10,126,54.6,T
4,36,504.6,29,7,164,31.3,D
7,153,15.4,29,11,312,58.2,T
2,109,20.6,2,4,343,55.2,D
6,115,34.9,28,8,294,79.4,N
2,170,90.3,7,4,276,80.4,T
7,125,544.3,23,5,150,97.6,T
3,26,492.0,12,3,109,62.0,N
6,226,542.6,10,4,320,63.5,T
5,108,305.9,20,1,180,55.1,T
5,31,407.1,3,4,299,64.0,N
7,246,525.7,15,11,140,21.5,N
7,54,460.6,13,10,186,96.9,T
6,141,132.0,31,12,94,73.4,N
9,241,542.5,3,5,320,46.2,D
6,234,219.7,28,4,165,28.8,D
9,147,543.1,4,5,109,56.1,T
6,86,231.5,20,7,148,35.0,D
1,245,19.4,10,3,88,39.5,D
2,89,93.6,3,8,119,24.9,N
9,214,426.5,28,11,203,59.3,N
2,222,204.3,22,11,334,77.5,D
1,15,481.5,27,5,267,58.0,T
4,132,444.0,8,12,330,53.4,T
8,166,466.7,23,12,260,55.5,N
2,107,367.4,5,8,128,24.9,D
4,109,494.9,20,10,153,82.6,D
8,87,196.4,26,7,356,75.1,T
7,193,203.2,31,1,147,85.3,T
7,44,373.3,18,8,149,81.8,T
4,167,338.1,10,11,159,21.2,T
7,91,105.4,5,6,156,73.0,N
9,177,75.0,16,5,136,54.4,T
2,88,161.5,7,1,348,61.7,D
5,104,321.1,1,6,163,83.4,T
6,88,367.0,16,8,299,54.2,N
4,79,160.7,9,7,232,74.2,D
9,188,402.8,7,3,63,36.8,N
8,28,494.8,17,9,73,42.8,N
9,11,19.7,24,2,212,69.6,T
9,248,567.5,13,1,266,67.5,N
5,71,551.4,4,5,72,90.8,N
3,139,106.0,19,6,60,90.6,N
1,128,49.8,8,6,134,60.6,T
5,118,178.1,8,5,349,90.2,T
1,102,403.9,25,1,182,69.0,D
1,93,460.9,28,10,336,31.5,D
1,101,499.3,19,2,84,85.1,N
6,120,342.7,28,8,78,71.0,N
8,245,409.6,22,7,357,26.6,N
9,137,407.1,7,9,72,54.4,D
7,230,500.2,15,4,357,69.0,D
2,191,297.6,4,6,255,82.9,T
2,197,350.5,30,10,75,56.1,T
5,219,167.2,19,1,276,38.7,N
2,152,29.0,13,1,220,66.7,N
3,85,163.6,24,7,339,56.1,N
9,13,493.4,2,10,121,79.7,T
1,91,205.5,12,7,277,80.5,D
9,51,375.6,24,3,354,33.1,D
3,233,541.6,11,12,164,29.5,T
7,13,360.5,4,1,201,32.8,T
4,60,203.8,30,8,226,33.8,T
6,104,561.1,9,5,187,67.8,D
7,207,300.1,26,2,330,52.0,D
8,110,243.0,8,12,334,26.3,D
7,59,264.8,21,10,199,66.4,T
8,249,17.7,22,9,82,81.6,N
2,150,71.0,9,10,286,78.0,N
8,179,589.9,6,10,265,79.6,T
5,135,108.1,7,3,315,83.1,D
1,100,520.1,19,9,109,99.0,D
4,171,38.9,22,12,201,82.4,N
6,76,120.6,18,12,103,80.8,D
2,25,101.6,24,6,77,66.1,D
9,140,198.3,22,10,238,48.9,T
4,207,353.2,27,11,81,68.9,N
1,186,236.3,9,11,139,81.2,N
2,126,183.6,20,7,183,41.7,N
9,32,144.0,25,8,216,55.3,N
9,155,308.7,19,11,177,94.6,D
2,245,138.2,27,5,206,67.4,D
8,14,194.1,5,2,332,72.2,D
7,182,559.9,2,11,247,83.9,T
8,96,562.2,22,11,169,99.4,D
9,208,250.3,22,5,102,26.5,N
1,184,247.6,12,3,75,23.8,T
6,65,83.6,7,5,77,83.9,N
8,10,186.3,26,2,302,57.1,D
6,28,241.7,21,12,305,94.0,N
5,161,570.9,27,4,123,60.8,N
8,41,255.9,7,3,229,84.1,N
2,241,136.8,9,9,230,75.7,N
4,67,476.3,26,1,117,23.9,N
1,177,327.8,30,6,142,58.1,T
4,170,53.6,14,2,317,54.9,D
7,152,590.3,6,9,246,85.3,D
1,233,31.7,10,10,93,74.8,T
8,52,28.7,3,2,135,48.5,T
8,173,47.6,22,1,73,40.4,N
1,121,439.1,9,8,326,71.0,T
5,53,322.1,13,5,210,38.7,N
7,167,586.1,23,10,158,73.8,T
5,169,182.8,30,4,339,55.0,D
7,184,103.7,26,11,310,32.0,N
9,30,143.6,17,6,179,31.5,T
3,13,329.4,19,8,183,87.9,T
6,62,486.4,12,5,282,62.6,N
4,186,440.2,23,12,166,38.8,N
3,87,508.6,10,3,98,100.0,T
6,158,358.1,28,5,208,93.0,D
8,240,263.2,28,10,358,51.2,T
4,229,11.7,12,12,280,36.5,T
4,210,385.0,22,1,298,58.4,D
5,104,347.6,15,6,127,75.6,T
9,209,333.3,22,1,288,41.2,D
7,47,573.2,8,12,63,85.7,N
5,16,269.5,1,8,169,41.5,D
9,232,54.0,15,4,141,29.2,N
6,238,87.6,8,1,189,75.8,D
8,157,221.8,10,12,151,64.1,D
7,190,124.2,9,4,180,88.7,T
8,28,56.9,31,12,307,80.4,N
9,106,275.7,29,4,228,79.5,T
7,159,327.8,24,6,318,43.9,D
6,38,554.7,1,1,156,73.3,N
7,219,237.1,15,6,192,61.0,D
6,97,288.8,5,3,290,99.1,D
8,243,522.0,11,4,225,31.8,T
9,89,594.5,8,12,313,29.4,D
5,141,491.6,20,4,320,65.3,N
7,206,378.9,29,1,348,71.4,N
3,135,519.0,15,6,269,68.0,N
1,54,110.9,11,5,232,31.8,N
9,245,554.7,30,10,98,98.3,T
1,200,512.8,22,3,118,53.6,T
9,141,398.7,9,4,164,80.3,N
1,40,302.1,11,5,261,27.4,D
8,159,512.5,20,10,323,30.9,N
3,104,458.8,21,7,259,50.8,D
7,96,42.5,10,1,320,31.3,D
3,46,521.7,12,1,140,43.4,T
8,102,386.0,5,11,357,27.0,D
9,124,578.6,20,6,324,81.3,N
5,88,305.0,19,1,128,74.3,D
1,118,320.9,11,4,345,99.4,D
8,64,91.0,7,11,341,95.4,N
8,219,48.8,25,2,153,81.1,T
6,66,55.6,16,3,330,53.0,D
7,229,424.1,19,1,318,33.9,N
2,24,258.6,16,1,228,32.5,T
7,200,47.0,25,1,125,27.9,T
6,123,376.2,26,6,206,66.7,T
2,213,392.0,23,9,237,31.1,N
9,135,170.5,11,3,93,72.7,T
8,30,268.3,14,11,309,84.3,D
1,173,170.5,15,2,240,60.9,D
9,82,154.0,10,2,356,58.8,T
2,127,80.2,28,4,102,31.3,D
3,133,492.5,31,10,204,40.6,T
9,173,393.7,15,6,254,53.5,N
5,238,151.6,10,6,275,71.2,D
2,82,235.8,19,9,130,73.9,N
5,129,375.2,18,4,337,71.3,T
7,130,20.4,30,11,326,40.6,T
2,51,424.2,2,3,89,24.8,N
7,83,133.3,29,11,212,42.8,T
1,50,507.1,25,5,265,94.3,N
6,63,584.9,25,9,343,39.5,T
1,58,172.7,15,3,353,74.2,D
2,125,572.1,17,1,315,45.2,D
7,58,592.3,19,11,281,68.0,N
7,93,476.0,5,9,312,62.4,N
4,218,279.6,8,8,278,37.9,N
2,142,526.7,10,7,239,60.8,N
2,242,196.2,3,8,189,99.7,T
9,207,53.0,14,3,283,28.1,N
6,56,231.3,4,12,95,76.0,N
2,117,104.7,10,9,219,72.2,T
2,134,446.8,3,12,221,80.7,D
3,42,370.9,11,5,243,75.4,N
6,148,428.9,16,1,294,71.4,D
8,235,63.0,24,8,264,89.6,D
9,166,173.7,7,1,146,58.2,T
2,157,177.3,17,2,172,77.8,D
2,165,480.5,16,7,202,28.1,D
2,224,507.8,16,11,219,99.0,T
5,35,353.5,24,2,217,42.3,T
4,19,194.3,31,3,70,58.0,T
7,46,283.5,24,11,323,36.5,T
1,197,590.1,2,6,77,97.7,D
5,95,361.8,22,1,227,93.0,N
4,236,332.7,18,4,313,96.6,D
7,198,230.5,14,11,333,72.5,D
6,207,300.5,14,1,156,65.4,T
2,126,241.2,10,12,125,80.3,T
2,103,512.5,31,12,65,44.9,T
1,37,157.2,1,11,168,63.5,D
8,18,535.1,7,4,94,84.4,T
1,66,209.8,29,8,198,78.6,D
9,84,447.6,9,12,200,79.6,D
5,209,160.4,23,12,76,40.3,T
2,94,336.4,21,5,133,88.8,T
3,36,241.4,25,10,305,68.4,D
7,218,388.1,1,9,276,85.9,N
1,204,530.7,26,6,281,37.9,T
2,40,348.0,20,8,72,98.9,N
1,160,537.9,23,6,241,55.8,N
8,249,364.6,18,10,64,38.7,D
3,54,406.9,26,7,95,83.3,N
3,234,557.8,18,6,355,75.7,N
6,12,447.2,18,11,69,90.2,T
9,91,231.9,28,7,259,31.2,N
2,157,89.4,24,12,78,37.8,D
4,34,564.5,11,9,332,65.4,T
7,17,555.7,20,5,95,65.8,N
1,246,433.4,7,9,284,73.3,D
1,50,385.7,8,9,173,66.2,N
3,195,441.1,16,12,177,56.1,T
7,191,411.6,30,3,357,42.6,D
9,66,292.4,23,7,291,88.6,D
2,240,228.5,12,7,83,87.9,T
4,245,164.1,4,8,68,62.4,N
5,113,225.1,25,4,306,35.4,D
1,152,370.5,11,6,228,27.0,D
3,72,188.4,21,1,128,87.3,D
7,225,442.1,13,4,301,59.1,N
3,131,374.2,12,7,269,84.0,D
3,188,127.6,2,8,360,83.9,N
4,26,520.0,6,12,237,72.1,N
5,14,395.6,26,9,83,71.7,D
5,182,324.6,18,1,138,95.5,T
9,124,579.3,20,4,214,40.7,N
5,235,218.1,10,9,254,51.7,T
5,66,261.3,7,3,306,50.0,N
9,63,201.4,24,12,101,55.0,D
6,58,300.3,17,11,173,96.0,D
3,39,90.9,10,4,98,59.0,T
2,221,219.5,28,8,188,78.6,T
6,170,72.7,30,11,240,92.1,N
4,23,88.8,2,12,316,57.9,N
6,169,101.4,15,11,238,49.8,N
4,77,84.3,13,4,321,36.6,D
3,143,568.9,24,3,102,58.5,D
9,79,98.6,12,10,194,52.8,D
1,32,133.9,3,9,117,84.2,T
7,75,176.6,1,3,312,84.5,D
2,140,372.0,9,3,305,30.7,N
3,22,308.5,12,5,216,54.3,D
2,243,338.6,23,5,102,81.4,D
3,224,93.8,9,2,176,57.4,D
4,211,494.3,20,10,164,44.3,T
6,50,264.0,18,5,82,61.1,T
3,117,496.1,7,5,346,63.6,D
2,197,416.1,5,7,148,50.1,N
7,76,586.8,13,6,132,65.6,N
2,70,219.5,18,3,203,30.5,N
3,225,116.4,19,6,211,98.6,D
8,93,392.1,17,3,256,25.5,D
9,130,93.9,18,7,122,62.4,T
2,151,387.4,10,5,233,91.0,T
4,31,27.4,3,3,197,55.9,N
8,10,453.5,11,3,354,39.4,D
1,68,401.4,12,1,357,75.8,N
3,110,73.5,14,6,256,29.1,T
8,177,557.5,27,1,191,60.8,T
5,206,426.0,19,10,92,79.5,N
4,181,373.5,13,7,296,96.0,D
7,240,106.6,14,1,181,49.2,T
4,166,178.3,7,12,325,35.3,T
6,202,137.8,20,7,122,77.1,T
6,217,142.8,15,9,91,90.3,T
3,175,44.6,19,9,267,32.9,D
7,206,237.4,20,4,350,52.4,N
5,112,117.2,19,4,253,24.5,N
6,43,134.4,31,1,270,56.4,D
4,172,454.1,14,9,321,98.6,T
4,244,414.5,5,3,351,97.5,D
5,62,127.5,10,2,130,90.8,N
5,75,166.2,27,3,98,20.8,N
7,214,83.9,28,1,259,78.4,N
9,15,340.7,4,9,141,85.7,D
4,118,496.4,7,5,193,70.6,N
9,99,560.6,11,10,138,47.2,N
2,69,472.7,6,12,80,46.1,D
7,34,453.6,26,4,129,78.4,T
3,217,17.9,25,6,86,75.3,T
1,225,387.6,5,3,347,94.0,T
3,126,30.3,14,9,221,55.4,D
8,26,176.5,1,11,299,76.2,T
4,35,391.0,12,4,260,90.0,N
5,78,150.9,17,2,111,72.1,D
2,237,307.8,2,8,163,27.3,T
1,100,276.3,15,12,90,76.8,T
9,169,587.7,9,8,317,74.2,N
6,24,319.5,20,7,142,77.0,T
2,243,392.9,3,11,246,62.8,T
5,74,14.1,9,8,94,96.8,N
1,195,478.8,15,6,332,40.6,N
1,97,68.1,8,7,351,77.6,N
5,247,509.9,4,10,320,58.9,N
4,233,244.2,19,9,285,84.5,N
8,119,152.2,14,6,293,32.7,T
8,59,407.6,21,12,67,76.2,D
4,154,29.7,28,4,140,68.0,D
7,157,154.7,13,9,151,56.3,N
3,91,577.3,26,8,92,21.5,D
9,210,203.1,18,6,119,69.1,D
4,199,109.5,30,9,284,65.1,N
5,24,531.2,15,6,128,94.0,T
7,81,52.2,25,10,208,57.0,N
2,177,479.3,26,8,282,67.0,N
1,102,101.0,15,3,159,68.6,D
1,37,221.2,16,6,185,55.9,N
5,163,11.0,8,1,221,54.9,N
3,39,116.1,13,10,327,43.6,T
5,179,466.8,17,8,257,56.4,D
7,226,210.0,12,8,336,66.6,D
9,117,88.2,21,8,157,70.1,T
4,21,322.1,6,4,88,62.1,N
7,202,476.8,14,3,247,55.8,D
3,218,333.0,15,3,101,42.7,D
2,165,310.2,20,6,250,75.5,D
5,184,77.4,10,8,99,31.1,T
7,52,201.6,3,3,266,49.0,D
8,61,297.5,10,4,176,42.9,T
1,148,19.4,28,2,256,33.9,D
9,84,423.1,6,9,244,30.5,D
8,84,285.1,12,1,152,60.1,N
4,172,104.6,1,6,106,73.8,D
4,150,379.2,12,9,210,47.6,N
1,53,466.7,2,5,321,25.8,D
3,134,393.0,8,3,360,92.5,D
8,55,123.0,8,11,236,70.2,T
9,13,340.8,1,5,238,81.6,D
3,211,144.7,7,1,176,96.7,T
9,45,366.8,22,2,108,28.0,D
4,174,400.2,28,8,281,23.3,D
5,28,33.0,7,3,136,88.8,T
8,90,264.9,25,8,293,75.7,T
7,248,325.4,24,12,77,90.2,T
2,116,39.1,27,7,67,91.0,N
3,215,236.5,27,6,190,55.1,T
5,20,410.2,5,8,205,31.1,T
2,43,69.3,7,9,193,44.5,T
8,204,427.7,17,2,341,76.8,D
9,98,327.4,27,10,67,47.1,D
8,168,134.0,4,6,261,35.3,T
7,250,492.0,18,11,77,23.6,N
1,44,383.3,19,3,118,58.4,T
7,116,373.4,7,1,336,75.4,D
5,125,285.4,8,9,156,91.4,N
7,82,247.5,27,11,175,23.9,T
8,11,175.4,22,10,349,80.9,N
3,10,163.6,20,9,198,47.4,N
5,19,454.1,29,4,164,42.9,D
4,200,480.3,9,5,89,96.6,D
2,60,521.6,13,2,356,90.7,N
9,129,316.5,8,7,232,90.3,T
5,182,498.4,26,2,349,34.4,N
5,82,132.4,29,7,266,90.4,D
5,154,447.2,13,4,272,42.9,D
4,129,148.2,11,4,131,82.3,D
3,137,264.9,25,5,338,24.6,T
8,237,347.4,2,11,244,90.8,T
6,98,23.7,14,10,288,80.0,N
2,120,407.3,9,7,242,21.2,D
3,181,107.4,14,1,245,65.2,D
5,97,111.9,27,10,288,45.2,D
5,243,190.9,18,1,283,26.3,D
9,208,206.6,30,9,311,22.2,T
5,43,495.1,25,3,237,41.2,D
2,192,262.9,17,9,191,54.8,D
1,42,10.9,20,1,73,72.8,T
1,53,541.0,23,10,70,64.3,N
8,156,115.7,14,7,166,32.3,T
6,213,178.2,4,1,355,71.0,D
7,212,486.3,9,5,167,63.9,D
3,200,532.5,23,1,189,69.3,T
1,242,31.7,18,12,356,59.8,T
7,115,519.7,24,8,112,64.2,D
9,238,347.1,9,10,318,95.0,T
2,181,453.8,4,2,142,46.0,N
7,84,360.0,12,1,342,78.3,N
3,54,353.3,20,6,354,53.3,D
5,16,77.1,11,3,351,95.6,T
3,24,63.7,30,1,202,62.7,D
8,161,83.1,20,3,261,87.9,N
1,94,560.4,15,10,139,30.5,D
8,146,345.9,15,6,146,50.7,N
1,245,412.8,17,6,101,48.0,D
1,113,276.1,5,11,211,91.1,D
5,124,63.3,3,9,346,44.0,T
5,32,294.5,27,9,299,84.3,T
3,101,152.5,5,1,232,31.5,T
8,160,546.6,5,7,193,83.0,D
3,195,205.8,30,3,93,29.4,T
1,181,543.5,30,3,170,77.6,T
9,192,452.1,1,5,301,34.2,N
4,117,408.3,9,9,278,37.7,D
9,245,131.8,18,2,64,83.9,T
2,211,390.2,6,3,344,43.4,T
7,31,14.7,25,2,308,44.9,T
7,143,30.4,13,12,94,54.6,T
8,11,500.9,1,5,168,55.2,D
8,56,568.1,14,11,105,48.6,N
8,191,442.2,4,4,294,99.0,N
2,178,512.0,4,9,95,56.4,T
8,133,400.5,10,11,136,77.6,D
3,154,405.7,16,4,254,69.6,T
5,55,269.1,22,7,95,93.2,N
4,246,153.2,29,5,203,52.7,D
7,104,595.1,14,6,82,64.5,N
1,20,524.6,29,5,278,56.0,D
4,89,495.6,13,4,61,52.1,N
2,132,158.1,11,12,175,29.9,N
5,29,369.4,22,5,357,54.5,N
9,51,557.7,19,2,249,62.5,T
3,121,524.3,19,1,208,37.5,N
4,24,420.8,21,3,72,95.5,D
8,157,535.5,17,10,80,94.9,N
5,186,11.9,1,1,67,23.6,T
9,186,356.0,6,1,130,49.6,T
2,138,43.0,18,11,335,98.6,D
5,226,149.8,1,7,341,40.6,T
6,44,511.1,7,2,122,69.2,T
9,185,150.2,14,4,159,56.9,T
5,213,24.3,19,11,122,26.1,T
6,178,65.7,10,4,210,87.7,T
4,138,565.7,6,7,108,46.0,D
3,213,421.8,13,11,231,92.1,D
3,167,23.9,19,5,158,53.5,T
8,232,477.9,2,11,142,50.4,T
6,91,209.0,28,8,323,73.3,T
9,193,372.6,21,4,325,68.9,N
6,129,507.7,13,7,269,23.0,T
6,86,330.0,27,1,175,80.1,D
2,244,298.9,31,5,279,75.4,T
1,101,547.6,26,9,110,72.3,N
6,36,421.9,26,2,184,24.9,D
4,231,16.8,9,2,144,55.6,N
6,172,184.9,24,12,98,78.0,T
4,138,154.6,23,7,78,27.1,T
2,142,419.5,28,11,321,96.0,N
7,105,464.0,18,1,141,45.2,D
6,88,323.7,4,11,225,88.7,D
5,24,383.9,5,8,289,59.3,T
7,223,117.8,13,1,192,70.9,D
8,74,86.0,22,10,321,60.9,N
4,235,134.9,29,12,111,74.6,T
7,151,140.5,23,4,130,80.7,D
4,200,129.9,7,6,98,71.7,N
1,102,341.2,7,1,194,45.4,N
1,66,495.7,3,1,87,67.4,D
7,103,217.0,9,6,144,91.0,T
5,201,581.6,12,8,216,94.3,N
3,247,176.5,11,10,195,82.1,D
8,221,127.8,11,11,309,93.9,T
9,111,60.6,10,4,251,37.7,N
3,194,477.9,24,4,139,51.1,T
9,43,427.2,16,11,124,42.2,N
9,39,241.6,4,6,358,50.0,D
9,118,554.2,12,9,215,95.7,N
1,105,568.2,13,5,343,52.3,T
5,229,101.7,14,7,115,48.8,D
7,145,288.5,15,6,161,25.8,T
9,176,347.2,9,2,114,21.5,N
8,116,301.7,23,8,354,33.2,T
4,137,548.6,23,10,235,83.6,D
4,197,345.8,9,12,93,48.1,T
4,95,523.0,4,11,318,86.7,D
2,172,135.4,23,6,357,33.4,T
4,23,416.2,3,2,74,90.6,T
8,98,320.4,31,1,175,58.1,T
9,171,267.5,15,11,203,66.9,D
2,92,351.3,16,5,332,71.8,T
3,229,530.9,21,6,198,80.9,T
3,220,491.9,8,7,66,22.2,D
1,29,210.5,26,5,221,23.3,T
6,223,595.2,5,5,304,21.9,N
4,134,40.3,5,11,147,66.8,T
5,58,400.2,23,11,360,99.7,N
7,167,106.1,2,12,199,61.2,D
7,188,458.8,27,7,254,45.4,D
4,187,334.8,6,6,65,88.3,D
8,203,415.3,1,7,310,37.6,N
4,247,174.4,24,5,354,86.7,T
2,244,291.8,15,8,164,63.2,T
4,128,557.3,28,1,276,76.6,T
7,245,371.9,27,12,154,85.7,T
2,232,481.9,21,6,82,99.0,T
1,50,59.3,22,6,198,67.0,N
2,250,204.4,12,11,238,27.6,D
8,169,259.8,15,7,182,71.4,D
1,74,559.8,21,7,190,48.2,D
5,244,385.3,20,5,291,92.2,D
6,51,483.9,23,6,235,72.9,N
9,163,439.0,18,4,192,97.5,D
3,167,469.4,5,5,78,62.6,D
1,111,305.9,7,2,309,27.7,D
3,52,114.4,3,4,195,35.2,D
1,163,62.0,15,10,335,40.9,N
6,247,326.3,20,11,204,45.2,D
4,211,45.9,5,1,259,66.4,N
2,62,150.4,9,1,119,61.4,N
7,123,506.6,29,6,144,73.5,T
4,116,319.2,11,4,89,52.9,D
9,20,51.8,9,1,321,89.5,D
8,67,191.3,27,12,191,24.3,T
3,81,278.5,16,2,70,31.4,N
7,33,155.3,6,4,310,80.7,N
8,204,86.1,25,4,176,56.3,D
2,167,470.3,5,5,256,41.2,T
2,166,356.8,3,4,234,87.7,N
4,79,255.1,12,1,312,50.4,N
5,206,282.7,25,7,301,55.5,T
7,230,497.3,23,2,268,29.0,N
3,122,275.9,4,3,185,92.6,D
6,179,228.8,1,11,133,54.6,T
8,242,301.8,27,12,125,33.1,N
9,67,467.2,11,10,285,91.4,T
9,239,522.9,6,1,288,52.3,N
7,104,529.2,30,10,323,72.0,N
9,245,15.1,23,10,216,27.7,D
2,244,289.2,4,8,83,30.0,N
8,72,171.0,24,10,133,94.5,T
4,77,478.4,2,8,253,47.2,N
9,12,193.3,25,5,243,92.4,T
3,220,289.8,28,12,198,30.4,D
4,135,232.8,27,6,143,38.1,T
4,220,56.5,28,5,137,60.9,D
1,123,216.8,11,5,113,23.9,N
8,244,495.1,5,8,333,63.3,N
7,94,443.7,9,9,236,36.0,D
1,96,582.4,7,11,252,31.4,N
3,56,309.0,31,8,238,77.3,T
6,74,535.9,26,1,337,25.7,T
4,241,81.6,8,2,299,75.8,T
3,184,348.9,12,9,122,56.0,T
7,48,263.2,12,4,127,67.5,D
7,18,48.3,14,8,109,26.0,N
3,238,192.3,23,11,254,59.2,D
7,40,526.0,27,5,184,94.2,T
4,250,96.4,8,1,192,22.5,D
5,199,36.1,13,4,338,24.0,N
5,68,598.6,11,4,331,40.2,N
4,232,271.2,14,1,243,24.3,N
5,68,576.5,29,11,84,77.0,D
4,171,305.1,15,10,198,24.1,T
5,33,326.8,20,9,120,30.5,D
7,11,596.4,31,3,239,55.1,T
4,25,497.7,20,7,236,85.2,T
4,37,22.8,1,11,140,29.5,N
3,192,406.2,23,2,318,87.3,N
7,154,232.9,2,6,129,50.9,D
4,223,407.3,14,2,89,24.2,N
6,224,299.7,1,7,310,57.8,N
2,58,110.9,27,4,244,28.9,T
8,35,166.3,16,4,335,36.9,D
5,98,89.4,9,7,318,98.8,D
5,11,583.3,1,8,297,40.6,T
7,34,232.5,10,4,160,58.1,N
1,104,376.3,29,5,111,53.3,D
2,42,157.7,7,7,198,76.1,T
4,60,99.1,14,6,298,74.8,N
7,34,547.9,18,7,307,51.9,N
5,53,222.6,17,1,324,95.3,N
7,142,360.1,22,2,231,36.8,T
7,52,356.7,3,10,170,70.4,N
1,249,328.3,19,10,234,73.1,N
2,149,54.9,10,11,192,39.7,D
3,212,160.8,14,6,225,46.2,N
6,197,497.9,10,10,262,94.1,T
8,125,163.1,26,5,240,72.1,D
2,122,288.7,9,6,295,68.0,T
6,210,131.5,1,1,178,70.5,D
5,98,445.9,2,5,80,31.2,N
2,51,241.9,9,11,201,66.2,D
6,212,502.0,2,11,140,61.6,N
6,181,290.0,23,9,333,63.1,D
2,204,16.6,30,12,352,53.7,N
6,119,25.9,19,8,99,45.5,T
2,81,81.8,25,8,131,59.6,D
2,105,291.8,6,4,330,75.2,N
6,201,167.4,9,8,338,52.9,D
6,77,227.1,25,8,360,89.3,T
1,58,505.8,22,9,142,25.4,T
9,94,459.9,22,11,189,22.9,N
1,187,493.8,23,10,200,78.6,N
4,206,279.3,7,8,312,47.7,D
6,149,477.7,15,9,103,54.6,T
8,27,533.0,25,8,227,51.5,D
1,180,556.7,16,6,185,81.3,N
3,232,243.4,30,1,143,56.9,D
4,104,381.2,18,12,113,74.5,T
5,174,190.1,5,6,344,91.0,N
9,139,165.6,6,7,225,48.1,D
7,108,71.5,19,8,199,83.0,D
8,122,570.8,10,7,309,93.7,D
7,233,581.5,4,3,153,61.6,N
2,198,345.9,9,11,176,97.7,D
5,231,83.2,5,3,144,95.7,N
9,66,567.0,11,4,302,66.9,N
5,57,172.8,1,5,234,58.4,D
8,11,179.1,26,9,339,75.8,N
7,87,398.6,30,4,196,28.5,N
4,214,316.0,27,7,281,23.2,N
2,173,586.0,12,2,124,23.5,T
6,239,522.1,19,5,198,95.3,D
1,205,61.8,19,2,268,95.3,N
5,152,583.8,29,5,154,88.5,N
7,156,73.9,8,11,163,32.9,N
2,159,520.4,11,8,154,67.4,T
1,218,335.2,16,10,230,30.4,N
5,42,521.0,28,6,224,80.9,D
4,234,451.0,20,9,268,53.0,D
9,111,360.4,10,11,309,89.8,T
2,88,251.7,29,7,290,46.8,N
7,136,346.8,9,11,85,46.0,N
1,226,479.9,2,12,356,48.1,D
6,195,153.9,24,9,181,29.4,D
3,29,434.6,26,2,70,63.7,D
7,237,376.0,31,7,261,46.1,D
9,127,388.9,18,1,248,80.8,T
7,203,233.6,30,1,137,20.9,N
4,213,510.5,23,3,265,64.4,D
1,107,90.5,21,2,101,21.4,T
9,90,581.4,24,4,140,78.7,N
2,198,181.5,19,4,253,92.3,N
3,62,123.3,22,1,181,45.6,N
8,213,494.9,15,9,262,26.8,N
5,13,432.2,14,11,92,41.2,T
1,83,264.0,18,12,100,63.2,N
4,198,44.6,26,10,74,23.0,N
1,76,500.2,29,12,207,87.9,N
1,229,415.5,7,4,271,62.4,D
4,122,51.7,20,9,150,50.4,D
6,163,355.1,12,6,343,74.6,T
5,47,349.6,4,12,60,21.8,T
1,192,571.8,15,8,172,89.0,D
7,140,170.0,31,8,348,22.9,N
4,12,516.0,8,6,267,50.7,T
5,61,578.8,1,6,327,96.3,D
2,120,84.7,6,12,239,73.2,D
4,233,510.8,9,6,105,37.2,D
2,107,241.6,23,5,236,90.8,T
7,135,459.9,14,11,316,95.6,T
9,63,387.3,8,4,267,42.3,N
1,128,187.8,5,7,256,79.5,N
8,113,322.0,9,10,128,85.3,D
3,80,457.5,26,6,176,60.5,N
7,235,548.2,3,7,316,95.1,N
4,146,543.0,26,11,230,55.4,D
4,160,245.7,9,12,140,58.6,N
3,24,238.9,11,7,354,84.0,D
9,58,394.9,4,11,285,70.9,T
6,112,555.8,29,10,297,54.9,D
6,103,136.8,20,1,266,71.5,T
6,192,213.6,10,5,122,23.3,T
1,98,516.0,22,4,252,26.7,D
2,145,481.6,13,2,300,34.7,D
9,172,502.4,25,9,314,48.9,T
6,110,388.4,1,11,199,61.6,T
5,250,354.2,26,5,214,66.1,N
8,242,382.2,27,5,285,31.4,N
5,33,552.3,18,3,222,59.6,N
3,146,52.3,7,9,161,89.7,N
2,14,218.6,29,10,277,94.2,D
5,76,440.1,19,10,288,85.4,N
5,136,421.7,15,2,93,43.4,N
1,85,94.5,22,5,331,48.1,T
2,147,559.8,15,7,225,64.7,N
7,85,114.8,17,7,168,62.9,T
3,132,452.3,25,11,115,72.7,T
6,41,592.6,28,2,166,62.3,N
2,111,201.1,1,5,315,51.4,T
3,61,561.4,11,11,259,31.6,D
5,243,26.2,30,7,310,68.1,D
1,250,303.9,21,9,181,89.4,T
4,11,64.3,13,10,155,61.8,N
7,54,526.2,10,2,181,33.3,D
2,39,587.6,18,7,185,96.0,N
2,12,516.8,2,6,89,31.9,D
1,123,111.4,18,1,354,42.1,D
5,79,14.8,18,2,131,20.9,D
8,131,182.6,18,3,170,24.6,N
3,54,58.8,3,10,87,48.5,N
9,135,220.9,4,12,205,59.3,N
5,125,144.8,6,6,133,60.5,N
4,113,53.4,20,4,140,45.9,D
5,24,493.2,9,8,104,92.8,T
8,167,380.9,17,4,347,61.0,T
7,228,557.6,5,6,232,68.5,T
8,137,506.5,14,8,71,58.7,T
7,248,350.8,10,6,190,22.8,T
9,175,103.8,23,1,251,57.6,N
7,30,377.2,9,5,257,45.0,T
7,143,159.7,23,5,84,23.7,T
6,130,115.7,25,3,210,93.6,N
4,139,171.7,26,12,198,36.7,N
1,128,555.6,21,1,316,44.7,D
1,12,236.9,10,10,310,74.0,N
8,187,529.5,19,10,78,83.4,D
8,32,337.6,12,9,236,24.1,D
2,62,68.0,21,10,309,81.7,T
3,40,262.7,11,4,240,21.9,N
2,148,207.1,2,9,146,30.9,D
5,182,109.8,6,4,301,94.6,T
3,235,63.7,4,11,233,32.9,D
4,68,45.0,1,7,235,22.1,N
2,249,421.9,28,8,183,94.3,N
5,49,217.4,4,1,134,92.1,N
9,77,273.9,23,8,168,52.6,N
5,37,186.4,5,7,87,56.8,N
9,153,351.7,13,2,253,24.8,T
1,239,273.2,5,3,264,30.8,D
9,78,314.9,20,6,327,70.6,N
6,57,589.5,19,11,271,82.0,D
4,160,103.9,12,10,73,39.6,T
1,124,390.2,21,10,235,47.6,D
7,217,562.0,22,10,308,22.4,D
3,120,193.6,22,3,341,73.5,N
9,35,581.9,20,12,323,87.9,N
4,110,352.8,11,1,262,34.0,N
1,181,341.1,28,9,155,39.8,D
9,25,220.3,1,8,347,25.1,D
4,152,585.2,31,5,119,69.2,T
7,56,395.2,20,2,72,59.5,T
9,124,18.1,26,12,336,93.1,T
3,88,398.1,5,2,267,57.2,D
5,181,108.6,19,3,208,33.9,T
9,118,532.6,17,2,315,49.1,D
7,15,375.7,15,2,219,29.6,N
5,71,415.7,16,11,135,72.6,T
2,210,501.7,23,7,185,55.9,D
7,153,485.6,6,3,175,36.9,T
1,225,292.8,9,12,207,23.1,N
2,161,36.6,10,11,197,73.1,N
4,185,144.3,21,2,306,85.9,D
5,196,264.2,13,6,159,72.8,T
2,240,96.0,15,11,300,36.3,D
2,105,563.0,7,11,167,88.6,T
3,133,91.4,25,1,240,37.6,N
1,243,206.4,20,5,164,70.8,D
6,92,195.5,1,5,338,79.2,D
3,222,161.2,31,12,358,57.8,D
9,55,204.4,2,9,214,83.7,D
8,222,287.3,24,4,318,42.9,D
6,77,324.9,18,10,198,58.3,T
7,238,582.2,2,11,331,60.0,T
2,98,466.2,30,11,113,80.8,T
7,117,143.6,12,4,354,74.9,D
2,57,197.1,28,12,228,75.3,N
1,246,503.1,3,7,145,30.8,D
2,178,259.4,29,11,296,24.3,N
3,246,156.1,21,9,83,98.7,D
2,40,427.0,2,8,316,80.2,D
8,228,380.4,29,6,191,40.3,D
7,135,538.4,23,4,190,98.1,T
4,181,505.1,15,4,197,97.7,T
7,173,44.8,3,7,299,89.8,D
8,182,269.2,14,4,95,91.7,T
2,190,257.6,1,2,315,28.5,N
9,92,126.1,5,11,139,27.9,D
3,206,361.0,16,8,98,21.6,N
4,54,115.1,26,9,295,27.0,D
6,131,270.3,13,2,346,73.5,N
1,147,432.4,15,12,265,89.3,N
8,94,18.3,13,9,133,62.5,N
8,147,518.2,15,5,295,20.5,T
9,209,542.5,14,3,112,93.9,N
5,227,520.4,28,12,214,87.5,N
8,229,67.9,16,7,190,47.1,D
1,136,372.9,2,5,293,95.9,D
6,135,386.8,31,1,122,33.7,D
5,222,140.4,20,10,193,39.2,D
6,71,344.4,28,9,151,83.1,N
1,218,54.5,4,5,137,67.6,D
3,118,239.7,12,6,117,65.3,N
5,45,163.3,26,1,313,44.2,T
5,11,293.1,22,3,256,34.1,N
9,99,523.4,6,5,331,71.9,T
4,227,356.9,5,5,213,23.9,T
6,112,396.1,19,10,132,35.7,T
9,217,459.1,28,11,360,55.8,N
9,216,259.2,12,2,118,30.6,D
9,22,575.0,18,11,255,54.8,T
8,216,36.8,24,10,295,79.7,T
5,145,487.6,7,4,206,84.3,T
1,71,234.8,26,10,192,82.7,T
1,35,79.2,19,12,358,53.7,T
2,242,19.4,16,4,245,37.6,D
5,126,139.0,15,8,328,31.2,T
9,35,553.1,2,5,63,70.9,D
9,246,90.6,23,9,309,29.9,N
2,196,180.3,20,9,136,99.1,N
1,134,86.6,6,1,257,75.4,T
1,80,552.9,20,6,327,79.7,T
5,122,569.3,22,6,340,45.3,T
5,96,102.4,28,2,111,32.4,D
1,156,389.1,2,4,212,93.0,D
5,38,59.1,8,8,294,45.2,T
8,122,289.3,15,6,339,46.1,D
7,215,430.8,19,12,184,39.7,N
2,102,244.6,3,9,160,77.6,N
1,207,40.1,22,12,223,70.0,N
8,194,442.1,7,11,191,52.5,D
1,63,546.1,4,3,120,44.5,D
9,33,88.9,23,4,185,35.8,N
2,68,394.0,1,6,203,42.7,D
5,128,36.3,10,2,82,96.2,T
4,150,393.3,18,3,358,40.8,D
5,219,183.8,27,6,248,40.0,N
6,178,365.3,17,1,179,34.3,T
2,79,104.5,21,10,109,56.7,T
8,10,367.7,29,4,125,85.1,D
4,31,103.5,16,10,265,50.8,T
4,250,359.6,22,5,65,92.9,T
1,66,391.7,13,9,195,49.7,N
1,90,579.3,22,5,92,45.8,N
8,64,83.9,18,11,323,92.4,D
8,59,578.9,2,6,175,32.0,N
8,215,177.8,28,1,182,40.3,D
8,101,581.5,25,5,355,50.5,N
6,86,336.2,8,10,317,39.7,T
9,139,77.1,26,3,266,91.4,N
5,152,287.7,18,3,229,35.5,N
8,213,495.7,7,7,199,92.6,N
1,62,94.3,8,7,106,63.9,N
8,80,360.9,28,9,197,46.1,T
9,71,378.3,13,10,119,91.4,T
6,140,137.8,11,3,68,28.8,N
2,230,234.1,8,4,262,33.4,N
2,124,425.6,25,1,320,46.8,D
6,225,363.2,23,12,351,59.3,T
7,209,148.6,4,6,255,49.8,T
2,91,352.9,31,1,239,58.8,D
9,66,587.6,8,4,131,59.9,T
2,243,560.1,5,7,139,32.7,T
4,152,207.9,30,7,89,28.9,N
4,35,128.5,6,3,89,48.2,N
4,104,527.2,5,3,330,95.6,T
9,144,519.6,16,7,254,97.4,T
9,51,155.8,14,11,278,54.0,D
7,14,404.0,17,5,94,91.6,T
8,198,243.7,2,7,162,87.7,N
6,80,147.8,8,10,283,55.7,N
4,197,175.5,29,11,150,30.2,N
5,172,202.0,28,12,205,79.7,T
5,13,437.8,5,7,102,20.5,D
1,243,350.6,25,1,221,49.4,N
2,97,420.7,18,9,213,74.6,T
1,166,557.0,26,3,334,32.7,D
8,159,493.0,9,3,165,75.7,T
9,38,123.1,14,2,308,98.5,T
9,96,460.8,29,3,347,22.9,N
7,97,434.1,9,7,107,59.8,N
2,15,167.7,6,4,234,74.9,T
9,182,199.4,20,7,293,57.0,N
6,80,278.4,25,2,75,48.9,D
8,138,423.8,30,6,294,55.0,N
4,208,514.3,9,2,333,90.7,N
7,193,399.0,9,7,113,51.7,D
2,44,582.7,3,9,190,87.5,D
5,15,174.4,10,9,264,58.5,D
8,239,535.3,23,11,359,72.0,D
3,182,370.9,14,6,204,72.1,D
4,30,296.5,8,5,196,82.9,D
2,145,347.2,25,8,294,68.2,D
3,88,119.9,14,2,267,57.8,T
5,126,198.0,25,12,169,20.2,D
3,76,539.4,15,6,294,42.6,D
5,204,47.6,19,9,116,95.3,D
8,27,536.3,22,3,344,76.5,T
9,32,492.3,24,3,91,59.4,D
5,240,71.2,17,6,97,36.1,N
7,53,300.0,20,11,65,65.5,D
2,157,451.0,16,12,211,38.9,T
4,27,587.9,30,6,271,59.8,N
5,163,77.2,10,8,192,78.3,D
2,31,509.8,7,10,174,81.1,T
8,187,223.5,15,9,267,48.1,N
4,87,256.5,8,5,259,82.7,N
3,205,61.3,24,7,319,65.1,T
9,181,38.6,13,9,237,91.6,D
1,60,223.3,24,11,311,40.4,T
2,172,516.1,31,3,138,33.5,D
2,36,443.8,5,7,178,79.7,N
4,84,558.2,30,6,320,93.5,D
6,203,363.2,22,11,208,94.1,D
9,163,209.2,18,1,201,40.8,T
8,119,277.8,15,1,353,32.0,D
7,216,467.1,5,4,103,61.0,D
6,123,292.9,7,4,161,66.3,T
1,78,115.9,22,10,124,61.6,T
4,62,321.6,18,6,73,90.4,T
1,182,57.6,27,12,304,63.0,T
6,127,542.8,20,11,242,68.0,N
2,34,504.1,7,4,245,99.2,N
4,28,531.9,27,5,323,80.9,N
2,230,265.7,15,5,169,46.1,D
3,228,184.9,10,3,354,39.0,T
2,20,180.2,1,7,122,53.0,N
1,153,241.8,16,10,205,96.4,D
1,75,426.7,3,2,181,28.2,D
3,39,11.6,17,2,142,41.1,N
5,34,346.7,6,9,63,60.6,T
2,95,196.9,29,1,130,79.5,N
3,227,313.2,6,6,276,65.7,T
3,237,250.4,28,2,135,62.9,N
3,66,126.0,12,10,70,31.0,D
3,25,422.3,11,11,356,34.8,T
7,99,174.2,18,7,236,95.8,N
8,101,361.1,5,6,222,94.2,D
9,58,43.2,29,6,293,44.4,D
8,208,403.4,27,5,147,75.0,D
2,157,453.0,3,10,144,45.7,T
1,245,577.6,17,5,168,23.4,D
4,183,448.1,11,3,70,79.0,N
5,240,507.4,26,3,255,31.4,N
7,177,230.9,7,12,248,35.4,N
5,196,140.8,2,1,342,79.9,T
4,203,521.0,3,8,216,33.4,D
2,221,560.0,12,3,119,39.1,D
2,201,408.7,24,1,355,37.3,D
6,95,191.4,22,5,68,47.8,N
6,52,397.0,29,3,103,33.3,D
7,180,316.0,22,4,183,86.6,N
2,11,114.4,4,3,206,25.9,T
9,180,422.9,21,11,101,95.7,D
5,52,70.4,5,9,229,57.3,T
8,76,353.4,23,6,167,81.0,D
9,202,489.5,17,3,136,51.1,D
8,109,54.7,23,12,346,84.6,D
3,161,395.7,15,5,158,69.9,N
4,74,500.1,21,12,71,74.7,N
7,33,285.0,29,1,180,66.1,T
1,22,122.1,21,9,77,48.7,D
7,57,83.1,22,11,225,87.9,T
1,141,175.3,14,10,206,21.8,N
8,22,176.1,20,5,324,47.1,N
3,120,188.2,15,9,256,96.5,N
8,124,501.7,19,5,326,39.1,N
2,63,72.8,14,12,294,47.5,T
9,82,480.8,3,10,244,35.4,D
2,58,273.1,6,1,286,47.7,N
8,140,434.5,15,3,126,23.8,T
7,54,239.6,18,7,330,67.8,D
6,191,422.0,11,10,240,84.8,T
6,54,98.0,4,5,304,24.9,T
8,182,221.0,7,1,257,26.9,T
8,167,373.7,19,2,156,32.5,N
5,61,152.0,6,11,358,46.1,N
5,160,96.1,9,9,236,35.4,T
9,34,346.9,10,7,77,88.5,D
2,86,82.7,14,4,180,47.7,D
9,143,72.1,25,1,127,45.9,D
2,162,266.1,24,1,102,52.6,T
3,202,252.5,29,12,107,72.3,N
5,137,78.1,14,1,273,44.7,N
6,215,168.2,12,8,201,74.6,T
7,178,408.5,10,8,89,29.3,D
4,220,85.6,29,8,226,62.1,N
9,44,572.4,8,2,75,45.6,N
1,79,123.3,19,4,64,45.3,D
6,110,325.1,3,12,100,96.7,T
6,99,109.6,15,5,246,94.6,T
6,192,354.5,12,6,77,38.1,T
2,126,590.9,21,7,257,41.2,T
1,109,36.0,3,3,276,95.4,N
4,155,449.2,5,11,60,64.6,N
6,134,23.3,28,10,226,54.7,D
9,244,382.6,18,11,142,57.9,T
5,164,49.5,2,6,111,77.8,T
6,194,158.7,23,5,73,84.9,D
3,115,485.7,27,4,356,67.7,T
1,57,349.0,27,10,246,24.0,N
7,242,46.0,13,2,235,68.3,D
7,112,413.7,13,11,250,66.9,T
5,26,110.8,13,4,244,27.0,D
6,57,51.9,28,11,93,35.1,D
3,144,354.4,8,10,153,65.7,T
8,236,201.3,2,6,190,87.2,N
5,24,154.2,20,7,184,91.7,T
2,110,231.4,2,5,260,81.7,D
2,55,173.4,28,2,358,22.7,T
8,94,392.8,25,1,318,45.0,D
2,23,187.9,10,5,66,36.2,N
9,154,441.6,25,6,273,20.5,D
6,206,404.7,24,5,80,24.3,D
5,228,359.5,5,6,74,72.1,N
3,236,92.4,7,2,102,68.5,T
6,53,31.9,3,1,264,66.9,D
2,189,549.6,1,10,359,73.0,T
6,43,148.3,20,1,257,22.9,T
2,156,111.0,31,3,192,41.0,T
5,11,85.4,12,1,101,61.1,N
9,246,480.0,2,8,75,68.6,T
4,231,356.3,1,10,209,43.6,N
9,174,208.8,24,7,99,99.9,T
1,12,462.7,30,4,182,89.2,D
4,235,471.3,14,9,78,66.8,T
6,64,352.9,19,2,334,36.9,T
4,94,410.4,13,6,254,89.1,N
4,176,200.3,26,4,211,72.8,N
1,65,135.2,15,12,64,46.2,N
6,239,57.8,16,2,125,69.4,N
1,67,423.2,3,4,90,69.6,N
8,35,456.4,20,5,101,69.7,T
8,93,344.4,10,6,307,89.3,N
2,63,448.3,1,6,231,83.8,N
9,167,330.0,20,8,154,79.5,N
5,182,52.1,6,2,209,83.4,D
3,12,508.6,11,12,136,34.4,N
5,180,479.9,7,7,124,88.7,N
4,110,37.1,13,1,220,95.5,T
6,11,89.0,13,10,184,45.0,D
9,106,532.2,9,5,344,41.7,N
4,18,325.6,15,5,319,43.8,T
2,127,529.8,12,3,248,34.4,D
9,118,507.7,3,12,139,99.3,D
1,40,473.5,7,11,329,76.0,T
6,33,308.1,1,5,83,26.9,T
5,233,36.5,21,5,97,72.8,T
4,173,187.2,24,8,138,43.8,N
8,217,594.0,29,12,215,24.5,T
8,239,260.7,27,8,317,72.8,N
2,12,313.6,14,2,159,62.6,D
9,78,453.9,21,1,148,32.8,T
6,247,317.1,12,12,301,70.5,N
1,55,596.5,19,6,257,85.0,N
9,87,352.9,22,5,82,87.4,D
1,142,175.6,19,2,84,56.8,D
4,184,322.4,10,9,252,27.2,N
6,21,292.2,22,4,212,78.5,T
4,15,164.9,18,3,299,82.1,T
1,80,481.1,20,4,243,57.4,T
7,141,32.2,8,9,189,47.6,T
2,162,29.8,17,9,245,34.5,D
2,87,564.5,17,12,359,37.7,N
2,196,366.1,19,1,198,68.2,D
4,173,572.8,4,2,111,53.1,D
7,170,289.7,27,10,80,32.5,D
4,50,40.2,17,1,246,63.0,T
7,186,589.0,16,9,85,82.4,T
3,158,395.6,25,12,230,95.8,N
1,100,493.4,26,1,222,59.8,T
4,95,404.6,24,5,224,43.9,D
7,131,438.2,5,6,71,45.1,N
3,152,364.6,7,5,328,61.7,T
3,235,333.5,10,11,102,99.9,N
7,57,141.8,9,11,114,29.4,T
2,23,593.7,31,10,198,28.6,T
6,28,114.1,1,1,182,29.5,N
1,40,138.3,17,7,150,39.9,T
9,65,334.4,28,11,247,32.9,D
5,10,427.7,27,9,236,23.7,N
2,94,337.8,23,1,280,38.0,D
2,230,263.5,6,4,141,84.6,T
9,150,252.3,27,11,106,58.6,T
4,172,96.5,16,8,157,57.3,N
2,21,138.8,16,4,113,84.0,D
4,94,209.4,3,7,101,76.4,D
3,20,146.5,15,5,340,65.7,T
9,147,582.8,4,9,213,98.5,T
3,20,589.2,20,12,288,57.6,N
7,160,393.8,27,9,236,42.5,T
7,159,33.1,19,4,300,33.3,N
3,98,71.6,14,2,310,96.7,N
3,155,253.1,5,7,114,97.2,N
5,165,142.4,9,2,328,85.6,D
5,128,449.4,24,5,209,38.4,N
1,242,384.7,20,3,244,67.3,N
3,227,428.2,24,12,338,77.1,D
5,92,410.6,9,3,293,46.7,D
4,83,459.5,29,4,136,53.0,D
4,210,201.9,5,8,96,94.1,N
2,84,477.8,16,1,301,68.0,T
9,47,297.9,13,8,302,47.3,N
9,132,279.5,22,10,112,90.9,N
2,132,596.9,24,6,338,82.8,D
5,78,479.7,3,11,324,98.3,T
5,103,308.8,19,3,134,36.5,N
5,137,327.7,18,1,213,30.0,T
5,195,483.1,21,8,132,35.3,T
4,175,436.4,25,8,147,80.4,T
3,186,464.7,23,10,135,97.9,N
7,71,182.4,13,4,299,90.8,T
5,157,329.4,14,2,127,96.5,N
4,29,480.9,24,2,165,92.1,N
5,50,518.1,28,6,209,87.3,N
5,73,594.2,30,3,207,40.6,N
8,51,485.6,10,10,176,40.7,T
1,42,221.6,14,9,247,56.5,T
2,138,454.5,16,9,253,76.6,D
3,57,254.5,12,10,330,35.5,D
1,139,456.8,10,8,117,55.7,D
4,146,289.1,14,12,277,65.4,T
6,171,285.8,5,7,268,62.5,T
6,211,102.0,15,1,186,27.7,T
1,84,461.9,27,11,344,69.1,T
7,247,460.9,29,11,151,21.5,T
9,204,56.0,14,5,153,83.1,N
4,154,529.1,30,1,213,89.0,T
8,45,596.4,29,4,168,31.0,T
5,13,286.9,27,11,131,49.5,T
2,182,459.8,17,2,254,30.3,N
2,233,394.7,1,6,94,31.6,N
7,212,575.4,17,11,236,51.5,N
6,223,409.9,3,1,261,22.5,T
2,202,281.0,28,6,125,52.1,T
1,250,348.1,13,9,126,99.0,D
3,171,75.0,29,9,223,76.7,T
7,173,519.6,15,12,67,94.5,T
6,93,386.2,15,3,341,50.7,T
5,120,547.0,24,2,235,88.4,T
8,207,547.5,23,2,119,50.3,N
1,64,282.4,22,9,319,26.4,N
9,156,156.2,21,8,264,97.4,T
8,49,335.6,24,7,158,74.4,N
2,200,512.4,20,5,138,45.0,T
9,134,494.7,23,2,326,80.4,N
5,222,375.4,5,6,69,63.0,D
7,235,438.5,27,11,184,48.2,T
5,73,42.1,15,6,301,41.4,D
6,35,482.0,2,10,199,25.5,T
7,135,506.7,22,8,275,44.5,N
1,51,321.2,26,2,190,98.9,D
4,244,362.6,12,2,319,56.7,T
4,27,97.2,27,10,299,39.0,D
3,33,381.5,22,5,96,73.4,T
8,117,41.7,16,11,276,55.7,D
6,191,110.8,4,2,214,92.2,T
9,215,592.9,18,4,75,75.9,N
2,42,300.0,19,11,230,86.0,D
5,220,291.1,2,8,170,40.1,N
6,226,414.8,24,1,231,70.5,N
8,190,436.4,5,5,103,74.8,T
9,208,92.6,28,11,127,89.1,T
1,101,263.6,23,10,298,47.1,T
1,179,445.8,16,4,79,68.4,N
6,100,590.1,19,3,324,78.4,N
1,199,201.7,27,9,167,99.8,N
3,52,49.3,24,4,146,49.8,N
6,181,516.6,14,11,315,62.6,D
3,64,48.0,4,1,125,74.7,T
2,227,313.5,14,5,218,27.7,D
5,64,219.9,13,10,214,82.5,D
7,241,203.4,9,2,105,30.3,T
8,152,279.4,1,4,113,85.5,N
5,65,240.0,19,2,300,62.9,N
4,99,269.7,8,6,83,77.3,T
3,124,55.2,8,8,157,33.3,T
5,122,69.6,10,9,248,70.9,T
5,70,316.2,31,8,148,80.1,N
1,176,570.3,30,6,142,24.1,T
2,151,238.9,10,9,153,67.1,N
6,144,44.3,1,8,85,97.6,N
6,87,323.2,21,11,331,82.9,D
9,128,463.6,2,10,325,77.3,N
4,128,296.4,19,2,107,41.8,N
2,195,481.1,18,11,220,31.1,D
2,250,10.4,20,3,343,78.9,D
2,149,27.9,25,12,242,45.3,N
4,227,544.4,3,6,142,60.4,N
5,40,315.9,22,3,70,99.6,N
6,76,416.4,19,3,225,76.6,T
7,112,201.4,5,4,335,98.7,N
2,133,401.0,23,7,124,41.2,D
2,182,23.1,31,1,188,27.1,N
6,174,489.5,16,3,335,34.0,T
3,147,413.4,19,3,271,93.7,D
3,138,405.4,15,9,329,80.6,T
4,203,493.9,14,1,63,99.1,T
9,31,380.6,29,12,140,59.7,D
3,35,506.4,18,3,178,45.3,T
7,65,509.3,18,2,206,51.7,D
1,125,409.7,15,9,356,51.4,D
8,132,17.8,9,4,251,33.1,D
2,46,360.9,13,11,240,72.9,D
4,13,411.3,28,10,191,53.4,D
4,75,492.9,8,7,319,33.0,D
3,206,377.6,11,11,193,97.3,T
4,188,365.6,1,11,82,44.1,N
2,66,192.4,30,12,251,22.0,N
4,19,35.6,7,6,319,49.9,N
1,153,491.2,5,3,302,37.1,N
4,109,219.7,16,8,250,76.1,N
6,107,142.4,22,7,62,98.3,D
2,139,132.3,17,12,318,23.6,T
7,121,164.8,7,6,334,79.0,T
1,152,284.8,16,9,270,27.5,D
1,45,527.9,2,11,245,34.6,D
5,20,522.4,9,2,353,66.3,D
9,104,262.2,24,5,75,92.9,T
7,137,572.0,19,12,183,45.6,T
7,204,140.0,15,9,239,64.1,D
3,80,239.4,9,5,276,70.6,T
9,23,428.2,1,2,239,76.1,T
1,209,165.1,14,11,273,72.0,N
5,225,197.2,4,3,127,41.3,D
7,11,242.9,12,4,66,25.5,D
6,213,195.8,1,1,298,90.2,T
8,58,417.8,1,6,165,47.6,N
6,172,30.1,17,10,124,26.7,N
6,65,339.7,28,2,107,79.0,N
1,238,542.9,26,10,189,70.7,D
4,139,500.0,7,4,337,94.6,T
8,66,534.1,21,5,73,72.1,N
4,237,200.1,19,7,180,67.5,N
3,231,499.1,21,4,275,44.8,N
5,246,418.4,12,10,211,73.0,D
3,65,259.4,17,6,252,54.0,N
8,161,586.1,20,2,116,38.2,T
2,134,327.9,16,5,247,71.6,D
1,231,278.9,27,2,312,45.4,T
7,148,340.0,31,7,276,33.1,D
3,174,496.4,24,5,323,88.8,N
8,207,271.6,10,7,263,77.6,N
1,197,448.5,29,11,198,28.9,T
9,159,509.5,31,1,319,82.7,N
2,236,454.7,27,4,297,33.5,T
4,153,168.9,20,2,227,27.8,N
4,25,495.3,27,1,200,24.4,T
7,174,215.5,12,9,340,99.3,D
6,167,178.6,7,7,276,71.4,T
6,235,368.5,24,2,246,43.9,T
8,229,135.7,22,9,80,53.6,T
9,171,211.8,6,1,180,20.7,T
8,121,416.5,30,6,95,50.4,D
7,95,273.7,13,2,154,84.8,T
4,245,487.4,21,6,86,90.4,N
6,27,430.4,11,2,97,87.6,T
2,231,26.3,9,1,83,37.6,D
6,12,586.5,7,6,286,95.5,T
9,116,274.2,23,4,200,93.0,T
9,128,415.6,6,8,67,23.7,D
8,12,526.1,22,12,240,78.2,N
4,192,273.0,27,2,132,81.3,D
9,59,430.1,13,5,178,27.6,N
4,118,177.1,15,1,158,84.1,N
6,67,117.8,12,5,127,42.9,D
5,59,74.1,27,2,249,94.0,N
4,24,304.8,23,4,259,76.3,N
2,139,548.7,26,1,346,43.4,D
6,56,250.7,14,3,154,44.5,T
7,116,108.1,16,9,95,45.5,T
1,178,340.6,13,6,209,26.0,T
6,242,209.1,26,2,78,20.1,N
3,32,554.0,12,8,240,56.1,N
2,195,202.7,25,3,246,89.1,D
6,39,368.8,27,9,282,23.6,T
2,111,456.0,22,5,89,97.0,T
5,213,458.9,9,2,65,48.1,D
7,169,132.6,9,1,298,25.5,D
5,123,415.1,11,7,311,73.1,T
9,73,240.7,31,5,238,92.7,D
9,204,49.5,9,8,313,83.2,N
7,90,28.1,13,2,150,57.6,T
1,136,596.7,1,1,168,96.6,T
9,157,30.5,20,1,268,47.2,D
1,152,110.4,11,5,251,86.4,T
7,115,201.5,7,8,156,99.3,N
2,177,577.9,5,2,336,54.2,N
3,227,289.3,21,7,261,34.8,T
7,197,377.8,11,9,281,65.5,D
6,234,562.5,26,7,206,23.4,D
5,120,552.4,7,2,142,26.9,D
2,187,200.9,7,3,182,62.9,N
1,79,495.6,6,9,126,30.1,N
4,133,352.0,25,4,169,93.3,D
2,17,332.5,4,5,308,58.4,D
1,246,272.3,12,3,275,38.1,D
3,38,290.1,26,2,249,98.4,N
6,221,155.0,28,6,264,92.1,D
4,180,262.4,23,8,73,60.9,T
7,150,139.6,28,8,112,90.2,D
3,167,366.4,22,11,306,36.5,N
5,116,64.5,23,5,343,45.2,D
5,21,359.9,12,7,358,27.9,D
6,90,274.9,7,8,240,36.3,D
9,17,67.1,5,9,328,53.3,D
4,82,361.2,17,2,130,76.2,N
2,245,141.4,28,6,331,98.7,D
7,73,290.7,23,5,340,95.8,T
3,55,139.7,27,6,108,98.1,T
4,42,222.5,26,4,153,78.6,D
5,189,223.7,11,12,207,73.2,N
3,106,236.5,23,4,213,81.4,T
3,96,394.3,10,9,212,69.0,N
7,104,453.1,4,9,276,26.0,T
8,177,163.5,2,9,178,73.6,T
3,238,141.7,9,10,154,21.8,D
1,107,288.7,6,11,349,92.7,N
4,60,77.7,1,12,186,74.3,N
1,127,564.1,22,6,358,90.3,T
9,89,403.4,15,2,106,34.2,N
9,38,134.2,17,5,83,33.0,N
2,176,392.3,21,1,60,31.5,D
7,29,241.0,27,10,261,68.5,T
5,173,565.9,9,2,159,27.4,D
1,57,273.7,15,2,186,39.3,N
9,136,30.4,28,12,78,58.4,D
7,185,293.8,15,1,240,49.1,D
9,143,158.2,29,4,76,86.6,T
7,21,160.7,29,8,260,55.6,T
4,132,107.2,29,1,193,22.9,T
6,152,544.2,16,2,157,61.4,T
4,236,229.2,21,2,346,45.2,N
5,159,375.8,28,9,341,79.6,T
5,72,117.9,18,11,330,61.2,N
1,102,420.6,4,3,109,79.8,T
2,65,111.6,13,4,288,94.4,T
4,175,358.5,6,8,125,70.6,T
1,206,430.3,12,11,162,26.8,N
2,244,506.3,25,3,193,22.1,D
5,34,407.6,9,5,307,73.8,D
8,177,331.1,20,8,351,70.2,N
8,63,573.7,3,10,262,76.4,N
1,162,597.7,25,4,299,40.1,D
4,158,326.8,25,5,309,41.5,D
3,156,288.8,20,8,140,78.4,D
7,14,454.4,2,2,117,78.4,D
5,224,70.7,2,2,213,42.5,D
5,58,211.4,27,12,266,71.3,T
8,184,79.6,17,11,120,44.8,N
1,63,32.6,2,6,317,42.8,T
4,106,109.8,30,3,184,58.8,D
5,154,279.5,7,6,174,24.2,N
5,21,577.5,12,2,203,22.4,N
6,58,147.9,28,12,243,25.5,D
1,95,374.8,21,6,183,34.1,N
7,230,243.0,27,4,305,76.6,N
8,123,50.2,7,8,347,95.7,D
8,186,472.0,1,4,328,64.3,N
8,206,325.9,17,6,128,93.0,N
8,143,187.3,11,11,205,49.7,T
1,103,438.7,19,10,122,42.2,N
8,122,95.9,31,12,64,76.7,N
7,156,165.8,9,6,276,82.8,D
8,98,255.3,4,1,78,50.9,D
6,142,197.5,7,1,354,74.0,D
1,154,536.2,23,2,267,92.3,N
7,242,225.2,13,2,335,21.8,N
9,184,566.5,5,8,185,54.9,N
6,47,202.5,9,10,308,32.3,N
7,10,465.2,26,5,69,64.1,D
7,120,504.6,26,10,258,46.9,N
4,15,374.2,25,10,122,48.8,N
5,100,437.7,23,3,286,94.3,D
5,150,142.8,30,12,165,54.9,T
3,80,242.0,31,3,219,21.9,D
9,152,64.4,25,12,343,49.8,T
3,108,378.1,30,5,185,53.2,T
1,105,294.7,15,5,246,96.7,D
4,72,515.5,8,1,324,52.3,N
1,84,82.4,5,7,201,64.6,N
6,232,316.1,23,9,189,76.1,T
6,243,23.4,16,5,320,71.9,N
6,176,409.3,12,9,189,20.4,T
2,141,228.5,23,3,244,36.1,N
3,66,367.2,12,10,203,69.1,N
8,39,293.8,14,2,165,47.8,T
5,109,96.2,24,12,113,52.5,N
9,176,56.1,25,10,319,20.7,D
7,172,330.3,11,5,348,53.7,D
4,237,273.2,17,3,348,83.3,D
6,119,255.5,21,8,89,61.5,D
2,184,60.9,10,1,166,45.1,T
9,240,581.2,16,7,175,64.8,N
8,58,214.6,1,6,71,52.0,T
7,11,15.0,30,10,278,77.8,D
4,207,231.7,18,1,188,44.2,T
4,158,207.0,20,3,68,31.3,T
7,199,12.9,25,6,61,98.5,N
5,239,275.6,30,6,205,83.4,D
6,78,291.6,1,8,343,76.9,D
1,22,503.8,30,6,329,62.6,D
8,41,273.6,24,4,238,67.1,D
5,125,410.0,6,10,354,81.2,N
1,144,411.1,3,9,60,99.7,D
8,220,49.2,7,5,170,68.8,N
7,62,430.6,13,2,64,83.0,T
2,136,181.1,22,9,229,96.5,T
6,34,498.0,2,5,344,87.3,D
6,147,199.9,21,4,302,43.2,T
2,231,267.4,30,9,268,94.9,D
8,114,418.3,22,6,147,89.9,D
5,67,89.4,25,4,273,35.3,N
7,166,352.1,25,10,92,53.5,D
3,67,592.2,3,5,65,25.2,D
5,147,20.0,31,12,270,70.8,T
7,77,257.8,27,12,326,75.6,D
2,197,439.3,9,1,134,29.8,D
8,159,440.9,24,3,295,59.2,N
9,201,192.5,22,10,161,76.0,D
6,242,316.7,17,11,119,72.3,D
7,202,576.8,3,8,311,22.8,D
1,35,308.9,8,5,73,66.9,T
9,186,396.9,19,10,150,60.8,T
4,196,206.4,31,3,283,74.8,T
3,139,501.9,22,12,144,83.8,T
1,202,124.0,16,6,341,23.3,N
8,183,280.4,28,1,272,25.2,N
7,134,515.8,25,7,148,30.0,N
6,245,158.1,8,4,104,63.2,T
2,239,487.0,1,1,328,31.5,T
6,166,293.4,22,5,337,72.7,D
6,154,433.9,2,2,354,91.7,D
2,222,13.3,21,2,270,65.3,D
1,131,272.8,16,11,97,34.8,T
3,24,354.0,28,6,117,20.3,N
1,136,24.3,24,8,196,59.1,D
2,179,572.5,20,7,178,74.2,N
5,62,501.2,15,4,313,32.7,D
8,17,509.3,28,10,344,85.7,T
7,124,155.6,16,3,336,73.6,T
7,145,435.6,3,11,270,71.4,T
3,30,261.0,28,11,147,54.2,D
9,34,309.7,7,5,115,55.8,T
4,118,511.7,27,5,179,53.4,T
3,109,181.9,14,10,152,89.8,D
5,105,92.7,1,11,76,88.9,D
7,133,123.2,21,12,247,40.9,T
6,223,237.4,14,12,155,72.0,D
5,173,437.5,12,7,97,56.1,D
3,236,485.1,24,1,214,23.2,N
9,60,553.8,9,12,282,38.1,D
3,105,556.8,12,9,231,52.0,N
1,125,337.5,7,1,100,59.4,T
5,124,506.5,9,6,110,56.5,N
8,124,119.8,9,11,144,56.0,T
4,161,532.1,14,2,125,32.4,T
3,69,529.6,14,11,235,38.5,T
6,142,244.0,6,10,326,79.5,N
3,202,26.0,6,10,266,65.7,D
3,226,20.0,12,8,305,43.2,D
3,30,160.7,13,8,330,72.5,D
3,177,37.1,29,8,285,38.9,D
6,92,54.9,21,2,78,81.9,T
2,56,421.7,13,8,83,96.3,N
5,44,336.2,29,4,76,39.2,N
1,75,293.7,16,6,137,36.0,T
8,243,125.1,9,8,350,94.9,N
7,35,509.7,5,6,203,81.2,T
7,38,245.0,22,8,327,20.5,T
1,107,500.6,30,1,236,43.5,D
7,124,260.1,10,6,326,48.9,N
1,160,583.8,26,11,210,60.3,N
9,118,116.0,9,6,183,54.2,N
3,83,417.2,10,6,185,72.2,D
6,215,334.5,12,3,198,97.3,D
2,236,181.3,25,12,192,84.5,N
9,236,581.5,4,11,111,93.1,N
8,166,401.8,5,8,338,20.8,T
1,57,365.4,26,12,129,89.2,D
7,135,457.3,30,7,162,79.1,N
5,249,283.8,8,3,185,61.5,D
5,200,203.1,27,10,279,48.5,D
7,37,24.7,23,10,269,42.4,N
7,119,538.5,3,4,60,68.4,T
5,151,131.4,24,10,232,87.2,T
2,10,585.0,16,4,148,48.1,N
1,43,358.0,28,10,214,74.4,T
2,171,113.9,1,5,230,96.8,D
9,84,136.2,10,4,116,51.2,N
2,72,567.0,8,12,305,72.0,D
5,179,460.0,18,12,193,29.4,T
7,161,550.7,20,11,143,64.3,T
5,162,188.8,21,5,271,54.2,D
2,99,259.2,3,11,254,31.0,D
9,70,329.5,1,10,63,82.7,N
3,59,255.9,14,9,292,94.4,T
8,58,491.9,21,9,86,76.8,D
2,134,340.0,4,12,165,59.9,N
1,124,549.1,16,8,185,83.5,D
4,95,310.9,1,8,275,39.3,D
6,174,107.6,27,12,115,86.8,T
2,194,387.2,10,9,216,77.9,N
4,151,337.9,25,8,308,85.7,N
8,167,298.9,4,9,321,84.1,D
5,188,442.7,13,9,273,69.6,D
6,131,500.7,4,8,167,74.9,D
1,157,169.1,7,10,336,37.6,N
1,156,350.5,26,8,274,40.4,N
1,87,460.7,8,7,170,40.4,T
8,232,93.1,21,11,347,49.7,T
7,204,180.5,22,8,244,77.0,N
7,227,473.7,29,3,99,99.4,D
2,24,153.2,11,4,76,85.5,N
2,216,416.9,24,2,346,43.9,N
8,75,200.4,15,4,87,68.0,N
5,177,114.4,11,8,253,91.1,D
4,222,93.1,1,5,264,92.0,N
9,77,247.8,22,10,130,45.0,N
7,172,351.7,6,5,256,69.0,T
8,243,477.1,22,3,91,90.0,D
8,179,283.2,8,3,127,83.2,N
1,33,411.4,27,11,193,24.4,D
9,246,42.0,2,5,335,41.3,D
1,218,378.6,2,4,129,85.6,N
9,77,509.1,21,6,189,53.4,D
8,199,111.9,4,11,202,58.4,T
3,123,297.3,23,6,338,74.8,T
7,50,576.6,17,6,359,65.6,T
5,59,269.0,25,12,215,72.1,T
1,172,583.6,19,5,71,99.4,N
1,192,514.8,5,3,352,33.4,N
5,89,366.8,27,2,265,34.8,D
3,25,261.1,28,6,317,26.0,D
6,237,431.2,14,3,151,30.2,N
2,140,210.0,30,9,212,66.1,T
5,208,227.6,11,9,142,89.8,D
6,126,533.6,17,1,301,23.6,T
4,126,238.3,11,3,294,20.9,N
4,114,303.6,17,7,340,78.0,D
8,207,37.2,18,7,279,88.3,T
4,232,585.3,31,1,338,32.5,T
5,150,510.9,7,12,300,85.7,N
1,98,260.8,26,1,296,87.1,D
2,130,257.3,9,10,298,38.6,N
7,161,410.7,27,2,174,96.3,N
2,223,172.2,25,8,231,98.0,D
8,91,521.7,28,3,268,68.5,T
8,239,374.8,15,10,77,22.8,N
1,33,417.9,2,12,68,39.2,T
4,84,278.4,16,3,308,47.1,N
8,157,322.6,10,10,289,54.2,D
1,120,582.6,9,4,210,81.2,N
4,170,71.0,19,9,265,85.0,N
8,53,22.6,1,9,64,77.9,D
3,39,573.2,12,1,228,91.2,D
4,242,592.7,27,11,86,86.2,D
5,83,34.8,1,11,330,79.3,T
7,135,271.0,15,8,138,45.2,D
6,152,578.5,10,12,102,69.8,D
5,113,214.4,21,12,237,94.2,N
4,239,120.6,13,5,308,87.6,T
3,12,436.6,30,12,304,79.8,D
5,140,565.4,14,1,232,20.4,T
4,103,544.7,5,4,117,42.3,N
8,144,377.3,10,5,106,47.1,N
4,245,78.2,15,5,332,20.3,T
9,143,253.8,20,11,292,71.6,T
6,76,381.3,30,5,244,70.9,D
5,26,423.4,11,4,318,98.9,D
5,91,557.7,23,10,131,21.3,N
9,28,125.1,22,1,179,36.9,T
4,68,409.7,2,8,290,22.2,D
8,197,485.5,30,5,180,40.4,N
6,244,353.7,23,7,75,40.4,D
3,222,227.3,21,8,250,80.8,N
6,238,280.3,29,10,232,91.4,N
2,227,370.9,12,6,78,54.0,N
2,214,555.0,21,8,140,62.5,D
6,29,363.3,22,12,257,41.5,N
8,231,296.2,15,2,71,25.3,D
1,152,169.0,28,2,185,85.7,T
7,85,208.1,16,2,185,32.8,D
4,120,243.6,26,1,140,76.1,D
3,32,131.3,4,9,285,61.1,T
2,175,517.8,25,11,193,72.6,N
2,120,257.6,29,8,292,20.2,N
1,15,427.5,24,6,99,47.2,D
4,116,297.9,6,8,109,33.3,N
4,68,158.9,12,3,190,49.8,N
5,145,562.7,23,10,129,87.6,D
3,10,232.2,11,2,274,36.7,D
5,206,232.8,8,3,81,50.0,T
6,26,187.0,19,12,334,80.4,T
6,164,158.1,24,10,208,59.6,N
5,189,110.7,30,6,71,85.0,T
9,200,419.7,12,6,156,61.8,T
5,243,70.3,1,1,192,46.6,T
3,237,539.8,27,5,353,86.2,N
9,20,318.8,25,2,339,20.3,T
4,218,64.3,2,11,111,22.4,D
5,148,186.3,15,2,121,58.4,D
4,37,482.8,11,6,241,94.0,N
9,158,264.4,25,9,131,68.2,N
8,49,77.2,7,4,299,26.6,N
2,140,589.4,24,1,245,93.0,N
3,64,554.3,14,3,306,76.8,N
3,238,165.1,5,1,82,46.6,D
8,113,517.8,14,2,212,21.5,D
3,47,431.3,23,12,162,80.9,N
9,91,489.8,2,7,121,74.0,N
8,19,316.8,4,12,264,44.1,N
2,167,579.0,5,12,328,25.5,T
4,140,412.8,9,7,210,97.1,D
7,40,335.6,3,2,311,87.6,D
1,171,473.2,28,4,213,27.5,N
8,116,90.8,25,4,179,28.6,T
8,56,285.6,16,11,124,21.2,D
7,42,124.3,29,5,105,65.4,T
7,36,247.7,26,11,170,32.5,T
2,48,579.0,7,4,232,90.6,D
9,211,155.3,17,1,266,60.8,N
5,38,234.4,7,1,276,26.7,D
6,153,403.3,12,2,156,36.8,D
2,211,193.1,14,10,125,85.1,N
3,187,148.5,13,3,347,64.6,N
6,15,237.3,3,7,286,45.5,N
2,120,14.5,19,7,97,65.0,N
1,217,414.2,14,7,101,67.2,N
3,110,335.9,4,7,60,98.3,N
9,28,432.6,5,8,134,95.8,N
6,44,428.6,13,3,113,81.2,T
7,209,579.3,31,5,350,77.4,T
7,187,94.8,21,10,280,68.8,N
4,132,397.5,21,3,230,92.5,T
8,83,584.0,16,1,226,72.9,N
9,27,575.2,20,7,296,48.2,N
7,144,559.6,1,4,339,54.8,D
1,51,304.0,31,10,332,25.4,N
6,110,393.7,11,8,79,35.9,D
2,241,27.5,30,6,160,54.6,T
4,209,301.0,20,6,226,95.9,N
1,92,420.9,29,6,72,44.4,N
7,43,573.6,17,2,293,36.2,N
8,171,146.2,7,5,200,57.1,D
6,232,213.1,19,2,256,32.5,D
2,63,107.8,3,10,345,48.3,T
3,107,256.5,19,5,177,32.8,N
1,94,33.7,8,11,155,39.5,T
7,180,349.0,31,12,266,51.3,N
4,231,316.3,2,8,75,38.2,N
2,72,235.2,4,2,126,70.5,T
3,237,436.6,1,5,143,64.7,N
7,216,319.0,13,4,289,82.0,D
6,137,240.6,26,1,286,71.7,N
7,86,248.6,12,7,254,25.4,N
7,47,468.7,4,10,167,51.6,N
9,17,88.8,3,8,177,98.7,N
3,14,576.7,13,1,244,92.3,D
2,10,362.7,3,9,201,72.6,D
8,61,494.0,19,5,107,66.2,T
9,39,385.8,4,3,289,76.2,T
1,36,239.7,29,10,358,29.4,D
4,135,230.6,18,4,205,22.1,D
9,222,42.4,25,6,275,33.6,D
4,116,569.0,26,4,169,73.6,D
8,209,438.5,10,11,118,44.9,D
6,246,372.8,6,4,62,86.0,N
1,204,84.0,8,12,267,94.0,D
7,24,359.2,26,2,177,45.2,N
5,52,522.2,11,7,284,42.7,T
8,199,270.4,6,11,197,20.5,D
1,120,65.2,10,5,162,86.7,D
6,171,269.7,29,11,132,70.6,N
1,29,409.6,8,10,62,20.5,T
1,194,154.5,11,2,93,99.1,T
8,188,78.0,9,5,229,74.6,T
8,236,322.2,19,8,350,45.4,T
3,40,59.7,21,6,217,76.0,T
2,29,599.4,1,6,330,85.0,D
5,43,514.5,21,1,348,38.4,D
3,106,447.9,3,3,337,68.8,D
5,69,570.8,16,5,265,86.5,T
4,186,50.9,23,6,358,25.1,D
6,57,118.6,27,3,190,34.1,N
4,242,23.4,20,11,277,24.6,T
5,33,287.3,29,7,62,89.6,N
4,132,112.6,27,6,206,91.3,N
5,25,141.8,18,1,236,66.5,D
4,244,229.3,11,11,195,86.9,N
4,149,302.8,13,10,311,81.3,D
3,137,401.0,9,5,76,56.8,T
2,47,282.0,12,12,137,86.0,T
2,135,310.9,17,4,150,68.3,T
3,71,296.4,2,3,74,62.8,T
2,18,573.8,1,8,114,90.9,N
8,194,76.9,4,8,137,29.4,D
5,232,57.3,10,12,208,49.1,N
7,88,327.9,15,2,284,57.4,D
1,14,76.0,17,1,74,63.2,N
2,202,488.7,26,12,349,48.9,T
4,34,495.2,5,9,323,48.4,D
7,92,362.4,21,11,109,36.6,N
9,71,134.2,29,10,137,45.6,N
7,17,554.1,11,3,165,57.5,T
3,212,163.9,29,4,316,80.9,N
6,178,71.3,24,9,158,98.4,N
4,221,156.2,25,6,149,41.2,N
5,188,177.8,26,5,258,60.9,D
6,71,337.6,18,10,227,27.9,D
5,200,466.2,6,10,187,56.8,D
6,141,488.9,15,6,185,74.0,N
8,210,512.1,10,11,218,63.4,N
4,102,548.6,8,4,74,24.2,T
4,239,163.6,22,7,176,61.1,N
1,161,303.6,19,2,230,25.2,N
7,164,130.7,30,12,87,66.1,D
8,225,95.8,27,3,82,53.1,D
3,158,179.2,18,4,334,96.7,T
3,214,502.6,2,11,260,24.7,N
9,103,28.5,9,4,137,25.7,T
5,37,130.5,18,3,279,50.5,N
6,14,75.7,3,1,314,78.4,T
1,235,314.8,15,9,347,49.8,T
6,212,564.1,18,5,231,65.9,D
6,142,367.6,28,2,215,60.0,N
7,122,329.8,30,11,255,32.1,T
5,92,129.0,14,4,302,68.9,T
4,26,13.9,15,2,116,72.4,N
3,238,474.3,17,9,160,37.9,N
4,11,326.1,14,3,61,46.8,T
1,73,217.9,9,7,287,27.7,D
9,153,413.9,26,5,331,70.4,T
7,180,320.4,4,4,213,36.9,D
1,73,231.7,18,7,295,84.9,N
9,43,69.6,4,5,119,85.9,D
3,220,219.9,6,2,324,61.2,N
5,21,420.6,27,9,111,82.6,T
1,117,599.4,14,9,118,40.4,T
4,131,341.4,6,10,246,31.0,D
6,40,539.0,26,8,151,75.1,D
2,217,39.6,23,4,159,35.6,N
5,204,105.4,30,10,127,57.8,D
8,98,557.5,14,5,148,75.7,N
7,100,236.9,10,6,271,43.3,T
5,21,505.6,7,11,185,91.4,D
8,110,85.8,25,1,329,25.6,N
6,83,265.4,23,2,249,32.5,T
4,132,342.8,27,12,221,22.0,T
6,121,292.6,11,8,229,61.6,N
6,200,270.5,24,7,341,52.0,T
6,86,593.9,24,5,270,80.9,N
2,147,48.6,1,6,76,40.9,T
4,222,161.1,25,4,225,92.6,N
3,111,442.9,23,6,236,82.3,T
5,181,465.8,12,3,113,39.9,N
4,250,337.4,19,2,282,64.7,T
9,206,556.3,2,6,326,38.9,T
3,207,509.1,2,4,217,37.8,D
5,177,593.2,13,12,326,30.7,T
3,124,252.4,28,5,210,78.9,T
9,16,573.1,9,3,199,87.7,N
3,234,462.8,15,11,119,78.0,T
5,105,159.1,4,3,167,98.9,N
5,231,557.4,31,8,301,42.9,T
9,45,91.3,28,12,67,28.9,N
5,50,366.6,23,7,291,61.3,T
9,129,557.8,17,11,90,40.6,N
2,208,146.3,29,6,320,61.4,N
2,81,95.7,20,2,111,57.6,T
5,21,190.9,29,3,130,86.3,N
3,21,66.9,19,4,143,83.7,D
9,231,500.8,12,8,150,85.6,D
9,177,97.2,10,8,125,43.3,N
2,49,74.8,7,9,290,79.1,D
6,231,207.6,14,6,293,91.5,T
7,201,101.0,15,1,80,59.7,D
7,153,308.4,18,11,96,77.6,D
6,199,471.3,2,8,62,68.6,T
7,120,194.5,24,1,352,35.3,T
7,101,131.3,10,5,217,21.5,D
5,149,286.9,27,1,212,92.3,N
4,136,204.0,2,12,137,84.5,N
1,206,314.8,29,11,217,72.4,D
5,32,277.9,2,2,276,92.2,N
4,220,446.8,2,1,323,85.1,T
2,230,369.8,4,3,199,86.1,T
1,201,586.2,4,12,146,30.1,N
1,161,583.9,27,5,108,87.8,D
3,23,409.5,12,6,132,26.3,D
7,207,469.2,22,7,316,40.8,D
8,124,55.9,5,5,313,78.7,D
4,115,507.2,27,4,204,83.6,N
7,226,125.8,7,5,208,68.8,T
2,31,303.6,25,5,83,57.3,T
6,41,502.0,22,8,307,82.1,T
6,129,578.2,25,4,203,67.3,D
1,95,99.1,19,2,178,70.6,T
6,222,225.7,2,1,132,94.7,T
2,183,182.3,5,1,341,95.0,D
8,208,410.0,16,5,296,25.8,D
1,221,455.2,10,7,100,58.1,D
6,128,509.3,23,3,79,95.4,D
5,233,377.9,15,12,289,37.7,N
2,115,494.4,26,7,231,31.5,T
8,185,413.4,29,9,198,86.1,N
3,13,426.4,9,4,210,27.1,D
2,221,283.3,19,2,177,62.9,D
4,127,60.3,21,8,139,44.9,T
4,219,256.2,29,6,124,51.2,N
9,144,25.1,27,3,120,39.3,T
9,128,473.8,27,12,289,56.1,T
1,225,524.5,9,3,339,88.0,N
7,23,413.5,11,2,235,20.1,D
2,144,366.6,23,4,75,94.6,D
7,108,405.4,3,6,113,54.9,D
6,221,569.2,24,12,269,24.7,D
9,158,341.2,23,12,298,53.5,N
9,90,251.1,5,2,152,41.4,N
1,46,517.1,9,1,291,98.2,T
1,137,92.0,27,8,223,58.6,T
1,217,43.2,28,9,261,69.9,N
9,122,244.7,7,8,217,37.9,T
3,111,19.9,3,5,320,81.8,N
4,161,533.0,11,1,162,55.2,D
2,197,219.1,18,4,75,65.3,T
4,193,145.4,15,10,142,82.6,T
8,33,225.3,17,5,129,93.5,D
3,120,490.1,14,10,278,32.9,D
2,217,73.8,26,7,64,44.6,T
5,102,372.3,21,6,94,60.6,N
3,220,120.1,22,5,309,21.2,T
9,244,76.7,2,11,354,49.0,D
7,40,113.6,24,3,258,77.1,D
9,22,261.3,5,10,230,83.9,N
8,148,528.1,27,3,288,57.3,T
5,214,48.1,11,7,127,51.6,D
6,32,391.0,19,11,273,51.7,T
8,183,78.9,15,6,222,33.8,T
9,183,232.5,24,10,234,28.1,D
6,111,222.8,19,5,137,50.6,D
7,155,233.2,14,1,221,74.9,T
3,96,92.3,13,11,94,66.9,T
9,123,494.0,22,2,264,66.5,D
9,117,386.6,7,7,130,84.2,D
6,152,160.5,1,11,255,68.9,N
3,243,426.0,8,5,123,24.6,D
1,239,405.4,16,7,161,96.5,D
1,240,404.6,30,9,234,73.3,T
1,113,150.4,28,6,107,25.0,T
1,172,364.6,23,12,221,34.1,N
9,136,372.3,10,7,268,44.1,T
8,186,48.8,29,12,110,95.7,N
6,123,52.6,28,10,277,77.1,T
4,148,363.2,30,8,337,77.4,D
2,33,98.1,8,7,254,48.2,D
8,153,93.9,19,9,243,83.5,D
3,110,16.6,2,9,209,94.1,N
1,20,294.4,28,12,211,69.4,D
8,35,66.7,30,4,128,90.1,D
4,157,599.9,3,8,99,26.9,D
8,191,523.7,23,12,73,53.9,N
2,66,334.6,3,8,121,44.2,D
9,126,218.5,10,8,121,40.0,D
4,140,226.8,12,1,105,83.7,D
4,170,599.3,21,2,198,25.7,T
9,112,415.9,25,10,212,52.5,D
6,103,163.2,11,8,337,59.1,T
1,137,367.9,14,12,113,26.2,T
9,198,420.1,25,2,287,69.0,T
3,89,109.7,14,8,128,76.2,T
2,25,459.7,31,12,351,72.8,D
6,51,64.1,17,11,74,32.9,N
4,10,311.1,9,1,181,33.8,N
9,217,232.9,21,12,330,88.9,D
7,135,403.0,29,10,333,68.4,N
3,186,128.3,10,10,194,82.4,T
3,103,212.4,5,6,340,40.3,T
7,137,72.4,28,9,88,43.8,N
4,83,448.9,29,11,132,27.0,N
3,172,146.2,28,3,205,72.6,T
8,164,207.0,4,11,248,94.9,D
5,195,359.8,30,9,163,79.8,T
2,37,63.3,30,12,232,79.7,N
3,111,569.2,17,9,313,44.4,N
9,91,186.2,24,2,147,72.2,D
5,58,68.0,23,11,281,79.4,D
2,103,149.8,21,9,301,72.1,D
5,58,565.3,22,4,161,83.6,T
5,164,528.5,8,6,333,27.7,T
2,92,116.0,10,8,345,80.9,T
9,86,457.0,3,8,268,68.8,D
6,125,154.3,31,5,249,83.7,N
5,85,395.7,1,11,340,52.6,D
1,77,270.5,11,10,106,95.2,N
4,137,391.4,17,2,254,48.0,D
2,123,154.6,6,12,175,39.8,D
5,64,134.6,25,7,115,38.8,N
7,160,166.1,23,11,358,30.6,D
4,155,448.5,23,3,80,88.0,T
1,172,508.2,9,1,134,21.5,D
1,22,273.2,16,2,72,82.8,D
6,18,434.6,9,7,139,84.6,T
1,58,182.9,18,3,337,37.1,N
2,35,114.5,10,6,179,22.9,D
8,58,582.9,26,6,282,80.4,D
8,151,272.5,5,7,331,71.2,N
1,244,345.5,3,3,286,23.3,T
3,114,37.2,26,11,121,29.5,D
2,98,546.2,19,7,235,73.3,N
2,56,270.5,21,2,297,52.3,D
6,69,254.3,6,7,263,41.3,N
2,216,559.5,7,4,241,99.6,N
9,140,278.7,9,9,312,66.2,D
1,59,367.4,27,2,352,34.8,T
9,198,185.3,12,11,106,31.2,T
6,232,305.1,10,1,187,99.2,T
4,47,587.0,15,8,235,54.8,T
6,186,45.2,25,11,142,31.5,N
3,138,480.1,25,7,359,70.2,T
1,34,558.7,29,12,120,25.3,D
3,106,578.7,3,10,215,90.7,D
1,103,431.1,5,1,197,87.0,N
9,167,226.9,25,4,146,65.8,N
8,192,309.9,18,10,146,50.1,D
3,138,357.7,8,6,222,45.1,D
8,16,582.0,8,11,172,73.5,D
2,162,288.9,7,4,79,43.2,D
8,223,366.1,18,4,255,25.8,N
2,158,384.2,17,10,194,49.2,N
9,227,316.9,5,7,250,43.1,D
7,59,87.3,11,12,259,72.3,T
6,250,585.0,17,11,250,95.5,N
7,95,206.2,21,2,170,62.8,D
1,72,398.7,17,4,332,79.5,N
8,117,82.9,26,8,285,50.9,N
5,117,598.0,29,11,325,86.5,D
6,74,319.6,13,9,285,86.3,N
2,177,139.6,10,9,226,61.5,T
3,222,79.5,7,2,160,29.1,T
4,86,298.2,23,7,164,23.1,T
6,212,202.9,24,10,170,27.2,N
7,95,118.0,3,6,201,48.5,T
4,75,100.5,26,1,303,92.0,D
3,49,588.8,30,6,270,20.7,D
1,207,469.1,6,4,85,58.8,D
4,227,216.7,3,3,210,90.9,D
2,158,58.3,27,11,294,50.0,D
5,12,34.5,2,8,231,38.3,N
1,139,181.6,14,8,239,21.5,N
3,143,310.1,27,12,246,61.8,N
3,186,595.6,5,3,163,65.1,N
4,168,123.5,13,2,184,59.1,N
9,85,356.5,11,8,76,62.4,D
6,208,379.3,5,4,297,76.8,N
7,103,57.3,29,6,134,93.9,D
6,167,432.9,25,7,244,72.4,D
3,52,576.1,27,1,113,38.1,T
5,192,93.2,18,4,127,88.5,T
3,46,322.5,10,6,90,83.3,D
8,39,23.5,17,11,251,54.6,D
4,94,373.8,25,1,302,81.5,N
2,94,30.3,13,8,299,57.5,D
6,232,267.8,12,2,167,56.9,D
9,94,326.8,14,12,325,43.8,T
8,12,134.5,7,9,290,68.4,N
8,120,71.4,20,10,155,44.0,N
6,45,349.1,29,1,288,74.2,D
3,171,90.2,5,4,114,82.8,N
5,21,573.8,19,9,314,44.8,D
6,118,317.5,28,12,321,77.3,D
3,191,10.0,14,2,297,88.2,D
3,212,391.8,1,2,161,51.5,D
3,234,465.5,25,9,357,45.5,T
8,168,225.8,11,2,121,73.4,D
8,82,591.4,9,12,156,22.3,T
3,161,21.1,12,7,118,81.6,N
5,158,588.9,2,7,278,79.2,N
4,99,275.2,19,5,154,44.7,N
3,72,396.5,11,4,245,81.6,T
8,242,214.2,29,1,228,32.0,N
2,177,41.7,20,11,235,79.8,N
5,181,225.7,3,1,288,29.2,T
9,119,363.2,28,1,88,84.2,T
9,129,528.1,17,4,239,36.5,D
4,149,76.0,26,6,313,27.0,D
1,195,280.7,11,7,238,58.8,D
3,232,548.3,18,12,103,45.9,T
3,12,32.8,25,11,109,69.7,D
1,218,99.9,28,7,61,26.9,T
8,209,144.6,13,3,185,84.1,N
3,92,499.0,29,4,207,81.2,N
1,165,239.7,1,9,321,74.0,N
2,128,140.2,6,11,354,68.1,T
2,121,232.2,5,3,294,60.5,N
5,44,545.7,18,1,154,43.7,D
2,104,254.2,21,8,256,45.9,D
7,170,485.9,9,7,304,32.6,D
5,136,31.1,3,8,336,60.2,T
6,196,269.6,2,6,256,24.9,N
5,104,94.9,10,5,131,26.0,D
8,131,548.0,16,9,287,97.1,T
9,178,162.9,16,1,322,51.7,N
4,121,377.4,6,11,131,68.3,T
1,55,125.8,8,5,347,45.7,T
8,188,73.2,6,7,269,84.6,N
8,236,175.4,7,11,138,38.0,N
6,106,272.8,5,2,151,87.1,D
8,216,260.1,1,12,284,41.8,D
9,173,519.9,27,7,353,26.0,T
8,88,292.1,3,4,116,40.9,N
1,245,86.7,26,11,309,82.0,D
9,120,214.3,21,7,354,49.7,D
1,127,321.1,3,10,254,91.2,N
2,158,303.3,20,11,303,48.0,D
9,38,95.2,22,6,217,51.7,N
1,229,83.8,19,9,179,26.8,T
6,70,359.4,4,6,351,54.5,T
6,119,317.5,23,8,201,59.1,T
1,220,271.4,11,3,282,40.7,D
9,51,413.1,8,9,301,60.1,N
9,66,204.8,18,9,300,96.0,N
7,126,121.6,3,2,305,67.5,D
3,29,393.1,22,12,136,35.6,N
7,110,480.6,5,5,256,72.0,D
5,205,554.7,23,6,218,94.9,D
6,89,371.4,7,10,160,39.0,N
8,159,413.5,17,9,211,95.5,D
8,164,53.2,19,6,161,79.7,T
4,53,299.8,9,7,92,25.6,T
3,147,516.5,18,5,111,82.7,T
7,76,413.9,10,4,114,65.5,T
9,80,307.1,5,5,325,50.1,T
7,184,131.7,6,3,141,35.4,N
6,161,346.5,5,6,107,36.4,T
9,223,381.1,14,1,61,77.5,D
1,42,43.0,14,10,247,88.6,N
3,106,183.1,21,7,174,81.1,T
4,122,497.5,30,9,112,41.4,N
1,111,87.3,3,10,101,75.8,T
3,191,503.9,27,6,202,65.8,N
1,82,511.4,18,5,180,23.2,D
5,145,560.8,10,9,297,40.1,D
6,234,397.9,2,6,130,99.1,T
9,14,430.5,9,4,249,63.1,D
9,212,290.8,15,2,96,28.0,N
7,125,120.4,8,8,170,24.5,T
7,220,303.2,31,10,193,72.9,D
5,136,387.1,26,6,241,52.5,D
7,179,86.3,24,4,114,86.7,D
6,21,125.9,14,12,112,95.2,T
1,228,253.0,19,4,224,88.9,N
3,76,14.0,17,7,198,89.0,N
4,203,50.5,11,8,61,99.8,N
6,73,538.2,26,10,255,63.2,N
3,232,327.4,11,3,145,40.0,D
4,128,576.3,12,2,307,39.2,T
6,61,408.2,25,9,134,69.9,N
1,123,33.9,3,5,79,45.9,N
9,208,487.4,5,1,139,82.5,N
2,175,157.0,16,7,135,53.6,D
9,115,328.3,4,4,320,26.0,T
6,13,458.7,29,6,262,63.9,T
1,229,83.1,18,6,329,53.6,D
5,151,506.4,11,7,266,75.5,D
3,85,488.9,16,12,103,91.8,N
3,64,132.7,1,3,249,31.2,T
1,226,70.1,4,3,78,44.0,N
9,86,560.5,26,1,101,55.4,N
3,175,214.0,10,3,187,68.8,N
9,169,476.0,16,2,168,77.1,T
1,247,424.9,31,12,314,96.4,N
9,150,85.4,14,3,190,26.5,N
5,93,153.3,18,7,278,99.9,D
5,26,521.0,25,6,336,58.7,T
4,145,402.4,5,3,184,47.0,D
7,207,233.2,13,9,188,85.7,D
6,151,514.7,27,11,157,28.8,T
1,250,109.7,9,2,157,98.7,N
2,224,289.4,2,9,249,83.4,T
2,101,100.4,27,10,62,22.1,T
9,173,357.2,2,3,156,53.8,D
5,218,529.5,14,2,186,72.1,D
7,193,486.7,5,9,269,52.7,T
4,26,178.2,4,5,136,48.1,N
4,64,292.2,27,3,230,57.7,D
3,59,80.6,13,11,154,32.7,N
3,174,402.0,22,2,105,31.6,D
7,43,456.5,8,8,197,81.8,D
6,235,341.2,20,12,72,29.5,D
7,176,39.1,14,12,266,71.2,T
4,41,579.6,12,12,93,56.6,N
2,219,177.7,10,4,100,22.7,T
7,73,348.4,7,4,341,41.7,T
2,175,96.1,27,8,310,75.5,D
8,166,285.6,4,3,264,97.1,D
4,219,538.2,25,3,83,57.1,D
1,219,224.9,12,7,230,53.5,N
4,233,347.3,23,12,314,58.9,D
8,36,478.3,24,11,193,91.5,D
2,40,393.2,9,12,169,52.8,T
8,124,31.4,10,8,196,24.5,N
5,48,136.0,5,1,148,58.5,T
3,120,209.0,7,7,107,65.1,D
9,95,59.7,31,7,345,49.0,D
4,178,324.4,24,3,235,57.2,D
7,229,340.0,1,12,281,41.8,D
7,209,60.3,25,1,315,35.7,T
1,197,365.6,28,7,166,75.4,D
3,205,200.7,4,2,213,23.8,T
3,70,339.7,24,10,280,73.4,D
5,64,401.8,10,6,240,26.7,N
6,239,34.2,12,2,209,70.7,T
9,77,36.1,3,9,227,63.1,D
7,63,479.4,20,11,207,71.0,T
4,182,170.4,22,5,330,73.7,N
8,216,287.5,15,4,100,88.2,D
4,41,309.3,29,11,323,34.3,T
5,176,80.1,25,2,104,32.6,T
3,199,439.5,18,1,101,84.7,D
6,95,513.8,28,7,244,89.2,T
4,71,261.9,25,7,314,27.1,D
4,130,390.5,30,6,138,47.6,D
7,11,151.1,23,7,262,41.4,T
2,138,341.9,27,5,278,81.8,T
1,196,32.6,17,6,175,57.4,N
1,113,304.5,25,2,138,97.5,T
4,114,172.3,6,11,108,58.2,N
6,196,517.1,27,10,80,47.3,T
6,86,121.3,2,7,250,99.3,T
7,189,269.8,6,6,69,61.1,T
9,132,175.3,30,11,253,83.5,T
8,186,209.0,4,6,248,92.3,T
6,29,478.5,16,2,245,81.6,D
7,136,265.7,21,3,64,41.3,N
7,175,446.9,24,9,161,95.1,N
4,18,387.6,8,4,311,21.5,T
4,53,262.1,18,2,175,49.0,N
7,241,389.3,4,7,61,34.3,T
9,189,91.9,15,11,90,66.3,D
2,243,451.0,9,6,274,87.3,D
4,156,131.6,31,3,113,73.8,N
4,229,297.9,2,2,215,21.5,T
7,238,170.5,24,1,96,31.5,T
9,11,493.3,22,4,136,21.2,D
7,213,148.6,16,3,226,20.3,N
1,21,40.5,7,5,244,60.5,T
6,188,168.6,18,5,199,26.5,N
2,18,551.8,14,7,138,88.7,D
9,158,211.3,17,5,142,74.0,T
5,222,427.3,31,3,175,73.8,N
8,180,533.5,17,9,188,24.1,T
8,104,370.7,24,11,351,99.5,N
6,208,288.5,1,6,196,41.6,D
6,100,440.3,2,10,166,35.5,D
9,41,230.2,11,4,111,34.7,N
8,228,432.8,26,3,294,31.1,N
3,189,280.0,27,4,69,97.0,T
7,210,10.5,6,10,305,47.5,T
1,39,179.1,12,5,233,75.5,N
4,101,450.6,11,10,74,99.9,T
7,71,383.1,2,6,233,79.8,T
6,185,119.9,23,9,319,77.4,N
9,166,159.9,2,8,258,65.4,N
7,192,132.7,29,12,220,64.3,D
9,186,484.1,18,9,141,99.2,T
9,45,553.1,25,2,206,21.0,D
1,142,114.6,6,12,360,80.7,D
1,222,389.3,31,3,126,86.2,T
2,182,437.5,22,1,311,82.7,N
7,141,215.6,17,10,197,37.2,N
7,208,512.1,25,9,267,93.6,D
6,92,545.9,24,8,195,72.7,T
3,72,460.7,22,11,99,73.6,N
9,173,307.3,14,8,87,81.8,T
4,136,335.3,16,1,183,89.7,D
3,64,68.8,27,4,349,97.7,N
5,202,275.3,12,9,67,70.3,T
3,66,59.4,27,7,235,81.3,D
2,40,450.0,26,2,319,91.0,N
8,137,27.4,13,12,150,48.9,T
4,21,200.5,28,11,87,66.9,N
4,229,409.6,9,8,272,69.7,N
6,190,79.5,21,9,237,53.5,N
7,108,151.3,21,7,278,55.9,N
3,119,112.4,13,4,114,68.0,N
2,176,185.6,18,3,227,83.6,T
7,100,145.5,29,4,264,52.2,D
6,132,510.5,12,11,65,49.1,N
9,248,389.4,5,11,194,91.3,N
4,157,257.1,27,12,200,82.3,N
8,43,371.6,20,11,161,29.9,N
2,154,66.6,26,12,70,51.8,N
8,23,373.7,1,4,93,96.8,T
1,99,116.3,3,2,236,90.6,D
1,106,381.5,30,9,238,45.0,N
2,38,209.5,14,5,163,45.7,D
6,122,483.7,10,9,248,41.0,D
4,27,283.7,22,11,132,51.9,T
5,19,405.7,17,5,99,75.7,D
2,248,514.9,15,6,73,27.5,N
9,200,536.9,11,1,88,93.8,N
7,57,121.7,26,3,157,76.9,D
3,96,74.4,31,7,233,64.9,D
7,38,559.0,18,6,78,96.8,N
1,143,166.1,25,10,231,90.2,T
5,52,84.6,6,12,138,84.8,T
6,248,499.7,16,6,176,47.0,N
8,135,279.8,18,9,199,22.8,N
2,184,105.8,13,2,225,82.8,D
8,99,260.9,10,6,86,66.6,T
2,187,527.7,21,11,113,25.3,N
4,186,10.6,9,2,313,38.1,N
2,85,73.7,3,4,178,42.8,T
8,73,90.0,15,5,184,50.8,N
9,55,181.4,26,9,104,85.1,T
8,195,358.4,10,12,128,76.9,N
8,21,508.1,21,12,335,80.5,D
5,123,560.2,14,3,220,66.5,N
5,226,250.7,16,1,87,72.9,T
8,34,556.9,24,3,323,56.6,T
4,101,440.0,6,4,127,40.1,N
7,137,239.0,13,4,229,75.6,D
8,242,489.3,9,7,324,90.1,N
1,233,598.1,3,8,158,84.6,N
9,138,506.8,4,3,96,35.5,T
1,205,514.3,16,10,344,90.9,N
1,104,421.8,18,9,276,58.4,T
3,36,552.2,9,11,232,39.8,N
3,215,528.3,7,12,278,48.3,N
7,98,570.1,29,8,62,87.8,N
8,243,91.5,16,6,244,58.6,N
5,148,233.6,16,6,277,66.4,N
8,23,500.6,4,4,146,80.9,N
6,195,100.5,7,5,86,23.4,D
9,105,469.4,2,9,125,92.0,N
9,98,317.4,22,1,174,63.8,D
5,181,498.2,9,4,176,79.6,N
7,250,231.1,19,4,83,25.6,T
8,57,288.2,22,10,161,23.5,N
7,28,442.8,12,2,352,80.8,D
1,40,580.8,10,12,138,49.2,T
9,29,157.8,29,11,153,77.4,N
2,78,458.8,5,7,263,95.7,T
6,52,343.1,31,7,168,24.9,D
3,10,278.2,8,3,309,74.5,D
7,122,420.0,24,8,251,95.8,N
6,42,530.4,22,4,109,83.9,T
2,234,523.5,22,1,102,68.4,D
7,102,163.7,5,4,150,93.7,D
9,93,492.4,10,5,271,84.0,T
8,21,327.8,16,9,229,96.4,T
9,22,18.3,27,7,221,97.9,N
5,31,281.3,24,2,329,31.9,D
6,84,398.1,20,8,209,75.3,N
1,76,406.8,28,12,225,51.2,D
7,49,595.2,6,10,360,42.1,D
5,64,363.2,2,5,148,97.4,N
8,205,324.7,26,5,101,81.8,D
1,11,109.6,8,11,318,82.8,T
1,140,555.6,13,7,129,70.2,N
6,140,376.5,9,4,115,75.5,N
4,245,379.9,16,5,162,91.3,N
8,178,293.1,5,6,304,65.8,T
2,174,188.5,23,1,75,25.0,D
4,129,138.1,13,6,200,46.9,D
7,209,367.4,13,11,68,44.1,N
7,135,261.9,30,1,235,90.2,T
7,17,396.1,27,12,67,21.3,N
8,171,397.7,11,9,340,74.9,N
3,204,180.3,24,1,119,32.4,D
9,226,311.3,13,11,260,26.9,N
5,127,200.9,22,1,111,31.7,T
6,10,31.2,17,3,266,81.4,D
5,90,205.1,12,1,285,43.6,D
9,166,67.0,17,11,104,85.6,T
8,228,223.5,16,3,74,29.3,T
1,42,358.8,28,11,113,34.9,D
9,39,506.0,9,12,171,99.7,T
4,81,288.2,26,5,141,41.9,N
9,184,500.1,27,4,319,33.8,T
9,149,525.6,2,8,265,57.7,D
8,128,387.7,7,5,144,75.9,D
1,232,21.9,21,4,259,69.8,N
4,155,410.2,29,11,132,87.5,D
7,69,519.9,5,5,208,33.8,D
8,112,83.9,1,1,145,34.2,T
4,122,158.8,14,1,117,91.8,N
7,223,10.8,5,7,273,65.7,D
3,249,121.6,12,12,284,97.1,T
9,156,145.6,24,9,240,75.3,D
3,112,578.1,26,2,152,48.3,D
6,33,431.3,22,7,286,58.7,T
5,96,444.0,2,2,182,43.7,N
4,214,537.0,4,7,328,56.5,N
4,34,303.8,21,9,345,28.9,N
2,16,138.4,9,4,75,75.6,D
6,113,566.1,25,11,252,43.8,T
4,187,78.3,12,3,337,72.6,D
3,121,281.5,5,12,340,69.6,N
2,128,87.2,27,6,122,46.8,N
2,166,442.8,19,5,73,94.8,T
5,59,149.1,10,10,328,49.9,N
9,101,83.2,13,1,329,32.9,N
4,109,568.5,26,1,219,47.3,D
7,184,162.0,23,2,205,33.2,T
2,90,283.1,17,4,291,50.1,T
9,95,309.3,3,6,228,58.6,T
4,21,387.6,3,4,69,23.3,N
1,84,414.2,25,5,326,31.7,D
6,132,469.2,30,5,312,43.0,D
1,44,51.8,20,5,75,68.7,D
2,226,297.7,16,6,114,32.2,D
4,99,134.1,29,6,303,27.5,D
4,34,143.5,1,7,332,35.6,N
7,21,237.0,24,8,346,68.7,D
4,239,370.3,23,9,328,26.0,T
7,89,436.5,31,12,120,38.2,D
9,107,546.0,23,1,173,87.6,N
1,81,254.0,22,11,146,30.3,N
9,241,599.9,1,3,300,57.6,D
7,203,23.1,20,7,74,97.6,D
6,219,91.0,22,2,74,75.2,T
4,114,109.8,29,5,239,91.6,D
2,72,549.7,4,7,264,44.2,N
6,84,188.6,31,10,175,53.6,N
6,24,386.7,5,5,221,74.4,N
5,42,254.8,26,3,207,71.1,N
6,100,263.1,16,7,309,86.8,T
9,39,48.3,8,6,76,73.7,T
5,207,188.4,10,10,196,92.3,D
5,161,366.2,23,7,81,82.3,T
6,207,63.7,9,8,71,34.4,N
1,63,218.4,29,4,309,91.4,T
1,159,282.8,29,7,225,59.0,N
1,179,387.6,29,3,66,37.9,T
9,98,315.1,30,6,256,22.2,T
9,138,73.0,14,4,275,77.0,N
2,161,121.4,2,2,164,25.9,N
5,56,30.1,16,4,136,79.6,T
9,122,285.4,4,9,110,81.0,T
6,146,75.4,8,11,218,58.1,D
8,82,361.5,4,8,319,36.9,N
4,202,79.4,10,12,344,36.8,D
9,70,154.5,22,12,252,42.6,N
9,214,429.9,28,10,234,34.8,D
5,69,41.0,25,10,112,66.4,N
5,40,480.2,26,11,333,38.9,D
2,55,474.6,22,8,112,74.4,D
1,192,271.5,11,12,303,40.1,T
6,170,156.7,4,5,353,61.9,N
7,126,310.0,4,4,237,65.4,N
2,52,463.7,9,10,314,23.0,N
3,38,432.3,1,4,103,68.6,N
6,200,360.7,13,2,228,91.5,T
5,44,473.5,20,3,241,52.6,D
9,146,82.1,18,2,123,87.8,N
4,149,579.2,18,7,168,50.9,N
1,92,79.1,12,11,70,67.5,D
7,96,128.0,20,7,314,99.6,D
7,227,512.4,13,9,225,60.2,T
2,130,159.6,7,5,342,30.7,D
7,238,507.1,28,12,168,67.7,N
3,11,180.0,25,1,92,28.9,N
2,61,348.5,28,7,311,95.6,N
1,236,33.2,7,8,306,51.9,D
1,22,434.3,10,7,150,34.2,N
6,54,158.6,16,3,230,87.5,N
6,186,24.3,25,4,84,44.4,D
7,184,367.3,25,12,252,62.8,D
1,156,221.1,7,6,195,65.6,D
9,105,71.2,10,9,281,31.9,N
6,166,463.2,21,6,136,24.7,T
1,36,139.1,2,12,358,50.8,T
2,101,117.0,8,7,107,60.9,D
7,122,503.2,13,11,125,54.3,N
4,13,436.1,12,12,188,38.7,N
4,108,358.5,1,6,276,65.1,T
4,237,167.6,25,3,358,60.5,D
9,24,380.7,25,6,247,46.4,D
4,207,210.8,22,1,243,27.3,N
5,82,141.7,17,9,197,53.4,D
2,11,102.3,17,10,356,63.1,T
7,248,177.9,16,2,327,27.4,N
1,217,577.3,7,1,357,43.7,T
7,212,495.7,30,10,278,72.0,T
2,192,417.5,15,7,114,62.5,D
7,112,403.8,9,1,100,31.7,T
1,21,232.5,4,1,117,35.4,N
7,80,157.2,10,1,288,47.0,T
2,14,474.5,7,6,170,55.0,N
2,144,12.3,3,10,256,32.3,T
1,222,125.9,26,7,251,79.9,D
7,70,206.9,21,4,345,59.9,D
2,222,247.0,19,3,133,59.2,D
1,68,43.8,12,11,244,27.0,N
9,56,538.5,23,2,246,23.4,T
7,83,519.0,20,4,132,98.5,D
4,240,100.4,8,10,201,89.9,T
5,136,10.6,12,6,273,47.6,T
4,38,319.4,2,2,126,75.8,D
7,154,593.9,16,3,243,60.9,N
3,97,484.5,14,5,74,89.3,N
6,194,326.0,3,1,144,89.6,N
7,91,529.1,1,9,232,80.5,T
2,233,391.2,12,1,330,64.5,D
6,154,174.0,20,2,215,50.6,D
6,76,243.7,6,4,322,71.2,N
5,138,383.6,12,9,301,40.8,T
9,237,507.2,28,5,289,47.7,N
1,199,69.5,24,10,103,69.1,T
4,77,536.6,2,12,221,51.2,D
8,29,220.1,2,5,150,31.8,N
1,79,185.2,20,12,150,64.6,N
6,105,119.5,12,7,308,30.4,N
3,18,254.4,6,2,312,21.2,T
6,48,125.6,29,12,166,93.3,D
5,240,482.5,19,2,296,53.6,T
2,159,519.9,24,3,175,90.9,D
9,150,439.4,26,12,202,98.9,T
6,222,348.8,27,3,334,80.6,T
3,58,259.0,25,12,229,91.4,N
8,66,472.1,6,3,339,37.3,T
2,137,202.0,8,9,210,41.2,T
2,124,67.2,27,10,225,67.7,N
7,135,83.5,20,11,272,55.3,T
5,232,586.9,14,11,282,25.8,T
1,40,184.7,31,5,285,59.3,T
6,172,273.9,1,8,113,93.9,D
8,179,563.2,5,6,291,34.2,D
6,189,382.2,22,11,171,99.4,D
3,98,113.9,28,10,61,38.7,N
6,138,126.1,1,10,185,83.0,N
9,173,237.0,1,8,152,70.0,T
7,21,418.4,23,1,295,55.9,N
6,116,513.2,22,11,270,52.8,T
8,150,26.1,16,5,317,28.4,D
2,134,41.2,1,1,90,62.8,T
8,100,152.4,11,10,146,36.8,N
5,10,559.3,12,9,149,58.6,T
6,76,147.8,7,11,263,99.6,D
9,239,443.6,7,7,335,34.6,N
7,32,461.9,9,5,198,30.3,N
3,184,219.1,20,1,346,95.6,T
2,217,301.2,26,10,162,88.2,T
1,171,138.8,25,12,143,43.2,T
3,111,78.4,4,8,360,40.9,N
1,155,349.2,12,5,126,37.9,T
3,159,389.9,15,4,202,37.3,T
6,231,163.4,7,4,199,44.4,T
6,191,167.1,25,6,158,79.5,T
4,115,438.5,19,10,272,68.1,N
5,179,252.2,13,9,124,77.0,D
7,72,342.0,29,1,202,94.9,D
2,66,532.7,16,3,261,71.7,D
9,92,10.9,6,7,102,35.0,N
7,228,195.1,5,6,319,36.9,N
1,221,186.4,3,4,81,45.7,D
4,242,459.7,9,2,139,61.0,N
2,204,515.2,22,1,323,84.5,D
3,233,184.1,30,1,339,80.5,D
2,244,309.9,17,2,271,64.8,D
2,130,443.7,25,1,95,60.9,T
7,113,555.5,15,12,228,63.7,T
6,164,42.6,1,11,136,61.6,D
7,250,199.7,9,10,132,52.6,T
7,44,283.6,28,2,353,49.5,N
9,111,344.7,10,3,264,78.2,T
8,12,115.1,6,1,221,88.3,D
9,129,533.3,17,2,135,77.8,N
6,132,73.7,25,6,71,42.0,T
7,193,163.1,4,1,341,67.6,T
9,204,531.4,23,6,281,79.0,D
4,245,438.7,14,2,73,34.2,D
8,118,12.1,4,1,78,87.4,N
8,68,115.7,25,11,287,39.3,N
1,121,267.7,16,5,176,84.5,T
5,50,477.7,14,10,212,68.3,N
4,138,214.8,22,12,347,80.7,D
2,105,568.9,13,10,134,32.1,D
2,47,41.1,27,1,193,78.2,D
5,190,311.3,1,10,73,97.9,D
1,159,386.2,5,12,151,93.1,T
6,238,520.3,13,10,89,61.0,N
2,102,21.2,10,10,71,64.7,D
6,192,462.3,23,5,338,75.0,D
8,142,242.3,26,12,220,75.7,T
9,236,259.3,10,4,135,80.0,N
5,207,437.7,7,5,360,99.5,T
6,212,237.8,21,7,211,61.6,T
7,206,424.5,4,5,319,84.4,N
3,64,16.5,9,7,169,25.6,D
3,87,436.5,14,8,141,75.9,N
7,201,157.5,13,4,95,20.4,N
6,178,192.1,27,2,303,68.1,N
3,150,549.8,24,11,283,98.1,N
7,238,528.3,16,2,78,48.2,D
8,175,155.4,15,7,209,84.9,D
1,221,240.7,10,2,335,92.1,N
6,81,342.9,23,3,333,84.8,T
1,159,569.2,13,2,342,72.0,T
5,178,481.7,31,7,102,51.7,D
4,205,109.8,9,6,262,36.1,T
8,43,574.3,3,8,106,49.1,D
8,44,551.2,19,5,348,96.0,T
1,159,356.6,8,9,184,66.5,D
9,169,251.4,16,3,279,30.5,D
1,108,452.4,9,11,352,36.1,T
7,231,64.0,4,8,290,26.0,N
4,202,554.2,26,4,189,38.3,N
9,225,145.1,4,11,145,62.9,N
4,182,307.7,13,12,337,45.6,D
9,215,222.9,25,8,209,49.5,D
2,140,356.1,28,1,88,56.2,D
2,224,596.4,12,9,294,99.4,D
4,106,545.1,12,10,311,40.5,T
2,111,371.8,4,7,334,88.9,D
8,134,547.9,24,7,358,39.3,N
1,212,513.6,4,2,167,84.3,N
2,192,348.2,3,9,140,59.9,T
4,243,341.0,21,1,80,58.4,D
8,81,164.3,30,4,278,48.1,T
1,72,475.1,21,7,94,52.9,T
5,233,260.7,4,2,73,94.3,D
8,99,70.4,12,11,262,25.0,N
4,228,336.0,12,4,253,73.1,T
1,206,245.1,4,12,268,30.6,T
2,36,339.1,5,5,204,99.1,D
8,24,173.0,26,3,60,69.7,T
6,239,390.6,11,9,127,79.3,N
1,172,224.0,24,5,323,60.0,N
1,175,335.7,18,9,107,91.0,D
8,175,514.7,12,3,333,73.1,T
6,131,475.0,11,3,333,26.4,T
3,180,81.5,23,11,331,86.3,D
9,48,96.5,31,7,287,78.3,N
3,116,52.5,17,8,283,77.5,T
5,69,280.0,28,6,184,70.5,D
7,241,66.9,21,12,170,22.1,D
5,176,230.3,5,9,326,54.9,T
8,44,23.3,24,2,214,77.9,T
9,37,162.6,4,4,235,91.2,N
1,123,267.0,18,12,116,98.5,T
5,164,238.0,4,10,280,96.6,N
6,128,416.3,20,12,98,54.3,N
5,133,266.4,25,12,192,91.0,D
4,212,161.1,23,10,275,42.6,T
1,69,529.3,24,9,155,27.6,D
9,248,92.5,28,3,230,21.9,N
8,231,507.7,31,3,168,88.7,D
4,95,223.2,14,2,251,42.9,T
7,147,329.7,28,8,145,97.2,N
3,135,58.4,17,4,293,34.6,D
7,44,598.8,13,7,318,78.4,D
2,237,277.1,15,1,130,92.0,T
1,174,487.6,8,4,143,26.4,N
2,62,561.5,16,11,262,22.6,T
9,224,147.2,8,6,116,25.3,T
2,24,287.4,23,1,190,59.6,D
9,213,79.8,26,3,174,27.4,T
7,26,565.6,3,3,181,84.1,T
2,142,256.1,1,6,283,83.3,N
9,118,248.6,15,9,157,44.8,D
1,67,327.9,18,4,256,64.9,T
6,169,79.2,29,12,356,38.3,T
7,13,511.4,9,11,253,90.7,D
5,191,555.6,3,3,92,35.4,D
2,153,337.6,29,7,356,75.0,T
5,175,232.3,21,5,303,68.4,D
9,202,468.5,17,6,265,65.9,T
1,209,552.8,17,1,242,47.9,D
2,50,190.9,4,4,141,68.8,T
5,158,496.6,2,3,278,38.4,D
4,35,475.6,8,11,177,69.2,N
8,30,401.9,6,5,146,50.6,D
4,131,173.0,29,5,70,58.9,T
6,249,217.8,23,12,278,33.2,N
8,120,419.5,3,6,350,66.2,D
7,101,426.2,27,10,275,70.8,D
5,28,479.2,25,7,71,66.1,N
7,247,209.8,1,10,171,35.4,N
6,95,147.0,15,8,129,53.4,D
2,112,186.8,3,7,209,32.2,N
6,41,205.7,15,7,213,71.7,D
2,143,336.5,5,2,219,63.0,D
6,93,222.9,21,1,161,25.7,T
9,119,534.4,17,4,142,90.1,D
8,30,255.6,20,5,144,20.6,T
7,127,595.6,28,11,257,49.8,D
3,140,337.3,7,5,315,99.5,N
1,214,189.7,16,10,241,93.9,N
3,43,69.6,24,7,356,53.2,T
8,111,565.4,19,10,343,67.9,D
5,226,245.8,20,4,263,22.1,N
6,71,149.8,19,11,122,46.6,T
6,197,449.1,20,6,170,49.0,T
1,38,193.4,4,8,178,68.2,T
2,96,124.3,11,5,148,85.1,T
8,145,239.9,23,8,63,64.1,D
4,153,369.8,5,3,191,25.3,D
9,58,150.5,25,3,279,25.1,T
3,184,481.1,19,6,284,64.4,N
3,64,155.2,5,5,109,27.5,D
3,237,468.6,21,11,101,60.8,D
3,115,100.7,23,11,88,53.3,D
9,243,209.8,5,6,177,56.4,N
3,127,497.2,24,10,90,98.2,T
1,127,107.4,20,10,292,80.4,N
7,76,82.4,27,10,252,80.5,D
2,154,469.2,3,7,160,89.2,T
7,211,380.1,11,2,243,85.8,N
4,30,124.8,22,8,233,85.5,N
5,80,344.3,16,5,160,78.8,T
6,49,573.9,1,8,133,99.2,D
9,60,163.9,2,1,297,27.3,N
8,219,127.7,22,3,226,68.9,D
1,196,299.8,28,9,131,62.9,T
9,30,516.5,30,11,130,53.6,D
8,35,306.7,8,10,202,35.0,T
9,57,511.1,10,12,218,86.8,D
7,161,497.9,1,2,80,56.4,N
7,25,425.3,16,3,90,77.5,D
6,250,489.2,3,11,192,39.4,T
3,124,413.1,15,7,244,60.0,D
4,210,591.3,10,10,360,50.2,D
9,181,375.2,28,5,138,89.5,T
7,214,407.3,21,7,161,59.7,D
2,69,380.4,30,5,279,96.8,N
1,167,387.9,5,12,212,80.6,D
5,91,382.3,10,11,348,86.1,D
2,156,88.1,25,8,153,73.3,T
2,177,194.9,13,6,320,65.6,D
3,198,102.5,10,10,333,22.6,N
4,55,260.6,3,5,290,81.8,N
9,49,233.8,21,6,175,52.1,T
1,128,119.5,1,5,199,99.9,T
2,132,12.8,4,3,347,68.6,N
7,190,253.5,16,5,267,47.7,T
1,62,303.8,5,3,81,25.2,D
9,152,310.4,23,9,330,55.0,D
4,181,501.0,17,6,147,74.1,T
5,142,514.5,1,11,236,53.5,T
4,219,94.0,22,3,213,37.9,N
7,142,54.0,23,12,168,59.1,D
3,141,205.5,5,4,337,26.7,N
2,47,482.9,23,4,221,23.4,T
2,66,179.0,13,2,352,46.3,T
6,244,474.1,19,4,310,94.9,D
3,121,223.2,31,12,243,22.1,D
1,75,408.3,24,4,231,28.4,D
5,177,392.9,9,3,308,41.7,T
4,118,108.9,7,5,300,24.3,T
6,11,217.2,24,1,354,36.4,N
2,98,522.6,2,10,232,63.3,N
9,156,259.1,16,11,307,53.5,N
3,175,373.5,31,10,190,94.7,T
8,199,264.9,5,10,302,99.1,D
8,136,423.2,7,3,230,51.1,N
1,145,316.6,17,11,243,84.2,T
8,169,216.9,8,5,277,78.7,D
3,164,268.5,4,3,120,41.9,N
9,145,40.8,2,12,216,38.8,D
4,130,66.9,19,7,100,41.3,D
6,167,68.2,15,11,188,68.1,T
9,209,255.6,28,9,208,87.7,T
8,195,181.8,29,1,178,43.7,T
8,35,293.0,23,1,129,21.0,D
7,31,466.9,5,9,179,94.7,N
7,203,13.7,16,12,334,96.1,T
2,205,559.9,6,10,177,81.6,N
5,233,350.8,12,3,199,42.1,N
9,158,92.3,16,3,149,32.3,T
3,26,121.8,10,7,201,31.4,N
1,67,226.7,15,11,140,69.5,N
4,43,519.9,7,4,160,54.6,T
8,238,121.3,22,8,156,52.5,D
4,49,402.1,3,3,343,20.3,D
7,26,342.6,17,8,218,53.5,D
9,192,101.6,2,4,332,73.4,T
9,148,63.2,30,8,288,59.6,D
1,144,344.4,19,9,61,26.8,N
5,250,486.9,2,4,90,57.2,T
1,87,468.4,10,8,213,75.8,T
8,210,50.7,8,2,333,45.7,N
2,164,214.5,27,9,187,31.4,T
2,97,502.5,14,7,315,53.0,T
6,182,132.9,17,4,331,37.8,T
2,185,216.3,18,5,147,86.5,N
3,247,128.5,11,2,178,22.3,N
2,154,430.1,10,2,349,53.3,T
2,27,345.2,12,9,234,71.1,N
8,115,231.9,14,6,195,39.1,N
9,46,154.5,14,3,295,33.7,D
6,52,328.3,22,3,314,52.8,T
8,81,145.5,14,8,113,45.6,D
3,186,309.8,24,8,154,46.8,N
4,67,592.8,6,5,210,45.5,D
7,221,10.4,11,3,75,60.7,D
5,61,250.7,30,9,296,59.8,T
2,120,220.7,12,3,164,50.2,N
2,119,430.1,30,5,223,98.6,N
2,82,473.5,30,4,156,90.8,N
9,46,477.0,18,9,219,51.7,T
3,197,412.1,27,2,67,56.7,D
1,95,549.2,21,3,234,91.6,D
8,233,537.4,25,11,175,84.2,T
7,27,149.7,21,9,93,58.3,T
2,149,54.6,22,11,71,20.9,N
1,139,322.0,19,5,339,87.0,T
4,70,78.2,6,3,356,24.6,D
7,165,247.9,28,6,266,30.9,T
2,162,442.7,1,1,256,90.3,T
8,98,211.9,29,7,321,40.6,D
5,207,47.2,2,7,244,47.1,N
2,107,296.4,18,8,137,48.4,D
8,77,214.1,13,10,65,88.6,T
3,52,556.7,4,12,227,49.9,N
2,134,150.8,30,4,190,66.2,D
3,63,497.8,18,2,314,74.0,N
2,111,220.6,30,12,146,41.1,D
8,20,264.5,10,7,123,45.1,T
3,72,597.6,27,4,228,79.3,T
4,112,85.6,9,3,90,81.0,T
9,100,511.5,15,12,235,52.0,T
8,114,187.5,25,11,271,51.1,D
2,184,329.3,8,4,83,75.6,D
2,157,29.1,8,3,190,27.2,N
3,13,578.0,31,7,211,62.7,T
5,172,92.8,6,6,264,80.2,T
4,118,291.4,5,10,199,56.8,D
8,27,484.0,23,6,111,35.8,T
3,162,145.8,8,12,257,37.5,T
9,12,336.2,24,1,263,66.7,D
3,181,491.3,21,6,195,98.0,T
8,47,475.3,10,9,180,46.8,N
1,74,167.2,19,1,247,37.5,N
3,64,110.0,17,1,348,78.3,N
1,155,107.7,27,10,238,42.1,N
2,166,225.7,31,5,227,35.2,T
2,177,123.6,3,12,301,43.3,N
6,214,310.5,12,10,229,27.0,N
6,183,568.4,31,8,335,57.6,T
1,116,285.4,27,12,109,51.7,N
2,16,17.1,15,7,205,95.5,D
1,18,438.1,6,5,122,66.8,D
5,96,425.5,16,9,175,63.8,T
3,39,393.4,22,2,334,94.2,D
2,15,559.9,1,1,313,24.0,N
3,167,85.4,18,5,280,48.9,N
3,36,589.7,9,7,219,24.4,D
9,43,176.2,9,2,298,39.9,D
8,98,184.5,21,2,304,78.7,D
2,50,241.1,31,5,68,66.5,N
9,217,564.4,18,2,252,91.5,N
8,198,414.8,30,3,205,39.6,T
1,107,523.6,4,1,114,74.9,N
9,107,49.3,23,1,144,57.0,N
1,28,488.9,4,7,241,90.4,N
1,49,148.9,29,11,195,91.9,D
5,32,539.1,16,9,180,29.0,D
5,197,262.7,4,5,110,32.9,N
8,220,410.0,6,10,276,41.1,T
5,94,514.0,25,11,193,79.6,T
8,179,535.1,8,5,220,70.0,N
9,82,328.9,24,7,335,43.2,D
8,128,473.4,2,10,330,79.1,N
2,67,509.7,21,3,239,70.0,N
9,89,84.0,5,9,198,67.7,D
6,161,549.1,2,6,350,51.9,N
6,19,158.5,24,5,164,69.9,T
5,164,310.8,14,8,229,26.8,N
5,84,193.3,13,9,263,75.3,T
8,131,405.3,23,6,93,99.2,T
9,233,377.9,16,12,69,31.2,N
9,226,522.4,18,7,68,77.6,D
7,175,552.1,7,7,171,72.0,N
2,105,71.0,7,9,244,71.1,D
9,194,361.5,23,1,178,50.9,D
5,21,318.0,17,4,242,72.1,T
3,163,210.8,2,1,355,98.6,N
4,93,201.6,16,10,116,29.4,N
9,71,214.5,20,2,109,90.2,T
5,120,210.5,13,6,247,78.7,D
1,99,88.5,13,6,267,75.1,N
9,185,21.3,1,12,260,40.0,T
7,150,557.1,27,3,294,66.0,D
4,38,126.0,16,11,105,38.8,T
7,243,83.1,1,3,75,79.2,N
9,53,124.5,27,9,244,88.2,N
6,247,438.6,22,6,350,92.9,T
6,216,79.0,8,2,188,21.6,T
2,65,439.9,2,5,296,59.7,N
3,124,314.4,12,2,124,34.8,T
7,192,419.7,31,7,115,55.3,D
6,244,235.0,9,10,175,63.4,N
8,85,534.3,19,4,333,61.7,T
3,184,544.5,7,5,222,27.2,N
8,248,411.1,27,12,357,75.0,N
6,185,480.9,16,5,280,54.9,D
6,250,172.0,30,11,315,62.4,D
4,81,204.5,22,4,336,97.8,T
1,52,536.8,26,7,287,39.9,T
8,173,103.2,9,9,236,88.5,N
6,79,412.7,1,5,186,88.0,D
5,145,227.5,2,6,76,59.4,T
5,200,172.1,11,12,71,85.9,D
5,210,374.0,4,2,332,90.8,N
4,26,416.9,27,5,288,64.3,N
4,74,195.5,13,8,359,84.2,D
8,161,452.1,19,7,217,50.7,N
6,108,72.9,8,11,203,24.6,D
4,32,439.7,8,4,351,90.8,T
7,150,297.8,14,7,154,76.4,D
8,133,550.4,5,12,207,28.4,D
6,39,445.8,22,10,94,60.1,D
3,133,482.2,1,10,201,64.5,D
3,190,34.7,20,1,184,36.4,D
3,132,514.1,20,3,240,99.3,N
9,176,406.4,26,7,286,32.6,N
1,176,82.0,11,2,105,80.5,N
6,48,14.1,3,8,125,70.8,N
5,45,575.9,6,1,167,77.3,T
7,77,289.0,23,5,236,81.1,T
5,136,429.3,25,8,95,88.1,N
7,189,132.1,14,8,234,53.9,D
3,74,14.8,16,8,116,99.9,N
7,151,91.4,11,9,258,41.6,T
6,90,387.3,20,2,86,46.3,D
3,54,381.1,22,8,81,42.8,D
1,14,251.5,24,12,227,77.8,D
5,98,418.9,12,6,116,70.5,D
7,233,498.7,28,10,283,69.8,N
4,113,141.2,24,3,290,40.4,T
8,168,242.5,15,9,163,22.4,N
6,55,251.7,27,7,100,87.5,D
5,127,370.0,29,10,211,22.8,N
4,34,266.6,28,10,307,24.0,T
3,133,467.6,3,2,127,80.0,T
4,72,504.8,23,3,340,34.4,T
9,183,147.7,17,11,230,70.2,N
3,207,160.1,6,4,229,39.3,N
7,236,525.3,8,1,137,73.8,D
3,111,280.6,17,2,289,37.8,N
1,117,399.5,14,1,322,67.3,D
2,202,201.3,25,6,267,67.9,D
6,73,245.5,13,12,62,54.4,T
7,243,271.1,23,3,338,29.8,T
7,61,142.1,27,2,175,59.8,D
5,74,288.8,8,8,238,23.4,D
6,129,566.3,8,4,354,93.4,N
6,118,58.9,9,5,195,34.2,T
5,200,394.2,10,1,226,56.7,N
1,91,303.4,24,8,208,21.3,D
9,108,308.6,16,8,210,26.8,D
9,159,589.2,28,11,313,20.0,N
2,208,407.3,4,4,124,63.5,D
2,84,452.5,28,9,163,65.3,N
3,107,28.8,27,9,347,75.1,T
6,201,305.1,16,7,299,97.6,D
3,181,581.1,10,4,339,58.9,D
9,98,398.2,4,6,287,35.9,T
5,17,258.3,9,11,242,31.4,T
4,238,235.8,25,1,102,71.6,T
6,231,334.0,26,6,92,61.3,D
3,87,129.1,27,11,70,48.5,N
7,57,248.8,20,5,291,86.8,N
3,220,374.6,15,8,149,32.5,D
7,198,43.5,26,10,242,22.9,N
9,10,405.5,9,4,162,37.7,T
2,120,510.7,23,11,303,26.0,T
2,80,68.8,3,5,152,75.8,T
9,158,383.7,23,7,88,92.6,T
5,245,162.8,26,12,326,53.7,N
2,69,445.1,13,7,201,53.4,D
7,56,61.4,5,8,346,75.4,T
3,149,179.0,7,1,359,41.0,T
4,225,244.8,1,4,177,46.1,N
3,200,211.5,15,3,285,70.0,D
7,104,212.4,12,6,117,60.1,D
7,185,488.3,30,4,307,68.9,D
9,166,15.1,16,3,242,81.3,D
6,135,397.2,9,9,225,36.9,N
9,195,85.9,10,4,260,74.9,D
7,110,389.6,21,1,189,25.2,D
5,149,95.3,17,11,301,36.1,N
9,184,563.0,24,10,243,65.2,N
3,156,503.6,7,9,230,67.6,N
4,77,115.7,22,12,191,77.3,D
1,249,553.0,18,6,222,63.9,T
7,19,498.2,11,8,63,98.9,D
1,65,281.4,22,7,108,83.1,T
6,166,303.5,28,4,205,94.3,D
8,210,539.0,16,10,164,91.0,D
4,54,505.9,2,5,106,52.1,T
5,13,556.6,16,12,207,49.5,T
5,10,328.4,9,2,242,28.1,N
8,41,557.0,2,12,175,56.1,N
1,15,239.3,14,3,305,99.4,D
2,123,217.7,4,8,62,72.6,D
1,98,510.0,14,10,197,92.3,T
2,184,139.4,10,6,224,92.4,D
7,40,253.2,14,3,175,75.8,T
7,83,491.8,8,7,258,49.9,T
6,65,61.0,19,5,119,48.6,N
6,214,171.5,11,12,95,37.2,T
9,194,538.9,18,3,180,45.5,N
3,161,507.4,16,8,82,74.5,N
2,199,247.9,10,6,88,65.3,N
2,250,322.1,16,6,106,49.1,D
5,135,495.3,31,5,285,28.1,N
7,238,408.7,15,10,210,27.7,N
6,185,328.4,14,7,296,70.2,N
2,42,527.7,8,8,197,25.0,D
7,44,21.0,5,1,317,77.8,D
6,11,222.8,14,11,107,52.7,D
1,130,230.5,18,2,310,71.7,T
5,186,564.3,13,2,117,92.7,T
1,137,404.7,8,1,239,95.0,T
8,31,511.0,2,11,181,39.9,T
2,71,90.4,8,3,167,32.4,N
5,41,553.5,18,2,240,42.6,T
4,147,446.0,1,8,241,58.5,T
5,223,39.9,15,5,318,87.4,N
3,177,118.1,22,11,196,30.4,T
5,29,431.4,13,3,126,77.3,N
7,239,496.8,21,2,136,57.0,N
9,37,233.6,19,9,317,58.6,D
2,146,307.1,27,5,153,33.3,N
3,124,284.0,27,9,148,24.9,N
5,214,407.7,6,6,243,83.5,N
7,40,397.5,31,10,338,84.0,N
5,180,251.9,15,2,187,70.9,N
6,136,233.8,8,8,229,85.7,D
5,155,485.6,14,9,257,49.1,N
2,142,469.2,29,1,307,96.2,N
1,113,39.9,7,4,62,84.3,N
7,217,130.2,26,9,227,83.0,N
9,223,454.2,3,11,96,27.3,N
9,132,454.7,16,3,285,34.7,T
4,120,117.7,1,9,322,96.2,N
3,53,198.6,13,4,262,88.8,D
4,42,287.2,7,10,68,36.3,T
7,156,131.7,9,4,284,21.7,N
9,172,227.8,6,2,286,24.8,N
4,99,251.8,26,2,259,99.2,N
9,96,303.1,3,6,92,69.6,D
5,102,152.7,5,5,172,64.7,T
5,29,10.2,22,5,168,31.6,N
6,136,502.0,23,4,214,32.1,D
1,226,348.3,24,7,328,83.3,T
9,92,178.4,5,12,241,88.3,T
8,82,353.8,24,3,159,39.7,D
6,249,288.0,25,5,357,30.2,N
4,170,400.8,23,12,264,77.8,D
2,105,427.0,9,9,336,98.7,T
1,217,196.1,11,6,320,40.1,N
8,221,406.1,14,3,115,54.3,N
7,47,437.9,24,7,267,50.3,N
5,49,549.5,17,8,179,82.6,D
9,134,37.1,14,10,89,31.8,T
9,54,537.5,26,12,271,47.0,N
7,210,543.3,2,3,152,37.7,D
5,122,42.2,21,4,210,33.7,N
1,109,170.0,17,10,346,98.0,T
1,219,300.8,31,12,203,21.7,D
8,196,51.1,28,4,64,46.5,D
3,211,165.4,31,12,229,87.7,D
8,91,364.5,27,4,294,75.1,D
9,33,18.0,18,1,68,39.4,N
3,44,274.5,28,2,79,80.1,D
4,171,227.9,27,7,344,55.6,N
9,165,418.9,26,9,242,42.0,D
4,144,538.2,11,6,88,93.4,D
8,139,147.3,14,5,349,84.5,T
5,121,338.7,26,6,192,59.0,D
7,78,504.0,22,12,142,60.5,D
3,77,133.6,18,12,240,73.6,N
2,107,568.9,4,11,245,89.2,T
1,53,380.4,28,6,186,21.8,D
9,16,26.5,30,3,104,98.5,T
3,29,504.2,17,9,114,55.6,N
5,66,524.5,26,6,200,62.5,D
7,73,88.0,9,4,245,81.9,T
2,112,234.0,15,4,231,71.0,N
4,86,416.4,27,6,327,99.1,N
8,189,228.1,3,9,143,62.1,D
3,88,592.8,9,2,272,85.1,D
5,107,351.2,21,8,271,38.8,T
9,113,360.3,4,10,115,47.8,D
9,181,566.0,20,11,244,80.9,T
5,151,432.4,29,6,155,85.0,N
3,94,292.9,20,1,297,35.1,T
3,142,328.8,29,12,120,29.3,N
4,123,329.9,27,5,244,77.2,N
5,17,315.0,24,9,238,50.8,T
6,206,593.1,25,6,82,54.0,N
8,201,523.2,5,8,98,88.8,N
4,228,454.0,26,7,94,82.7,N
1,147,399.0,14,10,157,33.7,N
2,25,241.9,3,1,253,51.5,D
3,136,439.2,24,3,198,92.1,N
5,234,56.2,10,10,297,36.2,N
2,127,302.4,8,11,185,28.3,N
5,204,402.6,1,2,73,77.5,N
6,237,172.6,15,2,359,90.5,N
3,69,179.9,30,10,237,93.4,T
8,105,538.2,3,11,201,37.2,T
5,197,281.4,10,6,247,73.9,T
3,44,591.6,22,3,198,94.4,D
6,193,276.5,7,11,166,94.5,D
7,73,249.0,24,10,168,27.5,N
9,105,327.8,9,12,188,50.4,T
3,45,465.7,13,4,118,32.6,N
7,93,264.2,26,3,308,43.1,D
1,199,213.7,11,1,148,47.1,T
6,230,10.8,11,5,195,69.1,N
4,104,528.5,6,4,290,62.4,D
8,84,334.3,2,5,282,72.3,D
2,39,178.1,28,8,219,53.1,D
5,84,566.8,11,6,220,97.1,D
9,235,225.4,22,6,346,37.4,N
9,199,218.0,4,1,137,51.9,D
1,147,332.8,15,9,246,65.5,N
9,188,544.2,15,11,345,57.5,D
9,191,402.2,11,11,80,21.5,T
6,12,400.1,13,12,359,67.2,D
2,211,482.3,8,9,273,44.1,N
8,211,326.0,4,7,227,24.3,T
5,70,325.8,1,10,136,86.8,N
8,180,96.5,17,8,157,51.6,T
2,81,398.8,21,2,220,44.3,N
6,32,510.8,2,8,182,36.5,T
6,106,291.5,25,5,283,58.9,D
2,101,19.1,18,5,142,91.0,D
3,223,387.9,10,5,295,67.6,D
6,213,317.4,4,12,297,92.0,D
7,134,525.5,31,12,246,84.9,N
1,143,363.9,27,6,280,66.4,N
5,98,169.1,20,10,154,60.5,T
6,86,175.3,17,12,176,36.3,N
2,171,75.9,3,1,303,35.3,D
9,118,541.7,5,4,103,59.8,T
2,114,180.4,8,5,226,26.3,N
7,205,147.7,13,4,156,29.8,N
4,107,454.7,29,9,257,67.8,T
8,176,174.1,11,6,255,98.8,T
9,168,490.3,13,4,71,88.7,T
8,247,452.8,1,3,258,60.7,N
4,26,561.3,6,7,143,35.1,N
3,250,42.5,27,3,144,48.7,D
5,109,416.1,27,8,347,75.4,T
7,188,409.2,11,9,300,50.3,T
2,160,514.2,10,5,216,99.2,D
7,239,434.2,11,10,152,36.4,T
7,40,265.8,20,9,108,96.2,T
5,143,90.6,30,5,267,34.6,D
9,121,476.4,5,5,232,87.4,T
9,98,13.0,2,2,147,85.0,D
8,107,517.9,22,4,280,40.4,T
7,119,15.5,7,10,92,57.8,T
2,36,104.5,30,4,92,94.9,T
8,51,396.5,16,8,111,81.2,T
7,112,304.3,5,7,231,21.0,N
9,30,315.9,16,9,242,36.9,T
8,26,20.1,30,6,65,73.3,T
4,161,373.9,8,7,166,92.6,N
5,187,101.5,5,9,61,78.6,D
5,184,572.9,6,12,178,28.6,D
8,176,308.3,31,1,290,48.5,D
7,221,522.4,15,3,172,94.9,D
6,95,165.9,30,9,256,28.0,D
8,39,420.4,19,3,81,68.9,N
8,26,150.2,13,12,231,69.9,D
2,71,137.3,17,7,349,34.2,T
7,250,419.5,27,6,97,82.8,D
7,196,446.5,18,10,341,79.8,D
9,70,522.7,6,6,132,75.3,D
8,184,249.4,12,12,184,99.2,T
9,237,491.9,22,12,93,98.6,D
2,57,319.8,19,9,106,33.2,N
8,12,483.6,23,12,247,85.6,D
8,109,208.4,20,2,225,37.2,T
1,195,589.4,10,3,195,79.7,N
9,103,161.0,1,6,233,43.0,D
2,222,246.6,13,11,179,69.5,N
2,239,150.4,20,1,235,62.1,D
4,165,227.0,18,9,229,32.5,N
2,102,553.6,26,3,215,46.4,D
7,59,568.4,23,10,97,78.0,D
8,199,579.9,12,12,260,22.4,D
8,42,177.0,1,5,260,30.1,N
1,31,465.1,9,9,216,29.1,T
1,238,474.6,29,5,164,40.2,T
9,197,180.4,14,1,166,27.4,N
9,227,186.6,26,5,151,43.3,D
4,164,368.4,10,11,266,51.4,T
9,35,246.8,29,5,316,83.3,D
8,71,215.3,29,7,294,88.6,D
3,219,280.5,20,10,314,88.2,N
5,181,338.4,29,6,124,93.8,D
3,139,234.7,15,6,108,97.1,N
2,21,451.0,23,2,129,66.9,T
6,167,330.5,10,5,84,96.7,D
2,208,176.9,6,9,83,23.9,T
6,23,35.3,8,9,163,25.0,D
7,190,319.7,30,9,308,72.1,T
9,150,245.3,10,6,273,97.1,N
2,117,52.7,24,3,100,80.2,T
2,129,218.8,23,11,92,53.4,D
2,60,469.8,24,4,63,37.1,T
5,115,209.5,7,2,136,70.0,T
3,15,445.1,9,5,286,66.2,N
1,211,16.6,17,11,123,93.6,N
1,212,124.5,4,12,88,51.5,T
1,111,453.6,27,9,196,71.3,D
3,14,438.5,26,7,240,97.8,D
4,19,496.3,23,6,224,76.2,D
1,17,145.8,9,10,223,55.6,T
8,94,372.5,21,7,198,77.0,D
1,78,67.6,23,12,161,90.9,D
2,99,553.5,28,2,117,91.8,N
4,72,471.2,15,5,233,35.5,D
1,226,452.4,26,8,265,95.8,N
5,181,298.3,20,5,183,50.6,D
1,212,368.3,26,7,261,94.0,T
8,229,406.7,12,9,338,63.7,D
8,213,407.6,14,2,245,69.0,T
3,132,330.1,9,8,241,61.9,D
6,154,411.6,4,7,273,84.7,T
4,94,335.6,1,4,77,81.0,T
9,159,346.3,1,12,211,78.3,T
9,164,96.2,9,1,227,93.8,D
1,169,408.4,5,1,338,33.8,D
3,187,317.1,24,10,108,94.3,D
1,101,323.7,19,5,146,71.3,D
3,164,157.7,2,11,334,38.7,N
5,145,295.6,5,5,117,49.9,T
4,11,437.0,20,10,276,79.7,T
8,13,417.0,14,5,246,84.9,T
8,13,321.2,3,5,312,82.1,N
5,195,316.1,26,9,227,99.0,N
4,18,162.6,1,3,106,21.6,N
8,156,510.7,30,5,182,85.0,N
7,191,63.3,17,11,304,34.5,T
2,156,273.7,7,3,325,72.6,N
7,22,217.5,21,4,244,92.9,N
8,144,18.7,2,12,150,67.3,T
8,236,529.6,13,10,294,90.5,N
7,240,309.9,1,12,317,77.0,D
5,85,451.2,15,4,359,71.9,T
3,45,119.1,1,9,263,95.3,N
6,188,491.1,21,12,322,64.7,T
5,199,560.6,12,7,73,91.1,D
2,101,569.8,22,7,189,29.3,N
5,30,397.6,26,6,170,67.2,D
9,221,331.0,7,12,251,75.2,N
8,167,255.3,12,2,134,81.4,N
8,27,441.7,14,12,103,78.9,T
4,212,58.6,2,8,255,89.6,D
6,32,14.3,10,9,117,87.3,T
8,37,476.5,10,9,360,92.1,N
2,124,186.9,15,6,200,75.8,T
5,150,474.0,30,12,191,27.2,N
9,176,424.1,14,5,200,95.4,D
8,74,103.1,4,2,132,82.6,D
8,182,368.3,21,11,279,24.3,T
7,209,505.0,11,1,331,92.1,N
4,174,564.3,22,9,180,64.6,D
4,33,212.4,12,11,333,34.1,D
5,121,227.2,24,6,124,55.7,N
8,72,121.2,10,2,290,83.7,N
2,52,381.5,28,1,120,63.8,D
5,11,365.7,10,11,109,88.1,D
3,63,441.8,8,6,332,62.5,D
7,108,490.1,13,12,192,62.8,D
6,12,35.0,10,12,349,24.3,D
6,213,15.5,22,10,112,94.5,D
7,102,267.4,2,9,315,70.6,D
9,44,274.4,7,1,89,33.3,D
8,196,518.3,21,11,66,56.2,D
8,159,498.5,13,3,179,94.8,D
2,197,487.2,17,7,87,39.3,N
3,148,316.8,29,12,172,55.5,N
9,141,32.2,26,9,303,63.1,D
3,169,420.9,30,1,149,40.3,N
9,38,127.2,9,4,166,79.3,T
2,108,117.6,8,2,196,41.1,N
8,105,298.9,18,10,334,31.9,T
9,220,369.6,7,5,84,94.2,T
5,109,416.1,8,4,176,39.2,T
9,31,567.0,1,4,200,27.3,D
4,109,433.6,19,2,124,64.6,T
2,183,503.5,26,2,170,37.5,D
4,184,20.0,20,12,203,45.0,D
2,30,456.4,21,4,169,86.3,T
2,33,334.6,17,2,336,78.0,T
1,174,525.3,4,10,249,86.0,N
6,143,464.2,29,12,331,66.1,T
4,197,575.4,2,12,290,56.4,T
8,191,433.3,3,6,236,55.3,T
5,230,353.4,12,5,284,81.9,D
2,109,377.9,30,4,178,78.1,T
7,71,396.0,22,2,118,74.4,T
6,205,143.7,23,2,356,56.4,D
8,144,71.1,19,11,221,59.2,T
2,106,486.3,24,5,243,53.2,D
8,31,408.0,4,8,324,65.7,T
4,129,269.1,20,12,158,31.7,T
9,81,29.4,6,5,250,34.7,D
3,203,93.2,5,3,315,53.1,D
6,105,257.2,25,5,331,49.0,D
4,199,342.1,30,1,129,31.3,T
9,104,323.2,28,8,325,90.0,D
9,165,70.8,16,9,160,69.8,N
6,166,520.0,7,1,301,85.9,D
4,195,310.2,17,8,101,55.0,T
8,194,174.5,23,12,228,62.9,N
7,142,565.9,16,8,183,86.3,T
8,144,328.6,3,5,234,25.4,T
4,183,327.9,12,6,273,60.6,N
6,80,454.6,21,1,122,20.4,N
7,232,535.6,12,7,108,77.0,T
3,238,594.0,7,6,288,59.4,N
9,244,187.5,30,1,208,55.5,N
6,194,189.5,17,12,200,40.0,N
7,159,307.7,14,12,64,85.1,T
3,17,238.6,15,1,63,57.9,T
7,93,440.6,23,3,330,61.5,D
7,171,545.7,9,12,63,36.1,T
1,96,558.3,19,9,326,90.7,D
9,91,494.2,4,10,96,85.7,N
9,133,381.2,30,11,101,74.4,D
5,138,527.8,23,2,207,73.0,T
6,111,226.1,5,12,125,58.5,T
7,161,440.4,15,3,130,20.0,T
1,50,459.0,3,4,70,72.2,D
7,141,183.7,20,12,109,34.0,N
6,75,425.1,23,5,281,72.9,D
8,193,570.3,22,4,184,97.3,D
9,11,558.4,24,8,69,90.0,T
1,191,124.9,5,9,292,25.5,D
3,141,424.3,10,12,298,69.3,D
8,167,328.3,5,3,110,65.6,D
2,152,105.8,23,2,320,53.9,D
1,160,474.5,25,10,257,79.1,N
9,28,135.1,23,11,175,71.8,T
4,155,559.0,4,9,129,62.1,T
6,227,528.4,27,6,144,89.8,T
7,177,21.2,20,8,121,54.1,D
4,23,363.5,7,7,299,50.0,D
4,244,597.0,10,3,258,39.2,T
8,153,407.1,11,12,118,66.2,T
8,108,63.3,7,7,330,86.5,D
4,171,179.8,28,7,111,58.0,N
9,53,349.3,14,9,317,82.8,D
5,197,54.3,28,3,121,49.5,T
2,88,265.6,8,11,287,86.1,N
5,175,29.6,5,8,164,60.9,T
1,41,594.7,3,4,176,30.4,N
2,230,108.7,1,2,280,25.3,N
8,132,440.5,6,7,172,84.4,T
3,61,121.1,4,7,137,94.7,N
9,42,393.3,23,3,350,37.0,N
9,137,274.6,2,7,314,97.7,T
1,55,32.9,7,11,150,56.4,D
6,108,329.3,26,9,347,39.6,D
3,100,163.0,16,9,197,64.3,T
2,91,321.6,17,1,272,67.1,N
2,52,118.6,15,7,118,64.4,N
6,237,102.8,6,6,325,28.9,N
5,223,483.4,14,7,140,90.1,T
2,216,499.0,2,7,234,60.4,D
2,102,562.4,13,4,194,36.6,N
2,158,289.4,1,11,205,47.3,N
5,212,281.8,6,10,281,39.9,N
9,101,166.5,24,7,181,51.6,N
6,107,14.2,28,3,303,76.4,T
5,221,205.9,4,1,276,57.7,D
7,50,513.7,10,11,248,97.2,N
4,63,49.1,4,1,197,36.1,T
7,60,48.5,24,11,273,96.0,N
9,222,372.6,15,1,297,91.8,T
4,177,438.9,4,5,112,95.0,D
6,139,282.9,13,1,77,75.7,T
4,70,321.3,25,2,166,75.5,T
8,186,321.6,6,11,314,40.0,T
6,165,515.9,8,10,219,72.2,D
7,83,166.4,30,3,60,64.6,T
9,172,529.3,13,3,347,61.8,D
1,58,576.8,14,7,174,99.1,D
2,79,548.7,9,8,352,93.5,D
8,171,111.4,15,1,206,60.2,T
7,60,279.3,10,6,88,69.5,T
8,193,487.3,29,9,127,69.2,D
5,97,139.7,26,10,262,95.0,D
7,138,576.8,25,2,347,49.1,T
2,228,343.5,23,8,312,45.1,T
8,143,508.6,26,4,200,69.2,N
5,221,201.1,18,5,201,64.5,N
1,17,368.6,24,6,106,82.5,N
3,140,318.4,24,6,215,92.6,N
5,31,407.3,17,3,159,62.0,D
9,118,262.7,27,1,325,82.3,N
5,28,73.4,10,2,127,57.7,N
5,186,83.7,24,4,129,86.9,N
2,231,518.5,11,4,274,86.3,D
1,219,269.6,18,2,227,73.0,T
3,212,221.7,2,10,102,90.6,D
2,115,414.5,27,1,179,60.8,D
3,240,251.8,23,4,286,58.3,N
6,48,241.2,5,7,179,53.9,D
9,134,193.6,25,10,335,41.0,D
6,50,427.2,7,6,124,27.9,N
1,227,446.0,9,2,77,48.5,T
8,156,33.7,2,11,228,39.4,T
1,104,337.1,13,4,247,67.3,N
6,209,434.2,28,12,247,81.0,N
9,151,402.8,10,3,90,76.5,D
2,139,353.6,11,11,143,98.6,T
2,208,287.4,6,6,104,38.4,N
7,99,217.1,23,11,157,30.0,D
1,176,500.6,10,3,82,65.1,T
6,106,493.8,26,2,267,88.0,T
8,71,394.9,7,3,194,29.3,T
1,126,534.7,6,3,339,81.5,D
8,81,376.3,9,11,128,67.2,N
2,139,59.9,3,12,337,81.0,T
9,137,117.2,15,8,109,53.3,N
3,178,55.9,10,5,217,65.6,N
7,73,54.4,30,7,273,27.5,N
7,59,29.6,28,3,72,68.7,N
1,121,174.4,9,4,87,93.1,D
7,245,145.6,25,7,103,97.9,T
7,171,214.9,1,10,84,58.4,D
6,196,268.3,25,3,316,92.0,N
8,189,142.7,10,12,256,20.1,N
7,146,473.1,27,11,158,41.1,D
9,195,215.8,9,12,174,95.1,N
1,196,571.0,17,12,303,58.3,N
6,171,47.1,2,8,257,97.9,D
5,40,345.0,26,3,193,69.3,N
2,26,114.3,13,2,117,91.1,N
6,198,417.4,27,7,64,40.4,T
7,59,568.0,7,8,334,45.9,N
6,193,360.1,30,9,147,45.9,T
5,137,264.9,16,7,101,55.1,D
2,14,311.6,13,11,217,52.8,D
6,215,345.1,21,6,295,34.3,D
4,247,12.0,13,11,245,66.3,T
5,128,488.1,4,10,266,81.1,T
2,79,350.6,11,7,61,87.6,N
3,78,536.2,2,2,360,23.2,T
5,100,297.1,5,3,216,98.5,T
8,176,235.2,24,8,107,70.0,T
8,138,30.1,6,12,151,95.2,N
3,174,81.4,19,6,256,43.4,D
8,245,46.8,19,3,274,24.4,D
6,172,568.8,5,12,330,50.2,D
7,47,74.1,2,7,258,93.3,T
8,111,321.2,17,4,321,45.8,N
5,219,167.4,4,8,106,31.4,D
1,37,77.4,2,8,294,42.5,T
3,58,464.3,29,11,306,63.0,D
9,36,525.1,4,3,303,67.4,N
3,125,111.9,26,9,277,21.7,D
9,165,334.0,20,8,68,35.2,N
6,64,123.1,25,7,255,38.4,N
8,162,192.6,30,4,258,87.8,D
3,48,68.4,17,7,137,66.9,D
1,219,593.4,17,7,128,68.5,T
1,97,207.2,20,1,67,52.4,N
3,78,396.9,28,9,100,66.5,N
5,109,128.4,5,4,159,64.0,T
6,174,29.9,22,6,268,20.9,T
8,204,325.2,30,4,334,34.3,T
1,93,277.0,15,1,280,66.1,D
6,175,144.8,14,2,305,46.9,T
6,132,103.2,24,8,127,50.7,T
2,220,246.4,12,4,90,51.3,T
2,178,255.9,6,1,124,87.5,D
1,52,178.2,13,6,250,79.0,N
5,147,142.3,14,7,354,66.6,T
8,159,506.0,5,10,73,26.9,N
3,21,212.5,19,10,290,55.3,T
8,80,228.4,16,5,134,40.5,D
3,217,472.2,16,2,106,33.4,T
5,45,308.7,5,11,247,50.0,D
7,121,322.3,24,3,85,36.7,D
1,71,230.6,1,1,343,37.0,N
6,207,394.2,30,6,165,50.1,D
5,171,468.5,14,4,163,89.3,D
6,46,332.2,23,8,341,47.4,N
3,202,478.2,7,6,298,75.3,T
1,55,320.6,22,7,211,59.9,N
9,145,151.9,29,6,234,23.2,N
7,89,236.0,22,9,319,65.0,D
8,42,359.0,27,8,244,23.3,T
6,88,565.2,21,12,147,22.0,D
1,223,60.3,11,7,236,36.0,D
9,213,329.0,2,8,357,99.6,D
7,47,140.5,25,4,83,97.5,T
1,123,455.0,8,4,68,94.0,D
4,174,540.7,24,4,271,30.0,T
9,189,436.7,4,11,200,39.1,T
7,43,91.7,15,3,351,60.5,N
3,99,458.2,2,1,281,43.5,D
1,17,224.9,8,10,138,55.4,T
5,226,103.9,27,7,224,25.3,N
2,238,347.8,18,10,164,50.7,D
2,137,255.1,12,2,302,75.8,D
2,149,572.8,3,12,290,81.5,T
5,48,222.1,2,9,91,21.3,D
7,188,542.7,29,3,181,42.6,T
2,236,74.1,29,11,273,83.3,D
9,184,34.4,22,3,228,69.3,D
1,178,408.0,17,2,251,71.5,N
9,99,178.7,6,9,191,29.7,N
7,238,310.4,29,3,126,86.0,D
5,249,451.2,11,9,216,50.6,T
7,57,288.5,26,1,164,21.6,T
9,63,284.5,2,2,271,93.9,T
9,182,244.6,15,3,324,90.9,D
8,119,300.6,20,8,304,70.3,N
5,28,232.2,3,11,357,51.4,N
1,112,491.8,8,9,124,62.4,T
2,231,372.2,10,1,312,82.4,D
3,107,536.3,17,12,318,53.5,N
5,11,506.2,30,4,181,48.0,D
9,208,423.7,7,3,308,61.5,D
8,192,196.2,20,11,69,88.1,N
2,189,332.3,17,2,359,79.6,T
7,23,390.8,20,6,169,35.6,T
5,85,11.4,23,2,173,81.6,T
8,234,23.8,12,2,360,69.6,D
7,155,500.6,17,3,146,33.9,N
2,163,404.9,4,4,200,47.3,D
1,210,497.3,24,12,172,95.0,N
5,191,352.8,19,2,311,81.0,T
3,94,471.5,22,11,103,95.6,D
6,54,30.3,3,7,156,68.2,N
7,198,87.4,3,8,135,33.7,T
6,236,469.0,17,2,211,27.1,N
3,26,520.7,26,12,270,20.4,T
2,85,28.6,30,1,241,75.7,N
6,117,385.8,10,1,156,43.9,T
9,243,203.2,25,3,145,84.6,T
1,82,293.2,12,1,87,91.0,D
2,99,237.9,4,12,115,39.2,T
7,231,479.8,18,1,329,92.1,D
3,126,34.4,3,8,189,52.1,N
1,41,66.3,1,10,120,68.6,T
2,193,259.0,8,1,343,67.7,N
8,245,534.4,28,12,349,76.2,N
9,236,409.7,2,2,294,96.0,N
8,39,485.6,6,6,114,44.2,T
9,132,522.0,18,11,236,86.6,N
8,112,195.5,13,10,87,58.8,D
6,134,233.5,31,10,223,34.9,T
9,39,24.7,4,12,87,98.0,T
8,197,246.9,3,11,326,98.8,T
9,193,25.0,27,3,259,43.3,T
5,236,555.8,13,1,232,41.0,T
4,30,190.0,15,7,286,77.9,D
9,154,488.6,30,5,356,56.5,D
6,204,296.9,8,6,266,46.0,N
3,189,578.1,17,10,77,68.8,T
2,93,505.8,29,11,97,31.2,N
5,68,12.4,31,1,298,98.3,T
6,105,199.8,20,6,112,77.1,D
4,105,93.4,12,7,348,49.9,N
3,123,355.3,13,10,346,63.4,D
1,224,54.8,16,12,158,92.7,N
2,206,214.0,26,2,356,85.6,T
7,39,164.1,11,12,354,82.2,D
3,43,406.0,10,2,323,65.2,T
9,209,552.3,24,7,134,84.3,T
5,170,50.2,12,12,293,24.8,N
1,109,159.5,18,9,277,95.0,T
6,140,522.6,19,2,314,41.4,T
2,28,101.9,19,6,269,35.6,T
7,160,560.0,10,8,334,94.3,D
4,206,114.1,14,8,195,23.3,T
3,97,187.9,12,7,191,49.1,T
9,48,393.3,13,5,76,68.2,D
1,138,553.7,22,4,165,39.8,D
4,183,326.1,31,1,167,49.9,T
4,109,45.3,8,10,188,75.8,N
3,94,573.1,20,3,162,76.0,N
9,34,218.5,27,12,275,72.9,T
6,63,394.9,23,2,236,40.3,T
2,32,372.0,29,7,250,24.5,T
6,89,542.6,8,1,256,24.6,D
8,154,145.1,22,10,133,94.4,N
4,228,214.2,23,8,165,58.9,N
8,163,267.0,13,10,343,87.3,T
4,28,101.9,3,3,281,52.6,D
8,190,251.8,26,12,120,59.2,N
5,56,576.8,19,7,272,39.9,T
5,171,530.7,30,10,112,93.6,T
6,145,594.9,19,7,115,48.5,T
8,250,588.7,6,2,235,70.0,N
4,116,544.8,2,8,121,28.1,N
6,43,354.2,3,5,135,93.6,T
4,141,155.8,9,12,210,91.5,D
8,149,373.6,23,5,314,83.4,N
3,38,387.2,7,1,355,57.2,N
1,29,13.2,10,2,355,83.9,T
5,98,335.0,9,8,244,29.2,N
6,232,28.5,10,6,309,30.4,N
6,212,210.8,27,10,360,74.5,T
3,194,224.0,28,5,93,24.8,T
9,153,359.7,11,12,340,63.9,D
5,95,324.5,25,11,219,21.4,D
2,70,311.7,23,8,102,24.1,T
2,53,81.4,22,2,193,83.4,D
7,74,408.3,2,5,97,98.4,T
5,140,350.1,16,1,140,36.3,T
5,149,559.1,24,6,102,53.3,T
9,63,223.2,9,9,344,61.0,N
2,26,313.3,26,5,197,87.1,D
6,231,89.6,19,4,247,70.9,N
5,112,441.0,8,11,118,60.9,D
2,204,37.9,30,12,280,50.2,N
5,44,189.4,21,5,154,85.7,N
2,47,164.7,12,4,83,88.6,T
1,226,344.2,24,2,243,73.3,T
1,154,158.2,2,2,332,38.5,T
3,198,588.3,13,9,309,35.8,D
4,59,362.3,29,10,191,41.6,D
7,74,311.7,4,8,350,67.1,N
9,236,42.3,27,11,259,90.3,N
7,100,130.3,12,10,227,33.5,D
3,245,286.2,30,4,111,68.2,T
5,242,227.6,30,1,125,52.4,D
5,151,442.0,1,1,283,30.1,D
5,148,269.5,7,12,270,95.5,N
9,149,489.0,3,10,201,22.7,T
9,145,311.7,13,6,97,61.0,D
9,17,437.8,27,4,235,25.5,T
7,19,450.6,15,4,145,74.7,T
8,81,413.0,30,5,138,84.1,T
1,77,420.8,10,10,158,88.5,N
7,225,401.2,13,9,268,56.9,T
3,25,599.3,28,6,275,39.3,D
4,249,529.6,5,3,120,45.9,T
8,175,586.1,1,10,111,70.3,N
4,107,213.4,27,9,310,42.3,T
9,200,87.2,5,7,297,62.5,D
7,65,118.0,15,7,172,45.6,T
8,183,255.7,10,1,297,83.6,N
3,210,241.7,14,4,218,26.0,D
6,170,561.4,23,11,144,89.0,N
2,101,64.1,27,7,360,53.5,D
3,94,321.3,1,10,118,86.2,D
2,106,477.6,20,5,320,59.4,N
2,88,207.0,13,2,187,98.3,T
3,48,287.5,27,3,126,54.4,N
8,250,149.7,13,2,198,63.3,T
4,239,162.4,2,3,251,22.8,D
2,83,367.0,26,6,210,80.2,T
1,146,431.9,25,9,313,88.3,T
6,136,378.7,23,6,75,42.3,D
2,34,494.6,17,9,232,41.2,D
8,129,47.5,13,11,157,72.8,T
8,119,576.2,6,8,127,63.1,N
7,11,396.6,1,6,78,87.3,D
3,127,464.8,14,9,316,100.0,T
1,69,455.2,9,4,106,21.8,D
4,143,156.6,19,10,246,43.6,N
2,157,369.5,14,8,282,55.0,N
1,139,474.3,16,11,343,43.5,N
4,22,303.3,6,4,218,97.1,T
4,143,340.3,21,8,154,88.0,T
6,223,303.2,17,5,212,84.4,T
9,177,390.9,16,2,319,55.9,T
8,214,222.3,13,10,308,26.0,N
1,13,507.6,8,7,327,57.8,N
9,160,493.3,13,5,251,22.5,T
8,202,594.2,6,10,305,44.6,T
6,233,439.9,28,9,318,23.6,D
7,68,267.4,6,8,233,33.5,D
5,243,108.9,9,3,134,79.7,T
9,214,566.0,18,11,169,77.5,N
7,59,43.6,8,1,172,48.6,D
7,206,381.5,12,12,321,48.2,T
7,200,509.7,18,10,115,60.7,D
9,109,453.9,13,6,117,90.3,T
1,173,411.2,27,9,119,78.0,D
6,113,467.6,15,9,85,56.0,D
1,87,252.9,8,3,119,73.4,T
1,169,392.6,1,2,213,55.1,T
8,202,584.9,25,7,234,50.0,T
2,225,107.7,7,7,245,21.7,T
8,96,579.9,28,6,74,41.3,D
9,133,35.6,19,12,353,70.4,N
6,243,17.0,15,3,210,23.8,T
2,28,151.7,10,8,60,36.4,T
9,77,399.8,14,2,163,68.4,T
2,207,521.4,14,5,293,80.1,N
9,32,470.2,24,6,273,71.6,N
3,239,345.9,17,2,325,27.7,D
3,13,458.0,10,5,159,24.1,T
4,193,369.6,1,1,184,48.1,D
8,176,500.6,22,8,341,32.7,N
9,221,179.8,5,2,92,94.2,T
5,223,131.6,5,1,318,62.6,T
4,237,100.5,17,6,118,88.0,T
4,110,41.0,15,6,179,73.7,N
7,72,322.5,26,3,277,44.8,N
2,151,276.6,17,2,122,66.5,N
8,233,271.5,5,7,99,65.8,T
9,229,171.5,8,11,327,72.6,N
4,133,49.0,25,1,255,46.6,D
7,94,527.1,7,2,347,94.9,T
4,64,237.2,30,9,165,22.8,D
8,232,14.6,9,1,277,58.5,N
4,35,376.0,17,5,143,93.7,N
8,143,341.0,6,12,96,52.9,N
5,22,484.7,10,9,331,74.3,N
3,70,449.7,3,9,333,87.5,N
9,233,143.6,29,7,99,84.4,T
2,14,579.1,9,10,202,51.5,N
5,238,32.9,1,9,84,32.4,D
4,33,258.2,15,12,68,82.9,D
4,52,519.8,15,6,208,92.2,D
1,39,418.6,2,12,354,86.4,T
6,60,80.2,6,1,92,99.5,T
1,32,203.0,20,1,70,65.5,T
5,36,458.5,26,9,251,22.1,D
4,23,523.5,21,6,135,38.0,N
9,115,337.4,8,9,160,51.5,T
4,215,558.9,21,3,124,36.2,D
1,166,153.9,2,12,133,81.8,T
7,132,438.7,27,2,103,25.9,N
2,176,575.5,15,11,242,94.9,N
9,97,408.2,2,12,242,56.3,D
2,42,24.7,29,4,229,88.9,N
2,97,457.3,5,11,104,51.6,T
2,163,114.2,23,10,311,84.0,N
8,116,561.3,1,11,259,28.8,N
7,14,138.8,28,2,303,52.3,N
8,192,335.9,31,8,224,52.2,T
4,191,359.9,20,1,82,54.1,D
5,247,266.4,23,2,315,51.8,D
9,152,572.1,24,12,155,85.8,T
8,56,597.9,11,3,126,63.2,T
3,236,436.9,14,9,157,62.8,D
2,69,135.7,17,4,143,37.8,N
6,174,306.2,16,7,186,60.8,D
6,30,592.5,3,11,326,85.7,D
8,13,569.1,6,4,89,22.6,N
2,175,506.1,14,5,169,70.7,T
2,89,578.4,27,12,110,20.7,T
1,199,156.2,31,8,272,86.9,N
4,224,113.3,18,10,80,30.2,D
3,91,560.0,28,6,174,76.7,N
4,90,423.3,21,11,117,39.9,T
5,143,303.8,20,11,135,43.2,T
9,53,93.0,9,2,183,32.8,D
6,37,51.2,13,9,210,60.1,T
5,120,239.8,23,9,99,58.3,T
2,220,72.1,22,2,64,76.8,T
9,147,522.1,20,1,276,61.8,N
3,66,280.8,6,8,168,74.5,T
6,226,578.2,29,8,121,53.6,N
4,123,444.2,18,1,221,53.0,D
5,118,195.2,8,4,158,59.5,N
7,245,582.3,31,3,350,31.5,D
2,215,342.0,28,11,186,75.2,T
4,149,329.3,26,12,326,62.4,D
5,31,503.5,29,7,318,90.8,N
4,139,459.2,2,8,358,92.3,T
4,18,583.8,19,2,129,95.2,N
1,39,586.1,28,3,108,42.4,N
5,35,115.5,28,1,191,39.8,D
7,184,409.2,8,12,230,74.4,T
2,13,148.9,24,8,209,32.3,N
8,104,364.2,31,8,72,37.8,T
6,97,493.3,18,3,107,49.7,T
1,29,364.7,18,10,78,56.3,D
4,157,330.8,28,4,189,67.5,T
3,225,464.5,19,2,66,81.8,D
3,224,96.4,22,10,153,44.1,T
9,85,225.5,5,3,95,59.9,D
1,108,102.6,6,6,116,33.4,T
1,33,269.0,10,10,104,90.9,N
9,237,298.9,4,5,262,60.9,N
3,30,439.0,14,4,113,69.9,N
1,61,494.8,10,12,100,59.0,T
7,155,144.6,27,6,222,89.9,D
8,246,95.9,24,3,131,45.5,N
5,20,292.4,13,6,237,65.2,T
5,104,199.8,19,3,116,51.1,T
8,25,446.6,20,8,313,64.2,D
9,247,573.1,10,9,139,85.7,T
7,43,212.1,6,2,77,73.6,T
2,60,105.8,27,9,305,93.3,D
7,109,396.9,16,1,208,95.1,N
1,98,330.0,30,12,79,37.0,N
6,226,232.2,8,7,290,98.3,T
2,106,113.6,1,6,350,44.8,N
3,35,140.2,24,2,190,78.9,N
5,161,27.9,26,7,281,39.8,D
7,87,453.1,18,2,120,20.8,D
3,171,461.5,15,11,232,24.7,D
4,84,15.8,1,3,139,37.1,D
5,85,426.3,13,6,303,89.7,D
9,48,569.1,19,4,200,95.3,T
9,125,54.8,15,8,263,84.9,T
1,140,270.9,26,7,334,61.8,T
9,34,110.7,13,4,253,93.2,N
2,141,35.8,20,12,278,49.9,D
7,207,189.2,2,12,244,23.6,D
8,193,410.0,21,6,255,36.8,N
5,144,10.5,21,8,195,98.8,D
3,247,243.8,11,9,67,76.4,T
8,209,61.1,6,12,230,21.5,N
8,170,514.9,9,6,241,91.7,D
5,27,270.2,1,5,179,42.4,T
9,35,347.0,1,4,251,33.5,N
6,111,446.7,19,2,171,44.9,N
5,74,179.8,17,12,129,54.6,T
6,54,52.7,2,1,194,41.0,T
5,150,130.2,18,8,195,52.9,N
2,156,442.3,5,9,339,50.2,N
8,90,386.2,21,1,74,92.9,T
3,215,11.6,4,7,74,63.9,N
2,152,384.5,9,11,236,69.4,T
2,15,521.8,19,6,70,39.8,T
1,128,69.0,14,9,123,34.1,D
8,72,83.5,28,12,92,99.2,N
8,238,439.9,29,10,241,59.3,T
3,240,168.0,26,4,341,72.0,N
7,164,199.4,5,10,314,59.8,N
5,30,279.8,3,11,175,22.0,N
4,237,252.3,13,4,250,54.6,T
4,31,577.5,30,1,197,67.2,D
2,230,360.0,13,4,211,39.1,N
3,185,144.5,12,10,82,68.9,N
2,73,554.4,2,11,179,85.8,N
4,69,259.8,29,3,314,93.5,D
5,183,305.2,6,4,239,45.9,T
7,101,327.3,19,12,323,87.3,D
5,145,113.9,12,1,345,78.7,T
8,23,20.9,11,10,270,62.8,D
7,23,413.1,20,7,150,29.1,D
7,55,576.3,14,1,155,72.6,N
5,140,13.6,4,9,207,24.0,D
2,199,114.8,21,4,187,88.2,N
9,20,142.9,29,7,202,79.4,N
4,45,329.3,27,1,360,50.0,N
8,131,240.8,20,11,355,96.4,D
3,23,298.2,13,9,267,52.0,D
6,102,301.0,3,12,102,45.1,D
5,143,74.4,25,11,128,85.4,N
7,201,114.9,25,7,255,46.6,D
1,234,164.2,14,7,197,76.0,N
5,70,251.3,15,12,323,57.8,D
7,57,142.2,14,8,342,62.9,D
7,147,591.0,2,4,61,96.6,T
4,224,85.4,18,7,279,22.0,T
6,54,469.7,4,6,208,23.4,N
3,143,185.1,16,4,183,21.7,T
9,33,586.6,17,5,172,53.9,N
5,144,49.1,18,6,134,74.7,T
1,192,176.2,22,8,175,79.1,D
1,244,237.1,18,12,143,63.1,D
3,223,577.2,3,11,310,57.6,D
5,150,207.7,16,5,82,91.7,N
4,180,145.5,12,4,266,48.3,T
4,199,584.9,26,10,149,52.3,D
3,135,163.0,13,1,326,33.2,T
6,187,276.1,10,9,195,59.1,N
5,206,63.0,18,11,95,43.2,D
4,48,426.8,25,4,355,23.4,N
4,145,353.4,21,1,269,61.4,T
4,79,558.4,7,4,351,96.0,D
6,249,531.4,19,6,270,94.7,N
8,42,525.0,10,11,206,92.0,D
1,216,141.8,26,11,88,47.5,D
8,43,499.5,31,12,198,67.8,D
1,147,102.0,26,9,300,61.1,D
6,245,465.4,2,12,85,64.7,D
6,221,29.4,30,10,140,51.2,N
8,224,481.1,10,1,174,36.6,N
6,162,275.2,28,4,156,31.8,D
7,57,102.8,8,9,208,77.7,D
1,227,115.5,19,5,310,44.5,N
3,20,62.2,2,7,136,69.8,N
4,154,168.1,29,11,292,44.4,T
8,204,232.9,19,9,308,84.0,N
9,75,131.8,1,11,354,97.6,D
8,151,226.6,12,6,344,76.5,N
5,217,381.3,6,2,248,86.7,D
1,192,592.2,28,2,125,73.3,N
9,169,485.3,3,8,147,90.3,T
8,41,117.9,23,8,216,32.6,D
6,33,442.3,29,7,304,33.3,T
7,198,568.2,1,9,262,56.4,T
2,223,593.3,7,5,86,48.9,T
4,196,176.4,28,8,320,54.8,T
7,180,394.2,27,12,320,61.0,N
8,129,526.2,15,10,142,65.8,N
4,70,369.1,28,6,263,93.2,T
9,213,543.3,18,3,160,74.9,N
4,101,388.1,25,8,336,27.3,N
3,230,156.3,27,10,142,62.4,T
6,201,328.0,17,10,67,34.2,T
2,210,79.0,14,10,87,89.3,D
8,145,93.8,30,6,63,86.8,N
2,189,366.5,28,1,289,77.7,T
3,53,152.6,10,6,350,96.0,T
3,183,571.3,17,1,347,24.2,T
2,74,527.2,15,3,77,96.4,N
3,147,572.6,17,1,295,38.6,D
4,79,328.9,23,6,271,50.9,T
8,77,385.8,21,10,318,20.7,T
3,223,181.3,13,8,353,78.4,T
9,37,519.5,28,4,177,90.8,T
5,197,187.8,16,4,218,72.0,D
6,221,134.8,21,12,99,78.0,D
3,129,119.1,21,8,141,78.1,T
7,186,591.2,1,5,228,90.6,D
3,119,279.4,7,6,147,52.8,N
5,26,534.5,5,12,90,85.5,D
7,219,505.8,5,12,81,91.5,N
9,101,333.1,2,9,178,60.4,T
2,80,589.7,5,3,103,21.4,T
1,127,50.2,31,7,195,92.1,D
4,121,302.1,27,4,272,34.4,T
5,184,545.0,6,9,193,82.8,N
9,114,313.5,12,10,81,93.1,D
3,50,161.8,23,12,249,30.5,N
9,53,326.0,27,3,225,23.6,T
7,138,402.2,13,9,124,42.8,T
1,87,223.3,30,8,167,76.9,N
9,93,215.5,4,1,315,65.8,T
2,108,334.0,16,11,107,24.2,T
7,175,424.4,20,4,186,59.6,N
1,28,455.3,22,12,154,49.8,D
1,176,191.8,6,8,260,74.9,T
1,133,205.4,8,10,348,23.5,N
9,248,281.7,15,6,274,95.7,N
8,126,508.4,18,5,198,40.2,N
5,133,347.5,3,7,249,76.2,N
4,19,38.7,12,1,166,95.4,D
6,28,473.1,22,5,236,21.7,T
3,17,595.5,15,1,228,37.1,T
3,100,525.7,8,10,75,51.6,T
6,58,72.9,19,12,96,87.1,T
6,24,528.7,4,1,250,36.5,T
1,143,125.1,9,11,232,30.1,T
6,123,494.3,3,8,211,83.6,N
9,142,13.7,6,12,101,61.6,T
9,241,418.6,16,11,245,63.7,T
2,92,359.8,3,7,101,84.6,T
3,225,187.3,1,9,68,99.6,D
3,24,517.6,27,8,130,78.8,N
7,159,316.9,3,11,319,74.2,D
9,97,564.8,2,2,233,93.2,N
1,82,479.7,1,9,260,80.4,D
2,118,247.1,2,8,269,81.4,D
2,215,554.9,25,5,95,86.8,N
7,181,412.0,23,6,202,78.5,N
9,195,324.5,14,2,99,40.3,D
1,173,326.6,19,10,96,44.0,T
4,23,403.3,31,8,98,99.7,D
1,74,186.8,16,7,260,95.2,T
6,210,461.2,24,11,355,84.7,T
9,108,305.9,5,3,343,97.1,T
1,50,119.2,22,4,292,43.9,D
7,195,582.6,8,6,127,87.2,N
5,98,156.4,13,8,116,30.1,T
3,110,247.6,6,6,152,93.7,N
4,52,556.8,6,7,258,76.5,T
3,62,457.0,10,4,257,57.4,D
5,166,592.6,15,7,205,50.9,D
3,83,318.5,16,3,245,51.3,T
5,126,342.6,6,3,182,28.1,D
7,69,425.9,16,1,330,33.7,T
5,76,16.3,6,12,103,35.7,D
9,184,410.8,31,8,116,79.1,T
7,129,401.6,29,4,131,55.9,N
4,230,568.7,10,4,160,41.2,N
9,209,350.0,24,3,262,72.6,T
5,145,345.4,28,9,63,40.8,N
2,190,154.6,6,8,244,90.2,T
3,112,314.5,11,2,333,99.3,D
3,80,215.8,20,12,209,77.8,N
7,156,343.3,10,2,225,83.1,N
3,19,268.9,15,4,102,48.1,D
7,95,43.8,30,3,99,98.3,T
1,163,65.8,28,10,60,40.8,T
2,158,512.7,30,9,125,67.6,T
1,160,548.2,5,6,360,35.4,T
1,133,336.7,22,8,72,55.6,D
5,114,456.9,18,12,140,45.6,T
9,232,35.5,16,6,277,25.8,D
3,138,203.9,13,2,99,59.8,T
7,236,138.2,26,12,185,66.4,T
5,157,363.5,14,2,92,48.9,T
8,61,183.3,25,2,61,31.0,D
6,135,254.9,20,3,328,53.4,T
5,154,240.1,6,1,194,86.5,N
2,241,281.3,13,5,220,46.6,N
2,72,211.9,17,4,250,22.7,N
9,106,302.7,24,2,103,88.8,D
4,15,478.5,14,12,242,94.7,N
3,28,379.4,4,5,116,45.2,N
9,187,366.7,7,7,342,71.0,N
3,33,70.2,25,11,171,45.7,T
2,222,484.3,30,11,346,55.6,T
9,186,155.0,18,3,321,49.6,N
2,131,161.8,26,7,126,67.4,D
4,89,234.5,17,2,83,31.3,N
5,36,554.8,11,6,331,36.6,N
4,118,55.8,26,1,238,85.2,D
5,198,534.7,22,8,320,77.1,D
6,43,51.7,12,8,356,47.2,T
5,202,315.4,14,12,358,66.1,D
7,179,190.2,10,11,116,29.1,D
8,109,350.6,4,12,174,58.6,T
5,78,382.8,22,4,202,55.2,D
4,134,64.7,9,5,165,50.4,D
2,102,170.2,20,9,313,69.5,N
2,21,552.9,1,5,200,38.9,N
8,218,233.8,8,7,335,76.9,T
5,178,438.1,18,5,332,28.0,T
3,164,118.9,18,3,243,88.3,N
6,203,451.8,23,2,259,28.5,N
3,49,84.3,12,5,205,86.0,T
7,28,147.0,11,12,325,48.5,N
7,95,269.9,25,9,131,22.2,T
6,54,539.5,22,6,243,78.0,D
8,233,590.0,30,3,63,34.2,D
5,101,377.8,30,10,330,95.1,D
9,98,146.9,29,7,352,35.5,T
4,77,476.3,9,10,352,76.2,T
8,48,359.2,16,9,81,40.7,N
3,20,96.5,6,5,132,75.3,D
1,230,499.6,7,5,156,98.9,N
9,241,479.1,9,12,257,46.8,N
6,165,177.0,16,9,249,67.3,D
8,113,398.8,6,11,194,21.4,N
9,124,416.3,4,7,252,68.7,N
8,244,266.7,13,5,228,26.4,N
8,129,358.9,5,6,302,25.5,D
7,98,29.7,8,8,299,62.9,D
9,174,282.5,11,6,321,75.2,T
1,105,284.8,9,5,344,40.3,T
9,149,429.7,3,8,330,60.3,N
5,91,86.7,5,5,139,86.0,T
5,148,75.0,18,6,102,41.2,T
9,159,370.7,26,8,185,74.2,T
2,128,457.6,9,2,320,72.6,D
7,198,303.8,6,8,100,25.4,N
3,156,48.5,11,1,310,96.5,N
6,158,132.7,2,5,268,72.2,N
5,191,524.6,15,7,349,44.8,N
4,176,22.9,29,5,93,45.4,T
2,226,72.0,6,7,202,20.5,T
5,111,299.8,15,10,223,97.9,N
7,14,341.6,3,5,335,70.3,T
4,178,368.4,5,7,360,95.0,D
9,190,192.7,10,11,198,76.1,T
3,200,191.7,10,2,256,33.7,D
9,36,382.8,15,6,254,51.8,T
2,103,296.3,4,6,236,29.2,N
6,97,526.6,16,6,187,28.9,D
6,248,22.4,8,12,162,81.0,D
4,160,361.0,4,8,150,26.0,D
6,136,477.7,17,9,359,42.5,D
3,166,311.1,13,3,81,37.9,D
2,93,25.3,28,12,220,44.2,D
9,119,532.1,12,1,207,96.8,N
5,56,532.6,30,8,170,76.0,N
5,41,566.8,3,2,343,56.7,D
1,21,143.7,24,9,269,91.2,N
9,72,203.3,27,8,328,62.9,D
9,104,271.1,1,6,131,87.0,T
4,189,35.0,13,5,313,41.2,N
5,73,196.7,9,12,303,88.0,T
6,53,166.8,3,2,204,22.5,D
5,232,406.5,14,6,289,20.4,N
5,33,335.3,30,1,84,32.0,T
4,166,292.3,24,12,357,87.0,D
1,111,44.0,9,5,146,50.3,N
5,17,407.8,9,4,61,36.7,D
6,174,388.5,2,3,252,72.4,T
1,94,46.1,26,8,78,64.4,T
1,106,575.6,10,4,278,82.5,D
7,26,582.9,3,12,201,83.4,N
1,84,416.2,22,1,236,57.7,T
7,235,589.2,28,11,209,27.5,N
1,21,400.9,15,9,63,37.5,T
8,158,431.0,15,9,206,84.8,T
4,231,161.4,25,4,169,54.9,N
9,131,170.2,5,12,329,74.4,N
7,174,172.6,23,3,211,73.8,D
9,66,126.1,28,1,82,23.6,T
4,250,513.4,27,1,303,30.3,T
8,68,12.4,1,2,267,87.7,N
7,33,285.1,13,9,330,21.3,N
1,26,387.9,21,1,266,47.2,T
5,128,420.3,8,7,344,32.2,T
5,133,239.4,19,2,340,72.5,D
8,65,75.1,27,4,319,51.5,T
3,172,330.5,19,5,168,36.5,D
7,191,325.9,11,7,181,55.8,N
7,124,404.5,22,5,112,78.1,N
9,31,233.0,18,11,194,92.0,T
7,40,591.1,29,9,300,62.3,D
8,98,189.8,17,3,67,28.9,N
9,199,484.9,10,6,167,48.8,T
1,146,140.2,14,8,243,46.4,N
2,245,51.8,22,7,291,68.8,N
7,70,210.8,24,7,287,95.7,T
1,129,297.1,20,5,73,27.3,T
8,63,599.7,5,1,255,74.5,N
9,249,298.2,23,8,235,62.7,D
5,156,387.8,20,8,78,25.4,T
5,182,246.7,27,7,66,42.8,D
4,175,346.5,16,9,144,47.5,T
6,207,243.1,22,2,93,40.2,T
3,239,249.5,26,6,114,51.5,N
2,26,351.3,12,3,352,70.9,N
1,173,453.3,31,5,313,35.5,D
9,132,590.9,30,12,315,71.9,D
1,171,509.9,12,3,203,45.1,T
1,183,83.4,24,2,80,93.6,N
5,134,490.3,2,7,101,69.1,T
2,33,227.9,24,12,77,44.4,T
8,218,168.9,23,12,271,27.3,N
4,88,448.5,3,5,178,82.9,N
1,243,480.1,9,7,134,32.9,N
8,111,70.5,3,9,105,52.7,D
4,17,304.9,15,2,144,79.4,N
8,204,160.3,7,7,321,21.3,D
2,81,581.6,12,5,232,52.1,D
4,63,136.6,17,12,129,69.7,D
8,137,570.7,28,9,174,36.1,T
2,142,561.4,19,1,296,28.1,T
4,20,71.1,29,7,347,66.5,T
7,166,335.5,29,12,351,41.0,D
5,23,216.2,30,9,165,97.0,N
5,222,218.1,29,10,234,55.4,T
6,99,146.4,24,6,62,49.5,D
4,216,295.2,8,2,102,34.2,T
4,137,406.6,23,3,211,22.0,T
7,179,499.4,29,4,195,59.3,D
3,185,414.8,22,12,337,87.5,N
9,177,433.8,4,6,324,28.1,D
8,212,414.5,15,4,142,54.8,N
7,210,385.2,5,2,353,26.3,D
4,239,122.1,27,6,292,76.9,N
2,212,496.8,1,10,100,72.8,D
3,164,376.8,23,9,162,35.7,T
6,35,332.8,29,12,93,23.2,D
7,35,505.1,11,8,282,22.4,T
2,165,39.6,23,9,168,94.3,N
6,112,295.4,25,2,131,28.8,T
5,127,560.2,29,10,196,31.8,D
5,36,185.5,26,3,284,76.9,D
1,240,78.5,13,11,134,98.9,D
2,49,341.6,6,3,247,53.9,N
1,161,207.6,25,4,80,81.2,T
8,49,452.6,27,11,337,90.2,N
7,61,592.6,22,4,332,80.7,T
8,250,544.2,28,9,239,29.3,N
5,41,574.8,8,8,245,47.5,D
8,208,327.6,19,3,212,62.1,T
5,212,238.1,5,8,138,53.7,T
4,240,590.6,31,10,324,86.8,T
5,47,588.3,10,10,230,30.7,D
9,48,450.2,28,9,321,68.6,D
9,205,310.0,3,3,64,39.3,D
7,94,542.2,24,10,239,71.3,T
2,39,81.6,5,3,182,38.1,T
6,24,162.3,10,4,75,59.9,T
6,86,337.5,16,4,69,87.2,N
6,49,593.6,5,2,172,83.9,D
9,241,460.3,31,1,114,29.0,N
5,105,417.7,8,8,129,80.9,T
4,138,404.0,14,9,307,63.0,T
1,125,225.8,6,1,302,54.5,N
9,17,433.2,31,1,137,95.2,T
3,47,340.4,22,2,282,88.5,N
9,79,176.6,21,1,147,53.2,T
3,103,214.1,6,12,186,84.6,N
3,197,39.7,30,11,349,70.7,T
3,187,338.2,9,7,173,76.4,N
5,145,414.8,30,4,240,33.7,D
6,19,193.4,3,12,88,50.5,N
7,200,518.6,24,12,213,96.5,N
9,28,482.9,25,10,269,62.7,D
1,116,564.4,14,3,255,99.9,N
5,158,304.2,3,11,115,67.6,N
6,111,83.2,29,6,190,83.5,T
8,12,523.6,20,7,277,93.0,N
4,59,405.4,30,9,177,23.1,D
3,109,350.2,8,3,88,25.5,T
7,203,358.3,28,3,157,53.6,N
7,224,75.2,10,9,171,25.2,D
1,247,86.0,2,11,322,24.6,T
4,147,358.5,23,9,107,30.1,T
5,61,108.7,12,4,266,77.0,N
8,37,404.0,14,12,127,31.1,D
6,49,178.7,19,2,189,65.6,N
5,102,455.4,16,5,227,44.0,D
9,204,460.3,16,10,288,49.2,N
4,150,469.6,3,4,230,81.0,D
5,147,11.7,18,2,206,73.3,T
5,180,368.8,26,3,229,64.3,N
7,100,139.0,4,1,179,86.7,T
7,24,155.7,11,10,207,89.5,T
1,17,451.1,10,6,73,66.4,D
5,117,32.1,29,7,106,47.4,N
3,11,395.9,19,9,163,97.6,D
2,34,561.5,31,7,258,57.9,N
6,243,324.1,19,11,179,63.2,D
1,99,126.5,7,9,209,28.1,N
2,43,159.2,19,2,157,78.8,T
6,236,400.6,28,9,304,29.4,D
9,154,205.1,7,9,264,36.8,T
5,192,35.4,12,11,70,22.5,D
7,28,113.6,22,9,157,24.8,D
9,199,366.6,14,2,117,74.8,D
1,78,384.9,31,1,135,26.8,D
1,30,599.3,13,5,204,98.1,N
6,249,496.7,17,1,275,69.0,N
3,59,365.9,3,1,148,54.7,D
7,240,340.9,2,12,162,78.5,D
2,18,445.2,17,6,287,95.1,T
6,199,109.7,19,2,166,55.5,D
7,175,537.8,22,2,181,58.9,D
2,17,261.1,26,1,291,97.8,N
3,244,307.9,16,2,292,72.1,D
9,22,106.1,5,5,64,37.6,D
1,20,561.7,11,11,331,70.9,D
6,154,448.1,14,8,93,23.1,N
7,198,197.7,1,9,272,48.9,D
4,157,103.3,28,3,275,73.2,N
9,139,190.1,17,10,92,49.4,T
2,32,62.7,14,8,261,85.4,T
9,130,140.7,14,9,274,56.6,N
6,120,199.8,10,8,345,39.4,D
2,191,351.9,9,10,332,25.6,N
5,104,98.7,14,12,201,67.3,D
1,218,52.3,14,9,280,52.8,N
6,162,414.0,2,9,76,98.7,T
6,206,254.1,18,8,275,66.0,T
2,123,219.4,7,4,81,96.8,N
5,240,442.8,7,3,246,63.6,N
7,217,279.3,29,1,132,44.6,D
1,237,454.5,5,8,99,21.7,N
3,138,252.4,2,3,291,44.1,D
6,35,14.1,27,5,200,22.1,N
8,159,109.3,25,3,252,68.4,D
9,55,112.4,20,4,302,68.2,N
5,10,164.1,1,5,157,94.2,T
7,113,573.7,14,9,118,35.1,D
7,66,217.5,20,7,234,46.5,D
9,54,177.6,17,7,295,51.7,D
4,234,240.7,24,8,98,60.5,T
8,15,428.6,8,6,103,47.6,D
4,172,540.5,12,12,112,79.0,T
9,106,28.0,11,11,129,75.4,N
9,244,578.1,19,9,189,60.1,N
8,69,323.2,28,7,196,71.1,D
4,196,30.4,20,9,335,52.4,D
7,200,197.6,14,11,356,81.9,N
3,67,298.3,1,5,84,78.0,N
9,132,232.7,14,11,209,29.4,N
3,68,114.2,7,5,72,47.3,N
6,80,236.8,8,3,303,56.2,N
6,34,109.3,12,8,231,61.2,T
4,191,227.2,6,10,187,47.7,D
2,214,77.8,29,11,194,26.2,N
5,91,87.9,14,8,68,53.0,D
8,76,273.2,19,4,266,92.9,T
2,115,83.6,9,6,143,75.0,D
7,42,353.6,26,12,226,86.2,T
1,117,44.8,9,1,169,72.7,D
7,191,428.9,12,5,348,59.2,D
6,16,514.9,26,11,284,40.2,D
3,120,365.1,2,6,186,92.0,D
3,13,307.2,30,9,221,67.9,D
9,90,195.5,5,12,163,90.3,T
5,194,472.3,1,3,209,60.3,T
8,183,347.0,11,4,189,34.6,N
2,187,557.2,7,11,199,30.9,N
8,133,217.5,10,3,241,73.5,N
5,162,119.4,11,4,124,32.2,D
9,203,267.7,15,2,238,59.6,T
9,58,206.9,14,7,297,62.9,N
1,116,179.6,23,6,231,28.7,T
1,96,149.4,2,10,304,44.6,T
8,10,101.0,10,2,64,62.6,T
2,169,68.3,13,9,190,86.5,D
9,53,579.6,16,3,136,97.6,T
2,15,434.9,2,9,150,22.7,T
2,50,439.2,1,10,357,97.1,N
6,236,203.9,4,4,170,92.2,D
2,85,550.5,17,12,346,86.8,T
4,97,151.5,8,2,76,91.4,D
2,13,237.9,28,4,338,24.9,D
1,187,86.7,21,2,193,21.2,T
2,229,512.8,1,4,75,92.0,T
5,219,278.3,1,3,348,89.7,D
5,118,531.1,9,11,316,52.7,N
4,215,142.8,7,6,266,35.2,T
1,241,475.6,14,12,202,59.4,N
4,47,405.2,7,10,302,71.3,N
3,23,459.3,12,10,260,60.6,D
5,209,523.5,20,8,213,20.3,T
4,140,456.1,19,4,90,93.7,D
9,100,191.2,15,10,321,71.6,D
6,180,431.5,14,2,140,40.9,T
9,37,322.6,1,2,77,84.1,D
2,191,323.5,20,11,162,65.6,D
2,223,496.6,15,9,244,32.8,N
1,124,92.2,17,8,98,30.0,T
3,25,204.6,1,6,315,46.5,N
7,37,84.6,14,9,80,38.4,D
4,145,158.1,17,2,69,56.1,N
5,236,75.3,22,1,168,70.0,N
2,81,523.1,20,5,143,64.0,D
4,144,545.1,5,10,264,78.3,T
7,148,20.5,5,3,141,43.7,D
5,154,444.5,20,8,143,27.3,T
6,70,534.4,28,2,339,72.2,N
5,145,164.8,3,10,106,58.2,N
3,244,262.9,6,12,157,87.8,N
9,241,336.2,2,1,342,50.4,D
1,63,151.8,11,1,223,37.7,T
3,235,280.3,7,1,158,99.4,D
4,110,237.9,5,3,185,50.1,D
5,145,376.6,16,1,329,22.4,N
7,245,234.9,27,4,143,61.4,D
8,147,103.1,16,1,254,62.0,N
1,132,253.6,1,2,211,65.7,T
5,10,202.1,29,12,174,71.7,T
5,230,349.0,9,8,230,43.8,T
8,65,130.9,12,5,62,79.6,D
1,206,366.1,10,3,121,64.1,D
8,73,596.4,26,6,90,97.5,D
8,93,213.7,7,2,130,48.7,T
8,74,504.3,1,7,329,96.8,T
9,196,426.8,19,3,151,45.6,T
4,80,475.2,11,11,177,95.8,N
2,130,356.2,24,3,336,75.1,T
6,133,246.1,8,1,124,52.3,T
8,149,446.8,9,6,238,67.7,T
6,55,54.2,28,5,97,46.3,N
3,136,411.3,5,12,107,67.5,T
6,234,143.7,18,5,243,53.7,D
7,82,529.3,2,3,130,51.6,T
2,80,473.4,22,11,221,43.1,N
4,74,216.8,14,2,177,55.5,T
4,90,239.2,26,4,120,71.5,N
5,104,321.4,16,10,315,95.9,N
4,181,367.7,12,10,306,49.8,T
2,26,45.0,15,6,214,38.4,N
9,73,595.1,15,7,266,97.1,D
9,198,397.4,1,4,294,93.7,D
4,25,209.2,12,5,345,43.8,T
3,44,464.9,24,9,352,86.0,T
2,109,325.2,19,2,303,83.0,T
4,162,148.5,6,4,314,98.1,D
1,197,350.5,5,7,289,70.8,T
2,178,179.7,16,12,84,57.5,N
1,85,572.3,5,5,323,95.3,T
2,31,529.9,29,6,240,23.9,N
6,176,352.2,19,2,215,69.1,D
6,130,310.6,17,1,257,28.8,N
3,197,320.2,3,7,220,41.5,D
2,44,28.6,11,6,267,46.9,T
8,152,415.7,6,1,161,35.0,D
4,181,192.2,19,1,167,48.7,T
9,44,12.5,31,8,136,90.6,N
7,155,354.0,23,2,120,52.4,N
2,11,469.9,9,7,348,39.5,D
9,162,214.7,30,4,278,54.7,T
8,54,226.8,11,4,135,87.1,N
2,28,330.1,30,4,151,39.7,D
2,74,592.3,26,1,243,90.0,D
3,119,562.8,31,12,220,36.3,T
8,231,261.3,11,7,302,92.0,N
6,171,420.6,13,8,223,33.4,T
7,201,375.6,13,3,326,77.3,N
1,171,239.7,26,8,338,63.5,T
8,137,593.9,28,11,355,45.8,D
3,133,13.5,31,5,317,84.9,T
3,109,56.7,29,8,181,30.0,N
1,153,582.1,24,6,267,95.1,T
8,143,216.1,26,6,89,30.7,N
5,20,526.4,3,6,325,95.9,D
1,243,210.3,27,12,107,70.4,D
9,27,239.9,31,7,107,31.9,D
3,107,411.2,13,6,174,72.2,T
1,95,99.1,17,3,295,63.1,T
7,184,201.8,21,12,271,77.3,T
8,60,83.2,14,3,74,28.3,D
1,112,362.9,17,7,122,37.8,N
4,76,335.8,24,3,97,62.7,D
6,60,472.1,3,7,128,99.5,T
6,225,466.1,20,8,258,28.4,D
3,179,453.0,10,12,198,26.7,D
5,146,499.1,11,3,108,95.4,T
7,151,144.8,6,4,65,22.4,T
9,104,26.4,9,4,160,52.0,D
4,42,374.0,5,7,102,23.9,D
2,112,293.9,14,6,135,49.6,D
2,20,378.6,27,8,294,93.7,D
5,101,556.2,30,11,125,79.3,N
4,27,428.5,26,4,70,87.6,T
9,210,562.6,12,4,360,44.0,D
2,86,512.0,2,4,61,97.5,T
7,69,223.2,10,1,189,71.4,T
3,181,307.9,22,2,159,57.4,D
9,38,164.8,10,1,66,21.7,N
2,109,446.5,17,6,75,40.8,N
6,108,200.5,11,9,298,45.5,N
6,84,398.6,31,12,171,46.1,D
9,60,245.7,22,5,85,35.1,N
5,205,246.2,27,3,220,21.1,T
9,104,42.1,24,6,347,37.5,N
1,67,322.1,24,1,171,73.3,D
8,238,491.8,4,9,217,76.3,T
3,175,75.2,24,11,322,45.7,N
8,106,419.8,9,7,350,58.5,N
7,187,323.0,4,2,108,51.1,N
1,177,236.1,28,3,133,36.6,D
3,134,216.8,4,10,237,54.3,T
1,44,295.7,13,4,343,91.2,N
5,20,115.7,18,6,66,64.9,T
7,150,103.9,28,6,314,71.5,D
5,112,131.8,16,10,85,30.2,T
3,183,17.0,31,5,68,78.3,N
9,200,173.7,30,8,98,53.4,N
6,229,124.9,20,3,129,44.4,N
4,153,30.7,4,3,147,62.6,D
8,86,273.2,6,7,251,25.2,N
8,21,345.3,1,1,311,48.4,D
9,88,160.9,23,4,126,93.5,N
2,152,416.8,1,6,100,48.0,N
2,227,549.6,23,4,304,45.0,D
3,25,249.5,1,2,286,70.0,D
4,64,37.7,13,7,100,23.4,D
9,244,576.2,29,6,74,95.7,N
8,152,28.2,28,11,221,33.6,D
2,215,273.8,10,12,211,85.8,D
6,237,189.0,13,7,311,21.7,D
7,191,39.0,26,5,318,94.1,D
3,49,50.8,19,1,167,73.3,N
3,17,325.8,28,2,252,70.9,T
5,200,66.4,3,2,211,43.1,T
1,58,510.9,11,12,179,65.6,N
6,206,549.9,28,6,249,29.4,N
4,231,14.2,25,5,291,52.3,D
5,190,441.3,23,3,283,20.3,T
9,54,30.2,4,9,62,66.5,N
5,75,400.0,26,12,81,74.2,N
9,214,114.9,22,12,169,76.2,T
7,199,473.3,10,4,296,49.7,D
4,201,460.0,4,11,104,67.3,D
8,93,593.7,4,9,299,41.6,N
1,78,266.3,25,6,229,81.1,T
6,174,304.9,16,6,169,41.9,N
8,147,93.7,2,9,272,69.5,N
3,78,255.4,4,9,177,50.3,T
7,85,565.0,12,1,298,22.0,D
5,171,488.7,26,4,334,80.5,N
1,16,99.6,15,3,251,26.7,D
4,225,508.9,31,1,97,30.4,D
1,142,546.9,3,4,279,35.2,T
4,169,347.4,13,5,160,49.9,D
4,61,514.8,6,12,133,50.8,T
6,182,331.7,10,11,300,31.4,N
2,250,246.3,30,4,113,29.9,T
1,194,564.1,15,8,95,55.3,T
4,158,510.9,13,10,256,73.2,D
3,192,418.5,11,3,210,65.2,D
5,146,211.9,29,5,70,30.7,D
7,166,172.8,28,9,223,92.0,T
2,10,365.0,20,8,151,57.5,N
3,11,450.3,2,5,250,34.8,T
9,83,502.2,20,11,153,37.5,D
9,59,381.3,14,1,162,77.2,D
7,93,568.1,5,2,87,48.2,D
3,135,238.4,24,3,132,98.1,N
9,126,190.7,6,8,352,68.1,T
8,223,37.1,23,1,327,94.1,N
5,238,575.8,29,3,314,57.1,T
5,218,304.7,17,9,326,23.6,T
7,159,185.4,5,12,319,20.7,D
1,154,95.4,12,1,204,33.2,D
2,77,455.7,15,11,263,64.5,T
4,101,536.2,29,9,355,91.2,D
9,214,466.0,27,8,283,71.3,D
1,58,134.4,20,1,151,96.8,T
1,228,87.1,9,3,238,24.2,D
2,247,40.2,17,1,272,56.9,D
6,157,385.3,27,9,254,53.9,N
2,214,235.1,13,12,220,96.0,D
5,249,82.3,10,5,313,83.4,N
4,32,480.7,4,9,260,69.9,T
9,238,408.7,17,7,110,51.0,N
9,181,490.5,2,7,301,56.5,D
5,235,208.7,25,12,260,49.2,N
9,46,446.9,20,8,78,66.7,N
3,140,397.2,18,12,72,90.3,T
1,190,232.0,16,4,85,58.5,N
1,14,287.3,16,3,259,41.5,N
4,133,282.4,10,12,280,78.1,D
6,54,395.9,8,6,252,42.3,T
8,34,205.6,19,12,236,61.5,T
1,155,272.2,13,12,326,66.9,N
8,147,316.0,1,5,164,54.4,N
3,195,72.5,4,7,208,84.0,T
7,119,495.7,19,9,238,85.8,T
8,67,228.3,12,4,261,55.3,T
5,24,508.2,29,3,220,79.2,T
2,55,416.9,18,12,66,48.8,D
6,15,168.6,21,7,218,88.5,T
5,16,137.2,21,1,158,44.4,N
8,202,425.8,15,9,61,85.6,D
6,171,65.0,9,7,170,85.7,T
7,223,65.1,23,2,327,20.4,T
3,208,263.9,7,5,202,48.0,D
5,84,503.2,24,1,96,58.7,N
6,196,232.6,12,3,115,86.9,T
1,93,368.8,12,4,226,69.1,T
6,239,322.4,20,8,209,83.7,D
7,146,373.6,31,12,67,96.6,T
4,212,532.8,24,9,218,58.1,T
3,206,465.3,7,8,212,98.0,N
9,120,507.8,22,2,116,38.8,N
9,97,199.7,29,1,314,62.8,D
8,71,13.1,27,2,85,94.8,T
4,175,448.5,28,8,232,21.0,N
4,213,61.4,6,5,249,61.2,N
7,43,365.9,20,12,75,52.5,D
1,242,512.9,30,11,156,22.6,D
5,44,381.7,27,9,190,57.5,T
5,186,539.1,15,8,203,77.1,N
9,111,438.0,15,3,258,55.9,T
3,71,334.7,30,7,72,28.9,D
8,58,513.4,18,11,203,27.1,T
6,207,254.9,12,10,329,23.0,T
5,127,147.7,5,10,357,90.0,T
2,104,266.8,21,6,339,81.0,N
1,58,570.4,25,10,134,65.1,T
3,35,284.3,19,5,98,39.1,D
3,209,567.6,10,8,336,45.8,D
3,224,357.5,19,7,191,39.0,D
4,51,36.9,11,10,188,90.1,N
8,145,257.8,12,3,335,66.2,T
8,184,38.6,12,7,256,92.0,N
9,248,419.6,4,6,117,32.0,D
6,67,381.7,14,12,100,97.0,D
8,128,21.4,12,9,341,72.5,D
4,186,337.4,22,3,324,72.3,N
1,177,579.7,23,10,199,29.6,D
9,107,599.8,1,4,297,86.8,T
5,105,370.9,20,5,120,80.1,T
5,144,295.1,24,3,96,54.2,T
9,89,67.2,5,12,118,44.6,D
7,110,53.7,3,1,357,31.7,T
5,156,533.5,26,5,344,46.8,T
8,171,552.1,16,8,174,91.0,T
4,241,302.9,20,11,222,39.0,T
1,201,549.9,13,4,258,81.2,D
9,159,408.2,17,4,202,64.9,D
8,173,103.5,8,6,141,25.2,D
8,28,262.6,2,8,283,99.0,T
8,165,454.8,14,11,215,84.8,D
1,76,434.7,1,10,88,75.0,N
3,61,594.4,3,12,117,39.3,N
6,149,82.9,14,5,351,35.3,D
5,19,230.9,25,10,123,28.3,D
2,202,431.5,4,11,267,99.3,T
3,47,369.5,24,8,314,97.2,T
3,115,362.8,2,2,88,57.5,T
4,233,142.0,19,12,83,71.8,N
9,179,105.1,27,6,115,82.3,T
5,114,105.3,26,1,218,66.3,T
2,14,139.8,26,12,200,58.3,D
3,45,397.2,15,12,323,67.6,D
1,38,290.1,25,2,89,45.8,T
9,179,584.8,18,5,240,91.3,N
2,144,81.0,16,5,184,76.8,N
5,63,156.5,25,8,286,41.5,N
6,177,205.4,22,2,191,80.7,D
6,163,532.2,15,11,224,71.5,T
4,108,99.3,11,6,200,26.4,N
1,80,105.2,9,6,155,86.0,T
7,243,120.2,26,6,270,32.6,N
7,242,277.9,21,5,355,47.1,N
9,110,534.4,31,12,68,21.3,D
5,234,442.4,25,11,149,98.0,N
6,173,305.7,22,2,190,23.6,T
1,175,225.4,6,6,82,33.7,T
5,132,210.2,4,2,185,87.3,N
6,119,463.6,23,6,274,28.1,D
9,190,262.0,7,9,78,37.5,T
4,241,441.5,12,4,292,60.6,T
3,40,575.4,4,9,326,98.4,T
3,107,14.9,14,9,175,80.8,N
7,39,58.1,6,2,109,77.9,D
3,90,490.9,11,8,301,45.0,T
8,10,40.7,9,5,146,97.3,D
1,88,263.0,6,6,160,71.9,N
3,139,518.6,9,1,244,45.3,D
5,123,204.3,7,8,111,74.7,D
5,125,276.8,15,1,108,38.7,N
6,67,357.8,30,11,132,84.7,T
1,130,558.7,16,11,154,72.8,D
3,204,544.4,1,7,143,63.7,N
1,215,143.2,7,3,124,23.9,T
2,229,283.0,5,8,110,69.1,D
7,104,350.4,31,3,159,49.7,D
7,125,482.0,3,6,173,29.1,N
5,152,219.2,14,5,241,53.2,N
6,137,311.4,26,7,276,89.8,T
2,93,262.5,7,9,313,86.6,T
6,225,499.9,19,4,238,54.5,T
3,58,296.1,14,12,263,72.8,T
2,14,456.7,16,9,116,64.5,D
1,148,417.9,29,1,342,53.1,T
7,63,143.0,11,6,93,76.1,T
8,203,326.9,22,8,156,38.8,T
9,58,20.2,20,8,159,28.4,T
9,125,165.0,9,11,325,87.6,D
5,36,337.3,8,10,200,92.4,N
1,66,311.7,9,6,192,90.2,D
7,236,590.6,24,2,184,91.4,N
7,234,442.0,7,4,256,65.5,N
5,172,309.9,8,7,245,99.6,T
1,225,70.4,10,2,350,38.0,T
4,115,576.3,11,11,286,85.0,N
9,109,496.6,27,1,154,71.1,T
1,135,222.8,4,10,306,80.0,N
7,190,103.4,26,4,183,71.6,D
1,155,160.9,8,12,275,96.0,T
1,236,505.2,24,2,140,86.1,D
6,189,415.7,26,1,98,49.2,N
9,64,303.5,2,7,290,69.9,T
5,214,512.4,4,2,274,47.1,D
6,170,518.9,1,11,333,23.5,D
2,203,74.8,21,3,282,91.6,N
8,118,425.2,28,8,204,99.5,N
2,44,543.5,27,6,225,69.8,T
9,175,73.0,15,10,274,77.3,D
6,216,400.5,6,12,232,29.3,T
9,91,198.2,22,8,326,32.2,N
5,177,29.4,21,6,81,62.6,T
4,237,436.1,28,5,156,96.5,D
2,19,86.3,23,11,106,76.2,D
3,193,446.7,13,5,360,82.4,D
1,18,589.1,28,10,88,25.0,D
2,180,330.4,1,3,327,29.7,N
7,48,161.8,29,5,221,26.9,N
6,77,141.4,12,2,98,73.6,D
6,238,54.1,29,7,187,45.0,N
9,107,389.1,6,7,172,97.6,T
7,246,414.9,15,7,228,33.8,N
4,18,405.1,9,2,265,88.8,N
6,209,163.3,20,5,219,84.9,N
7,46,266.3,25,3,293,40.0,N
1,49,391.3,1,4,145,62.7,D
3,240,180.3,21,7,89,24.0,D
3,233,76.0,1,4,72,83.4,T
1,222,558.9,1,4,204,64.3,N
4,48,584.1,1,9,143,53.3,N
6,120,189.6,21,6,149,85.5,T
8,29,123.8,14,10,328,65.4,D
1,228,234.4,26,2,191,88.0,T
8,34,329.7,1,5,288,90.2,N
9,178,421.0,19,7,297,70.0,D
6,123,352.8,6,2,126,32.3,D
9,228,210.3,6,11,334,30.8,D
3,118,85.8,19,12,229,70.2,T
3,126,579.2,31,3,292,90.6,D
7,36,389.3,7,10,105,25.8,D
2,10,89.6,22,9,288,68.3,N
7,28,99.0,29,4,307,93.3,D
6,120,368.4,14,4,260,38.6,N
9,196,576.7,4,2,142,71.3,T
9,187,508.2,27,8,154,70.9,D
1,90,484.1,11,9,207,37.6,D
1,81,151.9,22,10,201,96.9,T
2,133,597.5,24,2,301,56.2,N
2,198,158.4,3,8,173,22.8,N
9,220,394.1,1,5,223,51.7,T
1,120,342.8,9,9,232,36.6,D
6,71,392.8,26,8,178,62.8,T
2,159,35.6,16,6,274,75.2,T
9,220,334.4,14,6,252,85.4,N
4,177,275.3,23,12,327,72.6,T
4,73,488.7,23,10,250,40.8,D
2,154,217.6,3,4,257,79.1,D
1,103,531.5,28,11,133,92.4,T
2,22,478.2,30,12,325,29.7,N
2,221,95.2,25,4,317,94.6,T
9,111,164.1,9,4,282,87.9,N
8,83,71.7,2,10,122,20.4,N
3,212,424.2,22,3,129,88.1,T
9,187,25.8,11,12,103,50.4,D
6,229,128.5,15,11,139,73.4,T
1,49,138.1,23,12,290,77.2,D
4,155,19.4,7,4,221,64.5,T
5,81,18.5,3,6,200,87.1,D
9,222,238.0,25,7,95,99.0,N
4,163,593.5,27,11,77,67.1,D
2,156,578.0,19,12,180,21.5,D
2,103,130.3,20,1,255,70.4,T
3,137,263.9,19,7,242,39.8,N
7,35,592.1,14,10,298,42.2,T
6,248,161.3,7,8,77,68.0,N
1,62,412.4,6,9,346,48.7,D
3,159,550.5,8,7,220,95.0,N
9,82,471.2,10,4,96,94.7,N
1,76,255.6,6,1,121,46.7,T
3,38,46.3,30,7,172,24.4,D
5,83,447.3,20,4,189,59.1,T
3,216,286.7,15,11,273,24.0,N
3,83,313.5,29,9,238,30.5,T
6,165,574.4,15,2,76,47.7,N
1,201,520.2,3,2,283,75.4,D
5,215,148.5,8,8,180,81.0,N
1,227,413.4,10,3,359,34.3,T
9,148,185.5,14,11,204,62.5,D
6,39,433.0,16,9,152,60.1,N
9,240,239.6,23,4,263,34.8,D
1,219,85.8,23,2,346,79.7,T
6,165,421.7,18,2,180,25.7,D
5,218,234.9,17,5,248,46.6,D
6,80,523.6,13,4,193,53.9,N
2,80,303.5,14,1,240,27.3,T
1,96,319.0,26,4,281,92.5,T
4,145,142.6,3,1,255,95.8,T
3,10,576.8,9,1,89,32.4,N
2,112,545.0,28,9,67,84.6,D
6,75,596.3,1,8,154,79.7,N
7,96,176.7,29,12,75,52.3,D
9,11,457.3,23,7,231,53.5,N
9,115,229.2,19,1,107,89.1,T
7,80,10.9,2,1,207,99.6,T
9,20,477.6,8,3,263,92.0,T
7,43,15.1,18,3,224,70.5,D
2,149,330.3,12,11,311,41.5,D
6,216,575.6,16,6,232,23.3,D
6,244,211.8,2,5,272,67.6,D
1,77,590.5,8,7,71,80.8,T
2,234,558.1,3,7,67,28.6,D
4,141,489.4,10,10,310,91.4,D
2,246,86.8,3,6,170,94.9,T
3,77,239.0,22,9,227,78.3,T
6,129,589.2,21,6,351,43.4,T
3,85,197.7,13,11,238,87.3,T
9,246,33.4,29,11,150,74.9,D
4,80,579.0,5,8,306,54.6,D
2,179,591.7,6,10,216,91.1,D
1,118,561.9,3,2,90,29.3,T
2,168,290.9,2,2,161,68.6,T
5,151,303.0,24,3,215,45.1,T
3,189,279.3,15,9,244,43.1,T
7,197,456.1,4,5,269,82.6,N
6,193,297.8,1,12,142,92.3,N
7,213,131.0,13,10,206,43.8,T
7,106,204.3,3,10,175,95.4,N
5,126,381.7,25,5,273,57.8,D
2,216,413.8,14,11,340,52.6,D
4,118,350.4,13,7,208,27.7,N
8,55,359.5,5,7,237,98.4,T
8,219,568.3,27,4,114,68.4,T
7,208,542.4,9,7,199,52.5,T
3,120,554.0,31,5,355,72.0,D
7,139,217.7,24,1,307,23.5,D
7,195,472.7,9,6,66,25.4,T
6,82,263.0,21,9,122,55.3,N
7,177,73.3,15,8,166,41.2,D
4,36,565.4,18,8,155,98.8,T
5,239,502.5,5,11,184,68.2,N
1,96,395.9,23,11,152,58.7,D
1,228,181.5,20,2,174,36.6,T
6,13,399.6,14,4,91,98.9,T
5,81,319.1,18,8,61,27.7,D
4,96,456.3,21,2,66,63.5,D
5,38,444.9,27,4,281,56.2,N
4,91,35.8,3,4,138,50.6,D
5,171,592.7,29,3,139,38.7,N
4,177,94.8,12,3,338,66.6,D
8,30,10.1,9,1,322,77.8,N
5,186,96.4,29,12,231,58.9,D
8,210,370.1,28,10,223,70.4,N
8,37,315.2,30,11,155,80.0,N
2,201,507.1,25,4,144,81.4,D
7,180,57.3,18,1,190,45.9,D
6,54,588.4,4,7,163,89.4,D
5,52,565.6,20,2,250,23.4,T
5,213,12.8,19,2,339,49.9,D
5,125,528.2,7,9,293,22.9,T
5,96,462.0,4,4,122,66.0,N
2,95,565.5,15,5,359,28.3,T
7,95,85.4,17,8,319,79.7,T
3,43,63.7,21,6,99,42.6,D
3,213,444.3,16,4,86,47.3,T
8,186,201.0,24,7,104,54.1,T
7,25,80.1,24,10,240,93.2,N
2,115,26.8,6,8,104,31.3,T
9,138,560.5,6,2,338,56.5,N
5,32,534.0,1,12,166,86.4,D
6,112,504.0,25,1,120,64.3,N
3,94,414.4,22,9,120,33.0,D
4,242,559.5,4,4,205,52.2,N
5,129,72.8,3,11,245,75.9,N
2,11,338.2,2,10,212,37.5,N
6,115,520.3,19,6,191,43.5,D
9,223,459.4,30,8,344,38.6,N
1,28,311.8,4,12,349,45.5,T
1,149,245.8,8,9,264,99.1,D
2,42,485.5,23,5,277,51.4,T
6,159,577.6,24,3,101,77.2,N
5,137,74.1,4,4,302,63.6,N
5,181,420.5,26,12,298,50.0,D
3,214,145.4,19,12,320,71.4,D
7,101,358.1,8,12,348,52.2,N
2,58,292.7,10,7,301,22.6,N
4,232,368.5,7,9,124,69.7,N
8,237,420.6,23,3,315,47.6,N
4,145,467.3,10,2,107,44.9,D
3,27,459.8,24,6,268,33.1,N
5,128,392.8,10,12,312,83.9,N
9,226,581.2,28,3,255,27.3,N
1,210,367.4,17,5,270,57.4,N
9,126,75.3,22,1,145,64.5,N
1,201,545.2,24,10,275,55.7,T
8,14,211.6,6,4,104,42.9,N
1,114,387.6,9,12,107,78.0,D
5,199,10.6,26,10,319,79.5,N
8,196,307.9,9,11,336,56.9,D
4,213,182.6,6,11,162,34.3,N
5,179,154.2,11,3,343,36.2,T
1,182,115.3,19,9,204,85.1,D
8,15,179.7,2,6,238,54.8,T
4,236,404.8,14,6,231,68.8,D
2,100,380.6,29,6,222,52.5,N
6,236,563.8,27,5,182,54.7,D
6,96,85.4,10,1,193,85.3,T
9,102,104.1,10,9,228,96.3,T
8,227,543.8,18,7,277,43.5,D
9,243,164.5,25,9,289,22.2,T
3,181,307.5,12,4,133,85.7,D
9,47,343.3,26,2,120,75.1,N
3,201,146.9,19,8,223,27.3,D
5,55,180.1,8,5,233,89.6,N
9,232,111.2,23,7,296,24.7,D
5,244,237.6,25,11,188,22.7,T
4,96,87.4,26,8,321,69.4,D
1,17,234.2,24,7,225,35.5,D
3,109,60.7,22,11,282,79.2,N
6,160,116.5,6,11,256,88.0,N
5,203,200.6,10,6,132,36.7,N
2,200,595.8,3,6,308,69.7,D
7,165,43.2,21,2,276,20.5,T
3,111,217.4,31,5,161,69.6,T
5,129,38.4,1,8,136,91.8,D
6,123,397.1,6,5,83,72.0,D
7,82,364.6,11,2,109,20.2,N
7,223,24.2,7,6,99,34.0,N
4,93,247.4,24,9,151,83.4,D
7,181,513.8,30,9,313,30.5,D
5,143,474.8,14,9,221,41.5,T
3,88,522.7,2,2,87,42.8,T
5,154,163.1,29,6,173,65.9,D
7,146,450.9,18,11,266,68.3,D
2,222,156.6,5,9,98,36.2,T
7,159,189.6,11,2,200,47.2,N
4,69,436.4,26,11,68,75.7,D
9,175,308.1,11,8,155,89.3,D
5,211,199.8,25,1,218,67.7,T
2,144,573.9,14,3,202,30.3,D
3,187,199.3,11,11,346,45.8,N
9,219,437.2,10,4,330,26.0,D
3,160,453.5,10,4,137,47.5,T
8,189,300.8,2,3,116,56.4,D
8,241,232.9,10,12,145,25.0,D
4,73,353.2,16,2,177,71.0,N
1,150,203.0,3,6,79,39.0,D
7,158,355.9,3,5,233,43.2,D
1,150,535.8,6,2,268,23.2,D
7,86,339.8,18,7,91,33.0,N
2,41,186.6,19,12,222,97.7,D
4,66,378.0,4,11,109,79.6,T
6,18,362.2,8,5,153,82.4,D
6,219,235.7,18,2,70,27.8,D
5,84,376.2,28,6,173,41.4,D
6,158,385.2,30,7,103,50.2,D
1,163,501.3,6,9,227,29.4,D
3,140,238.9,8,2,265,33.4,T
1,121,549.4,23,6,337,49.7,T
3,86,299.7,3,12,210,50.3,D
8,168,30.6,15,5,253,24.3,N
5,98,213.8,14,9,210,81.0,N
5,217,262.5,26,8,158,91.1,T
7,236,507.1,24,4,286,63.2,T
3,230,267.5,22,1,336,43.4,D
3,163,366.6,23,9,332,61.8,D
2,161,40.7,19,5,255,20.5,T
5,80,412.8,10,10,125,41.8,D
1,73,289.1,29,1,332,97.7,T
2,59,116.2,30,5,248,98.9,D
7,83,322.2,7,7,280,87.6,D
5,129,455.4,2,10,95,94.4,N
9,218,509.5,13,1,76,29.4,N
1,63,548.4,27,11,162,57.9,N
5,127,298.7,13,1,88,64.5,N
2,70,138.5,23,11,164,77.9,T
6,26,431.8,12,6,209,30.1,N
5,128,442.1,11,7,316,95.9,T
3,31,101.9,18,11,85,80.0,T
1,237,93.6,2,6,258,99.2,N
7,61,124.9,8,3,266,90.6,T
1,232,248.1,27,4,211,65.1,D
1,175,579.1,27,9,287,79.0,N
3,205,199.8,16,12,352,42.5,D
6,15,131.4,1,1,288,73.6,N
7,203,546.0,30,10,110,94.0,T
7,128,444.7,4,3,133,37.8,N
1,10,497.9,9,6,217,33.5,N
1,237,526.2,7,4,352,42.7,D
9,182,302.0,20,2,110,34.8,N
8,224,581.0,20,1,343,77.6,T
3,189,112.4,5,8,149,42.7,T
9,123,215.2,13,10,199,71.5,N
8,217,241.0,14,8,185,95.2,D
8,199,270.4,6,2,109,49.0,T
4,56,245.3,16,3,326,95.7,D
9,73,161.2,8,3,186,83.3,D
2,117,519.1,8,9,127,22.3,T
6,81,426.0,22,11,146,50.2,N
9,47,459.5,7,12,332,52.0,D
9,148,411.5,28,4,316,22.7,N
6,47,51.3,8,11,140,62.8,N
6,210,325.0,28,8,164,28.1,T
5,93,109.9,10,1,301,43.4,D
9,20,273.5,1,9,221,25.9,N
3,181,256.6,14,11,164,76.9,T
5,194,81.9,14,4,209,28.0,T
7,21,83.5,23,5,92,47.8,D
5,148,339.9,10,4,119,74.6,N
8,213,319.7,11,9,105,91.6,N
7,194,301.8,20,7,222,37.7,N
2,109,422.5,3,3,140,34.3,D
9,140,459.7,13,12,63,83.5,T
2,177,177.8,24,9,351,41.6,N
7,73,116.9,10,8,300,85.1,D
2,105,227.5,24,11,96,91.1,T
9,189,289.0,1,11,350,29.6,D
9,152,16.5,1,2,73,23.8,D
7,153,516.3,23,6,179,40.4,T
2,91,303.8,6,10,149,86.0,D
3,111,74.3,21,1,331,59.5,T
3,208,580.6,20,3,134,51.6,T
8,76,97.7,15,7,185,32.5,D
8,15,66.2,1,4,351,37.7,N
3,230,386.0,9,11,175,20.1,N
9,148,23.5,27,12,89,98.2,D
1,91,270.3,26,1,154,28.9,N
3,112,310.5,26,11,262,93.4,D
8,153,259.6,28,12,198,94.2,N
4,53,500.4,30,3,311,89.0,T
1,12,257.0,26,11,117,89.0,N
8,223,143.9,1,10,253,95.0,N
4,56,220.8,1,2,89,20.9,N
1,35,466.3,15,4,134,36.4,T
6,82,276.2,15,10,138,30.5,N
8,110,424.6,17,9,297,40.3,T
9,138,454.5,22,8,337,52.8,D
6,146,246.2,11,12,153,46.1,T
1,238,170.3,1,5,101,84.0,T
3,13,336.4,15,1,231,40.9,T
5,87,462.8,12,6,234,24.4,N
4,185,149.0,20,1,306,62.0,N
9,73,210.8,23,7,199,52.0,T
1,144,473.5,17,8,201,69.0,D
8,183,43.0,28,7,101,42.6,T
8,232,415.7,3,6,269,67.6,T
1,246,520.9,26,6,311,61.5,T
2,167,587.8,26,4,307,59.7,T
1,16,541.9,26,5,102,54.2,D
3,160,309.7,24,11,122,50.3,D
4,73,270.3,3,10,250,23.3,T
1,247,198.7,17,3,344,52.0,D
2,195,590.6,1,5,93,85.0,D
9,237,308.6,12,12,97,66.4,D
7,241,425.0,25,10,77,67.0,T
5,150,497.5,14,8,229,41.8,D
2,160,15.5,3,9,98,91.8,T
7,14,455.4,12,12,322,91.6,N
5,103,13.2,30,12,228,78.4,T
2,145,44.8,12,5,77,70.2,T
4,146,183.9,16,9,274,37.4,N
7,11,176.9,25,12,181,27.1,T
8,212,121.0,3,7,100,64.2,N
2,31,358.6,18,4,306,66.0,D
1,69,335.2,17,3,235,92.5,T
1,127,437.4,20,8,348,80.3,N
7,178,433.5,18,6,340,23.8,N
2,200,146.1,7,11,205,45.6,N
2,21,131.0,18,7,291,77.9,N
6,50,378.6,16,7,126,50.4,N
4,141,364.5,23,10,90,41.9,T
8,203,321.2,12,3,186,36.0,N
1,10,205.8,26,9,72,52.4,D
9,129,181.3,21,12,106,75.8,N
8,79,82.2,11,2,140,29.8,T
7,134,250.0,25,4,68,59.8,D
2,50,371.0,3,4,305,68.8,T
5,238,414.0,28,4,356,57.2,T
5,235,393.9,17,7,262,74.4,D
8,157,145.6,24,11,250,75.8,N
2,59,591.2,11,10,318,47.6,D
5,176,379.9,6,10,215,41.4,N
9,205,370.1,15,7,271,42.7,T
3,92,382.7,15,2,180,80.1,N
2,103,410.5,29,7,100,42.2,N
6,63,80.9,19,9,358,31.6,N
9,85,376.9,31,8,272,85.4,N
4,84,422.2,6,10,139,78.8,T
5,33,246.2,5,6,74,58.7,T
5,233,143.1,13,2,263,64.3,N
7,175,556.2,22,11,332,94.0,T
1,25,194.4,12,11,276,71.8,N
2,224,164.2,26,5,196,54.5,D
2,163,196.5,15,6,128,94.6,D
7,222,558.1,20,11,194,30.1,D
8,247,189.0,12,11,310,49.1,D
4,35,55.4,1,5,348,52.7,T
3,207,105.9,5,10,118,56.4,T
6,57,208.3,2,10,313,71.6,T
5,38,341.0,14,12,242,89.1,D
1,23,338.7,8,9,281,95.7,N
9,32,96.5,6,12,101,29.5,T
2,171,542.5,20,7,319,65.4,N
9,170,22.2,3,5,241,22.2,D
3,116,299.5,5,10,166,84.0,N
5,188,50.2,5,7,179,99.7,D
9,187,452.7,2,2,156,70.7,D
6,25,313.7,13,7,301,36.1,T
2,99,304.5,10,6,205,38.8,N
3,66,95.4,1,7,123,35.3,N
4,157,122.7,2,3,228,40.9,D
2,63,154.6,11,1,189,69.9,N
6,28,88.0,13,4,312,92.7,D
9,246,186.4,11,5,232,61.7,D
3,188,337.9,10,11,149,85.4,T
2,228,229.4,12,6,94,78.5,N
9,212,387.2,4,2,98,71.8,N
5,118,461.2,9,2,91,97.1,T
3,197,492.0,8,9,238,65.8,N
1,131,493.2,4,7,79,94.0,N
7,170,312.9,6,4,308,95.4,N
2,47,385.4,31,1,205,24.7,D
7,129,78.9,29,12,240,30.7,D
8,130,143.0,13,11,281,88.2,D
5,82,587.7,5,5,214,24.8,N
7,208,118.0,31,12,228,66.3,D
3,82,183.1,5,8,75,33.1,N
3,221,191.8,14,2,238,30.9,D
2,169,364.6,10,11,101,45.5,D
2,243,85.0,11,4,124,40.1,D
5,197,536.2,25,12,75,71.4,N
6,106,335.1,28,6,66,30.1,T
1,127,191.7,10,2,308,54.0,N
8,95,492.9,16,8,316,87.9,T
8,174,475.3,3,9,135,35.3,D
9,87,250.9,16,2,318,29.4,N
9,48,70.4,3,3,327,63.4,D
3,98,151.4,12,10,143,71.9,N
9,15,566.7,22,5,348,32.6,T
9,62,590.5,3,3,93,70.9,T
3,52,28.8,18,11,359,77.1,T
1,61,448.2,16,9,101,91.7,T
8,112,119.4,25,1,103,35.2,D
8,32,17.4,19,7,272,39.9,D
1,83,389.4,15,2,350,96.7,N
9,163,213.7,22,5,98,56.3,D
7,29,572.5,23,10,332,52.2,D
3,200,122.9,11,11,359,54.5,T
9,54,10.7,22,11,75,83.6,D
2,97,570.3,2,11,227,96.6,D
8,98,105.2,25,11,197,46.8,D
4,119,45.8,7,8,159,71.5,D
8,166,165.1,30,9,203,53.3,D
4,119,539.5,19,10,115,34.0,N
8,194,586.4,28,6,178,47.6,T
3,129,198.0,13,4,345,29.8,N
3,176,107.4,28,10,136,74.9,D
8,178,471.0,4,4,106,98.3,D
8,108,233.4,21,8,280,42.0,D
6,195,230.2,30,3,92,84.2,N
6,148,79.5,28,12,266,84.0,N
3,90,539.5,20,2,128,28.0,N
2,199,565.3,24,9,213,20.4,D
5,128,409.0,15,2,163,34.2,T
3,182,519.8,21,6,98,28.7,N
7,143,307.5,11,2,310,27.1,N
7,67,395.4,8,9,236,50.2,D
6,119,212.5,5,9,77,68.2,N
7,122,476.6,21,4,165,98.3,T
3,64,101.6,23,7,83,87.2,N
1,177,196.5,8,9,178,65.5,T
5,24,593.3,4,7,315,41.7,N
2,104,64.6,9,2,278,68.6,T
5,182,459.2,13,1,82,98.7,D
9,232,532.8,2,2,83,60.8,D
9,166,147.2,20,6,287,85.0,D
1,154,299.6,27,5,327,22.8,T
8,125,332.5,27,6,136,25.3,D
2,17,392.7,16,5,75,52.0,T
2,137,166.6,24,10,166,45.5,T
2,26,152.1,3,4,261,35.3,N
5,180,375.5,7,2,206,40.1,D
7,47,498.7,8,5,227,31.4,T
2,218,36.3,9,11,91,61.8,T
7,130,352.9,6,6,307,53.6,N
4,125,477.1,22,4,350,35.2,T
9,152,118.2,7,9,286,51.7,D
2,152,175.9,20,10,306,36.9,T
2,183,293.9,29,4,311,71.7,N
1,149,64.3,25,6,153,94.9,N
4,108,389.0,3,8,170,95.6,D
4,163,240.7,3,5,131,47.4,N
5,189,176.1,13,8,143,31.6,T
4,97,185.1,26,6,312,84.3,N
3,134,434.4,26,9,137,63.6,T
2,26,444.9,7,6,111,60.3,N
3,54,599.5,15,1,268,28.9,N
8,198,350.4,31,12,280,22.0,T
8,194,395.7,30,10,107,53.8,D
8,95,581.9,9,6,225,83.8,N
5,47,485.0,1,4,311,62.5,T
1,76,242.6,26,9,317,81.9,D
4,142,530.7,27,1,344,30.1,D
2,69,54.3,5,8,190,64.3,N
7,47,137.3,10,5,338,98.8,D
1,150,229.7,13,3,184,99.2,T
6,222,240.1,13,2,228,57.0,D
2,88,343.2,19,9,360,50.7,D
5,91,350.6,29,10,315,85.1,T
5,239,229.2,1,12,295,88.6,T
5,156,276.1,15,1,238,64.0,N
5,242,272.3,20,6,96,57.2,T
5,229,167.9,14,7,192,82.1,N
9,166,401.5,29,9,117,82.1,D
2,159,101.0,17,11,244,79.0,T
7,189,231.9,12,6,197,58.0,D
9,46,504.2,17,10,307,97.8,T
7,220,74.8,14,8,91,96.2,N
4,84,466.4,26,8,166,30.5,D
7,196,217.6,21,6,101,69.6,N
1,207,134.5,21,3,125,25.4,T
6,181,199.2,5,12,181,76.5,N
4,106,213.7,12,7,93,83.0,D
4,18,353.9,6,3,116,76.8,T
4,155,239.7,7,2,150,22.6,T
9,205,112.5,3,7,144,20.1,T
5,157,402.4,8,3,335,45.9,N
9,220,378.4,24,1,327,77.4,N
2,123,398.2,9,2,307,88.9,N
8,162,217.5,20,8,260,83.2,T
6,71,240.4,6,11,170,93.3,D
3,183,43.3,3,12,360,26.4,N
4,249,246.9,30,1,310,51.8,N
9,209,394.3,7,4,330,91.5,D
7,243,164.9,11,4,349,53.3,N
4,199,368.0,21,4,315,63.8,N
4,155,271.4,4,2,60,24.3,D
9,156,80.6,27,3,89,78.3,T
5,132,351.4,1,1,238,20.2,D
6,99,430.3,4,11,277,79.7,N
6,139,502.0,15,10,190,44.6,T
2,64,489.2,30,4,62,39.2,N
8,66,55.5,14,1,139,57.1,T
7,68,32.7,22,8,225,70.7,T
6,31,441.4,27,2,223,91.0,T
2,241,11.1,23,12,313,21.0,N
8,30,305.8,1,2,85,89.8,D
6,172,47.2,19,8,184,27.5,N
4,149,54.4,3,10,74,99.7,T
8,145,108.3,9,7,95,78.1,T
6,59,106.0,1,9,330,36.3,N
5,20,102.7,25,4,117,37.6,D
9,240,399.6,30,12,352,32.8,D
6,28,145.1,29,9,172,52.3,T
6,150,518.6,12,6,144,24.7,N
5,74,435.3,10,9,268,26.4,N
6,192,463.9,24,3,135,40.7,D
7,19,145.6,26,3,158,30.4,D
3,61,306.7,30,3,303,50.0,D
8,81,279.1,19,7,232,67.5,N
1,51,452.0,18,3,201,88.4,D
9,121,344.3,8,3,215,86.8,N
7,142,461.0,26,12,266,89.7,T
3,85,157.1,11,3,84,78.7,D
8,172,185.3,26,9,247,36.9,T
9,236,427.0,6,3,298,93.0,T
2,79,497.8,15,3,247,35.2,T
7,180,242.5,14,8,288,20.7,N
5,201,383.8,4,9,109,26.2,T
5,126,302.9,31,10,307,29.0,D
1,241,537.6,4,11,191,48.5,N
8,220,447.7,21,9,353,34.9,N
9,18,403.2,19,4,252,67.9,N
2,84,212.8,17,10,353,42.6,N
5,19,62.1,1,2,332,78.0,N
6,43,343.3,24,4,285,95.7,D
6,34,415.5,8,9,123,77.0,T
3,230,255.5,17,6,315,20.7,T
5,81,266.1,29,7,208,71.7,D
2,36,64.2,12,12,326,80.3,T
6,24,510.6,24,8,279,42.6,N
3,82,440.5,6,9,333,36.1,N
9,186,494.7,5,12,93,63.1,T
9,126,582.4,24,7,101,95.7,N
6,92,55.3,20,7,132,80.3,D
8,139,591.9,26,2,195,46.1,T
7,88,513.9,11,8,71,90.0,D
6,200,195.7,16,9,198,96.0,T
6,111,73.3,18,12,249,46.7,T
8,145,250.6,16,7,239,27.1,D
7,163,277.9,23,10,268,39.1,D
1,182,241.9,6,1,224,45.1,T
7,244,163.4,21,3,320,81.7,T
7,151,541.2,10,6,320,42.5,D
9,236,563.4,30,9,116,92.6,D
3,36,269.9,20,5,320,76.1,T
6,219,414.9,13,6,63,73.3,T
8,15,564.7,12,8,144,98.0,T
3,211,28.8,14,5,277,66.3,T
4,234,524.2,30,10,164,72.8,T
7,75,472.5,16,12,73,52.6,T
1,234,532.8,5,4,251,61.3,T
2,94,152.5,31,7,334,26.3,T
4,17,295.5,2,8,243,63.6,D
6,190,452.3,19,9,300,48.5,D
5,224,144.8,28,4,108,92.6,T
6,16,56.4,23,12,160,22.3,T
7,120,480.5,17,11,318,79.4,N
1,218,14.2,10,11,181,82.1,T
3,218,163.3,8,4,158,53.6,T
8,139,217.4,21,7,106,47.8,N
6,59,338.9,24,8,283,54.9,N
2,70,240.3,16,11,96,99.7,T
7,138,135.4,19,10,150,57.3,D
3,103,371.4,29,1,311,79.7,N
1,132,396.1,20,7,78,89.2,D
6,167,139.2,30,4,160,73.7,N
9,122,353.5,2,6,202,82.4,T
2,109,490.0,17,10,92,55.1,T
8,178,211.6,16,7,109,61.1,T
8,25,236.0,17,7,348,88.2,T
5,203,228.9,19,7,74,36.0,N
2,213,54.2,14,1,153,53.4,D
2,86,571.3,8,8,292,42.4,D
9,208,128.4,15,5,337,21.5,N
1,34,403.6,13,1,198,53.2,T
2,78,337.4,20,5,249,40.4,T
4,250,147.8,5,6,248,80.8,T
5,174,321.5,17,3,97,25.9,D
4,47,207.5,29,10,180,90.4,D
5,58,299.0,3,10,201,41.8,N
1,103,554.0,14,6,158,68.4,D
3,62,421.9,8,9,179,99.7,T
5,15,141.0,27,1,349,70.2,N
2,12,377.3,21,2,217,66.3,T
8,219,286.5,15,8,182,72.8,N
9,105,403.2,11,8,165,28.5,N
5,176,535.2,24,6,275,74.2,N
4,226,219.4,25,1,143,91.2,T
2,68,404.0,12,7,180,81.4,D
6,231,453.5,9,3,252,81.9,T
3,62,391.6,28,1,308,21.9,T
2,227,462.7,15,10,272,69.3,N
1,216,458.2,31,8,65,21.0,T
5,246,314.3,2,1,97,34.0,D
5,84,18.5,15,4,275,58.6,N
1,91,26.0,26,9,323,46.8,D
3,32,522.5,15,9,92,55.5,N
6,110,105.7,2,8,257,79.0,T
8,152,322.4,27,12,265,93.8,T
8,203,564.7,30,12,229,77.5,T
9,207,291.3,23,2,280,55.3,T
8,36,433.2,22,1,161,61.7,D
6,157,291.7,22,9,113,36.2,N
1,173,254.8,26,3,208,85.0,N
1,221,215.5,18,2,68,42.1,T
1,79,83.3,19,12,325,82.3,D
9,218,245.9,7,7,354,65.2,T
4,161,367.4,7,6,173,65.4,T
6,104,68.5,9,2,113,71.6,T
4,168,257.5,10,12,118,43.9,T
7,22,127.7,8,2,243,90.6,N
8,227,321.5,23,7,162,94.3,N
8,196,257.9,10,10,192,86.4,N
3,140,31.4,20,8,126,90.4,T
4,151,200.4,9,4,185,64.8,T
9,225,306.8,23,12,329,51.1,N
1,107,320.2,7,8,286,51.3,N
8,206,382.1,8,8,326,67.6,D
6,159,599.3,24,12,238,35.1,D
8,103,59.1,4,7,123,23.6,N
3,12,587.2,8,2,215,98.1,N
7,183,199.9,9,8,79,27.5,D
8,132,99.9,1,5,162,76.5,N
3,93,308.7,27,7,77,25.0,N
6,109,453.2,15,8,235,92.0,D
6,143,77.4,10,1,165,98.2,N
4,122,363.5,7,4,81,48.1,N
4,10,126.5,20,3,250,58.5,T
8,137,114.8,3,10,110,37.1,T
6,19,74.3,14,1,335,21.0,N
6,117,591.8,25,11,211,95.4,D
8,49,309.4,14,6,60,43.3,D
2,210,155.5,23,8,320,39.9,T
